neuron_id,node_id,post_post,post_pre,pre_post,pre_pre
720575940596125868,0,0.3604285921399446,0.5547108097023536,0.5547108097023536,0.3604285921399446
720575940596125868,5,,,,
720575940596125868,9,1.0,,,
720575940596125868,10,,,,
720575940596125868,21,1.0,0.0,0.0,1.0
720575940596125868,43,,,,
720575940596125868,44,-0.06066017177982119,0.397747564417433,0.397747564417433,1.0
720575940596125868,51,-0.15470053837925146,0.6254627916220945,0.6254627916220945,1.0
720575940596125868,52,1.0,,,
720575940596125868,55,1.0,,,
720575940596125868,58,,,,
720575940596125868,62,1.0,,,
720575940596125868,67,1.0,,,
720575940596125868,71,1.0,,,
720575940596125868,81,0.3393435521023348,0.466588616327726,0.466588616327726,0.3393435521023348
720575940596125868,88,0.2732779073125683,0.5431490640658668,0.5431490640658668,0.2732779073125683
720575940596125868,97,0.19639729989039123,0.6269177314471166,0.6269177314471166,0.19639729989039123
720575940596125868,104,1.0,,,
720575940596125868,116,1.0,,,
720575940596125868,118,1.0,,,
720575940596125868,123,1.0,1.0,1.0,1.0
720575940596125868,124,1.0,,,
720575940596125868,128,,,,
720575940596125868,137,,,,
720575940596125868,144,1.0,,,
720575940596125868,145,1.0,,,
720575940596125868,152,,,,
720575940596125868,153,,,,
720575940596125868,155,1.0,,,
720575940596125868,158,0.24342105263157898,0.6392501027960527,0.6392501027960527,0.24342105263157898
720575940596125868,159,,,,
720575940596125868,160,,,,
720575940596125868,163,1.0,,,
720575940596125868,164,1.0,,,
720575940596125868,165,1.0,,,
720575940596125868,168,0.18977347989041415,0.6896899800440404,0.6896899800440404,0.18977347989041415
720575940596125868,172,0.5285954792089683,0.41247895569215265,0.41247895569215265,1.0
720575940596125868,185,0.1240490161305825,0.7168712137194345,0.7168712137194345,0.1240490161305825
720575940596125868,192,,,,
720575940596125868,196,0.2783121635129677,0.6540296018163729,0.6540296018163729,1.0
720575940596125868,200,0.09999999999999987,0.8343750000000001,0.8343750000000001,1.0
720575940596125868,203,-0.049781318335647695,0.9882706942144183,0.9882706942144183,1.0
720575940596125868,206,,,,
720575940596125868,219,,,,
720575940596125868,230,-0.14819831692961483,1.0351725451068559,1.0351725451068559,1.0
720575940596125868,231,0.11415683494001183,0.7309693444361678,0.7309693444361678,0.11415683494001183
720575940596125868,234,1.0,,,
720575940596125868,239,1.0,,,
720575940596125868,247,1.0,,,
720575940596125868,252,1.0,,,
720575940596125868,254,,,,
720575940596125868,257,1.0,,,
720575940596125868,261,1.0,,,
720575940596125868,270,0.08526374061021047,0.7523340970486959,0.7523340970486959,0.08526374061021047
720575940596125868,271,1.0,,,
720575940596125868,273,1.0,,,
720575940596125868,274,,,,
720575940596125868,276,1.0,,,
720575940596125868,283,1.0,,,
720575940596125868,284,1.0,,,
720575940596125868,288,,,,
720575940596125868,289,1.0,,,
720575940596125868,304,1.0,,,
720575940596125868,305,1.0,,,
720575940596125868,322,1.0,,,
720575940596125868,327,1.0,,,
720575940596125868,328,1.0,,,
720575940596125868,331,1.0,,,
720575940596125868,332,1.0,,,
720575940596125868,333,,,,
720575940596125868,334,,,,
720575940596125868,335,1.0,,,
720575940596125868,336,,,,
720575940596125868,339,1.0,,,
720575940596125868,347,,,,
720575940596125868,350,0.041293763940786876,0.7685495320706439,0.7685495320706439,0.041293763940786876
720575940596125868,360,1.0,,,
720575940596125868,366,0.013776421589876908,0.7828468257858109,0.7828468257858109,0.013776421589876908
720575940596125868,369,1.0,,,
720575940596125868,371,1.0,,,
720575940596125868,373,,,,
720575940596125868,376,1.0,,,
720575940596125868,386,1.0,,,
720575940596125868,387,1.0,,,
720575940596125868,389,,,,
720575940596125868,396,0.744449374000024,0.24956115820310154,0.24956115820310154,1.0
720575940596125868,404,,,,
720575940596125868,405,,,,
720575940596125868,411,1.0,,,
720575940596125868,412,0.6752404735808355,0.3190508628688276,0.3190508628688276,0.6752404735808355
720575940596125868,417,1.0,,,
720575940596125868,421,1.0,,,
720575940596125868,426,,,,
720575940596125868,435,1.0,,,
720575940596125868,437,0.636303516273346,0.35872407086320357,0.35872407086320357,0.636303516273346
720575940596125868,438,1.0,,,
720575940596125868,439,1.0,,,
720575940596125868,440,1.0,,,
720575940596125868,441,1.0,0.5625,0.5625,1.0
720575940596125868,449,0.5509268804897507,0.4441394548671924,0.4441394548671924,0.5509268804897507
720575940596125868,455,1.0,,,
720575940596125868,457,1.0,0.7660323462854264,0.7660323462854264,0.057190958417936644
720575940596125868,464,,,,
720575940596125868,465,,,,
720575940596125868,470,0.23453445538025686,0.6538351526960307,0.6538351526960307,0.23453445538025686
720575940596125868,475,1.0,,,
720575940596125868,478,,,,
720575940596125868,481,-0.013006553443086544,0.8050081971467115,0.8050081971467115,-0.013006553443086544
720575940596125868,486,0.15147186257614287,0.749091246319499,0.749091246319499,0.15147186257614287
720575940596125868,488,1.0,,,
720575940596125868,492,0.0776690157842228,0.8329801701198737,0.8329801701198737,0.0776690157842228
720575940596125868,508,,,,
720575940596125868,509,0.47513611891852203,0.5200970509114997,0.5200970509114997,0.47513611891852203
720575940596125868,510,0.40663389603607003,0.5888028636624495,0.5888028636624495,0.40663389603607003
720575940596125868,512,1.0,,,
720575940596125868,515,,,,
720575940596125868,520,1.0,,,
720575940596125868,521,0.10338355508638819,0.7463742202682414,0.7463742202682414,0.10338355508638819
720575940596125868,522,0.010256681389213096,0.9085534370059959,0.9085534370059959,0.010256681389213096
720575940596125868,523,1.0,,,
720575940596125868,524,,,,
720575940596125868,525,0.14149647532069354,0.7112927144251794,0.7112927144251794,0.14149647532069354
720575940596125868,527,0.40403228712211303,0.59200803621413,0.59200803621413,0.40403228712211303
720575940596125868,532,0.8861111111111111,0.08621663694028502,0.08621663694028502,1.0
720575940596125868,537,-0.052341140030170985,0.9777611596820506,0.9777611596820506,-0.052341140030170985
720575940596125868,542,1.0,,,
720575940596125868,552,1.0,,,
720575940596125868,563,0.12868298987771887,0.7223035980320125,0.7223035980320125,0.12868298987771887
720575940596125868,564,1.0,,,
720575940596125868,569,1.0,,,
720575940596125868,574,,,,
720575940596125868,584,,,,
720575940596125868,589,1.0,,,
720575940596125868,593,1.0,,,
720575940596125868,599,,,,
720575940596125868,600,0.7783783783783784,0.15353238904798353,0.15353238904798353,1.0
720575940596125868,602,1.0,,,
720575940596125868,612,1.0,,,
720575940596125868,622,0.6743152327648265,0.23881293971374346,0.23881293971374346,1.0
720575940596125868,623,1.0,,,
720575940596125868,627,0.13457123797001036,0.719721497109503,0.719721497109503,0.13457123797001036
720575940596125868,628,1.0,,,
720575940596125868,630,,,,
720575940596125868,631,,,,
720575940596125868,632,,,,
720575940596125868,634,,,,
720575940596125868,648,1.0,,,
720575940596125868,649,1.0,,,
720575940596125868,658,,,,
720575940596125868,660,1.0,,,
720575940596125868,663,1.0,,,
720575940596125868,664,1.0,,,
720575940596125868,665,1.0,,,
720575940596125868,667,,,,
720575940596125868,677,0.5766098025942744,0.30239800634096553,0.30239800634096553,1.0
720575940596125868,678,0.5669872981077807,0.3247595264191645,0.3247595264191645,1.0
720575940596125868,687,,,,
720575940596125868,689,0.18444064548222083,0.6720341875395077,0.6720341875395077,0.18444064548222083
720575940596125868,690,0.5005687861969272,0.3770047111494516,0.3770047111494516,0.5005687861969272
720575940596125868,693,0.5050252531694166,0.3918550079075451,0.3918550079075451,0.5050252531694166
720575940596125868,712,0.4804951848618192,0.38292536283834894,0.38292536283834894,1.0
720575940596125868,716,,,,
720575940596125868,717,1.0,,,
720575940596125868,719,0.42264973081037427,0.48112522432468807,0.48112522432468807,0.42264973081037427
720575940596125868,721,1.0,,,
720575940596125868,723,1.0,,,
720575940596125868,730,1.0,,,
720575940596125868,734,0.36112343500006017,0.5545803515624479,0.5545803515624479,0.36112343500006017
720575940596125868,739,1.0,,,
720575940596125868,748,,,,
720575940596125868,749,0.3112579699144129,0.5017747661478112,0.5017747661478112,1.0
720575940596125868,750,,,,
720575940596125868,758,0.2572953936815835,0.5978625276996872,0.5978625276996872,0.2572953936815835
720575940596125868,761,1.0,,,
720575940596125868,764,1.0,,,
720575940596125868,765,1.0,,,
720575940596125868,769,1.0,,,
720575940596125868,770,0.29832325076523547,0.625661768067665,0.625661768067665,0.29832325076523547
720575940596125868,777,1.0,,,
720575940596125868,778,0.4536097785899915,0.4083673335074884,0.4083673335074884,0.4536097785899915
720575940596125868,785,,,,
720575940596125868,786,,,,
720575940596125868,788,0.38770919763599476,0.455306813953815,0.455306813953815,1.0
720575940596125868,797,,,,
720575940596125868,800,1.0,,,
720575940596125868,805,1.0,,,
720575940596125868,809,,,,
720575940596125868,812,,,,
720575940596125868,835,,,,
720575940596125868,836,,,,
720575940596125868,843,1.0,,,
720575940596125868,853,1.0,,,
720575940596125868,857,1.0,,,
720575940596125868,858,1.0,,,
720575940596125868,860,1.0,,,
720575940596125868,863,0.3238765962171868,0.6143019351498938,0.6143019351498938,0.3238765962171868
720575940596125868,869,,,,
720575940596125868,873,1.0,,,
720575940596125868,876,,,,
720575940596125868,883,1.0,,,
720575940596125868,885,1.0,,,
720575940596125868,886,-0.11111111111111116,1.0419379340277777,1.0419379340277777,-0.11111111111111116
720575940596125868,888,,,,
720575940596125868,889,0.453125,0.5037434895833333,0.5037434895833333,0.453125
720575940596125868,890,1.0,,,
720575940596125868,896,0.2919448986262628,0.5680676707487797,0.5680676707487797,0.2919448986262628
720575940596125868,916,,,,
720575940596125868,920,0.4979338842975206,0.46245480371900827,0.46245480371900827,0.4979338842975206
720575940596125868,932,,,,
720575940596125868,936,1.0,,,
720575940596125868,940,-0.023484568108881998,0.9667353695082268,0.9667353695082268,-0.023484568108881998
720575940596125868,941,,,,
720575940596125868,943,0.4701984383957022,0.49008943934342003,0.49008943934342003,0.4701984383957022
720575940596125868,948,0.7370524498280804,0.24364589894673475,0.24364589894673475,1.0
720575940596125868,950,1.0,,,
720575940596125868,953,,,,
720575940596125868,958,,,,
720575940596125868,960,1.0,,,
720575940596125868,963,0.805398297835792,0.1755553984150635,0.1755553984150635,1.0
720575940596125868,966,-0.04243798603682403,0.9643060373763493,0.9643060373763493,-0.04243798603682403
720575940596125868,967,1.0,,,
720575940596125868,968,1.0,,,
720575940596125868,969,1.0,,,
720575940596125868,976,0.4539629955246529,0.5078484552947699,0.5078484552947699,0.4539629955246529
720575940596125868,981,0.11847354612077077,0.8114245965406001,0.8114245965406001,0.11847354612077077
720575940596125868,982,1.0,,,
720575940596125868,985,0.2984453364003383,0.5603234265767012,0.5603234265767012,0.2984453364003383
720575940596125868,993,1.0,,,
720575940596125868,996,0.4302645539861222,0.5249844522014211,0.5249844522014211,0.4302645539861222
720575940596125868,997,,,,
720575940596125868,1004,1.0,,,
720575940596125868,1014,0.40785607262505563,0.5452648779696346,0.5452648779696346,0.40785607262505563
720575940596125868,1015,1.0,,,
720575940596125868,1017,0.0898301856746232,0.8343346747664468,0.8343346747664468,0.0898301856746232
720575940596125868,1018,1.0,,,
720575940596125868,1019,,,,
720575940596125868,1020,,,,
720575940596125868,1026,0.06213050341840021,0.8612255078050292,0.8612255078050292,0.06213050341840021
720575940596125868,1030,0.4106310415106941,0.5442190560380716,0.5442190560380716,0.4106310415106941
720575940596125868,1032,,,,
720575940596125868,1033,0.03528539763948979,0.889353283754249,0.889353283754249,0.03528539763948979
720575940596125868,1043,1.0,,,
720575940596125868,1045,,,,
720575940596125868,1046,0.009218389630699986,0.9175111010201104,0.9175111010201104,0.009218389630699986
720575940596125868,1053,1.0,,,
720575940596125868,1064,0.5170453955993208,0.33391783194890706,0.33391783194890706,0.5170453955993208
720575940596125868,1074,1.0,,,
720575940596125868,1088,1.0,,,
720575940596125868,1089,0.008317907114714695,0.92244402470441,0.92244402470441,0.008317907114714695
720575940596125868,1092,1.0,,,
720575940596125868,1095,0.31002113148135635,0.5434628296567403,0.5434628296567403,0.31002113148135635
720575940596125868,1099,,,,
720575940596125868,1101,1.0,,,
720575940596125868,1104,1.0,,,
720575940596125868,1105,,,,
720575940596125868,1110,0.7484423525312737,0.21225176505173787,0.21225176505173787,1.0
720575940596125868,1111,1.0,,,
720575940596125868,1122,-0.01815757997845524,0.9510965174416378,0.9510965174416378,-0.01815757997845524
720575940596125868,1123,,,,
720575940596125868,1129,0.5757575757575757,0.30934343434343436,0.30934343434343436,1.0
720575940596125868,1139,0.5580582617584078,0.3432209564353106,0.3432209564353106,0.5580582617584078
720575940596125868,1149,-0.04382145386054792,0.9788140034685278,0.9788140034685278,-0.04382145386054792
720575940596125868,1161,-0.06875000000000009,1.0056565523147583,1.0056565523147583,-0.06875000000000009
720575940596125868,1163,-0.09300808170235708,1.031691037410961,1.031691037410961,-0.09300808170235708
720575940596125868,1166,-0.11665137855878016,1.0569823203161144,1.0569823203161144,-0.11665137855878016
720575940596125868,1168,,,,
720575940596125868,1172,,,,
720575940596125868,1193,-0.09523809523809512,0.9941794607374402,0.9941794607374402,-0.09523809523809512
720575940596125868,1205,0.41326387092260986,0.5439373700960235,0.5439373700960235,0.41326387092260986
720575940596125868,1206,-0.10344827586206895,0.9943782969605116,0.9943782969605116,-0.10344827586206895
720575940596125868,1211,-0.12268279877562338,1.010536109962555,1.010536109962555,-0.12268279877562338
720575940596125868,1216,1.0,,,
720575940596125868,1219,-0.14155877390078242,1.0291678087852614,1.0291678087852614,-0.14155877390078242
720575940596125868,1228,-0.16009706288417958,1.048768233604154,1.048768233604154,-0.16009706288417958
720575940596125868,1229,0.39525684318523646,0.56297864987673,0.56297864987673,0.39525684318523646
720575940596125868,1238,0.3990525094992434,0.5616950485531123,0.5616950485531123,0.3990525094992434
720575940596125868,1239,-0.17831649061961108,1.0686200558969627,1.0686200558969627,-0.17831649061961108
720575940596125868,1241,0.3829568998035876,0.5788856328659868,0.5788856328659868,0.3829568998035876
720575940596125868,1243,,,,
720575940596125868,1250,0.3523742558080232,0.6115161946341433,0.6115161946341433,0.3523742558080232
720575940596125868,1251,0.36741484570320115,0.5954803870584997,0.5954803870584997,0.36741484570320115
720575940596125868,1260,0.1693692471168312,0.76844370340198,0.76844370340198,0.1693692471168312
720575940596125868,1265,0.30019134081721843,0.6508097856512255,0.6508097856512255,0.30019134081721843
720575940596125868,1266,0.17265859066302824,0.7644912843561964,0.7644912843561964,0.17265859066302824
720575940596125868,1267,-0.19623411876494612,1.0883874673958212,1.0883874673958212,-0.19623411876494612
720575940596125868,1268,0.30649142614396296,0.6462589165071053,0.6462589165071053,0.30649142614396296
720575940596125868,1269,0.16433644195875574,0.7740121451101993,0.7740121451101993,0.16433644195875574
720575940596125868,1274,0.3377902604684565,0.6270345866193824,0.6270345866193824,0.3377902604684565
720575940596125868,1275,0.2934328754822544,0.6558089894554833,0.6558089894554833,0.2934328754822544
720575940596125868,1276,0.2981593702380557,0.650328714184469,0.650328714184469,0.2981593702380557
720575940596125868,1281,0.3793522413926165,0.5891740368065586,0.5891740368065586,0.3793522413926165
720575940596125868,1284,,,,
720575940596125868,1289,1.0,,,
720575940596125868,1293,0.15953131733889636,0.7802496126135626,0.7802496126135626,0.15953131733889636
720575940596125868,1295,0.38152883452216724,0.5349686836273292,0.5349686836273292,0.38152883452216724
720575940596125868,1302,0.30278331122160373,0.6454328495905594,0.6454328495905594,0.30278331122160373
720575940596125868,1307,0.15651888478455533,0.7839044031423356,0.7839044031423356,0.15651888478455533
720575940596125868,1309,0.312418493050741,0.6369854110061791,0.6369854110061791,0.312418493050741
720575940596125868,1311,0.3448615801173395,0.6170706403281085,0.6170706403281085,0.3448615801173395
720575940596125868,1314,0.3547879198125313,0.6095105291346347,0.6095105291346347,0.3547879198125313
720575940596125868,1316,0.355397742880763,0.6129568929377375,0.6129568929377375,0.355397742880763
720575940596125868,1317,1.0,,,
720575940596125868,1319,0.32224098834261317,0.6306641256738087,0.6306641256738087,0.32224098834261317
720575940596125868,1324,0.3672192110501179,0.6009390683636375,0.6009390683636375,0.3672192110501179
720575940596125868,1330,0.15175472679617508,0.7891733499781334,0.7891733499781334,0.15175472679617508
720575940596125868,1332,,,,
720575940596125868,1337,0.1383209269770419,0.7914660694208104,0.7914660694208104,0.1383209269770419
720575940596125868,1339,,,,
720575940596125868,1340,0.14702019494910068,0.7944019230544803,0.7944019230544803,0.14702019494910068
720575940596125868,1341,0.14286790907432723,0.7882764601011597,0.7882764601011597,0.14286790907432723
720575940596125868,1343,0.12592607920736443,0.7993154118652824,0.7993154118652824,0.12592607920736443
720575940596125868,1348,0.12686080223806528,0.8023807633657827,0.8023807633657827,0.12686080223806528
720575940596125868,1355,0.12146240233995498,0.802154600335939,0.802154600335939,0.12146240233995498
720575940596125868,1361,0.12416804170851303,0.7995687640568295,0.7995687640568295,0.12416804170851303
720575940596125868,1362,0.1198707452454566,0.8039203875789539,0.8039203875789539,0.1198707452454566
720575940596125868,1364,0.12245231487802144,0.8022455481301164,0.8022455481301164,0.12245231487802144
720575940596125868,1407,1.0,,,
720575940596125868,1426,,,,
720575940596125868,1435,0.13051056222719626,0.7981957977775522,0.7981957977775522,0.13051056222719626
720575940596125868,1454,0.3721148870362533,0.5439156595778463,0.5439156595778463,0.3721148870362533
720575940596125868,1456,,,,
720575940596125868,1457,0.37440348839783066,0.5414662480836879,0.5414662480836879,0.37440348839783066
720575940596125868,1467,0.3698398473054998,0.5453490994771872,0.5453490994771872,0.3698398473054998
720575940596125868,1497,0.12880258006512146,0.7989190326409208,0.7989190326409208,0.12880258006512146
720575940596125868,1519,0.3767986013820849,0.5390205262181724,0.5390205262181724,0.3767986013820849
720575940596125868,1531,0.37920350518585566,0.5367621257532015,0.5367621257532015,0.37920350518585566
720575940596125868,1545,0.3674730684717402,0.5474131156744064,0.5474131156744064,0.3674730684717402
720575940596125868,1568,0.1269005844654133,0.7998122120025654,0.7998122120025654,0.1269005844654133
720575940596125868,1592,0.12478941214989914,0.8009048630922158,0.8009048630922158,0.12478941214989914
720575940596125868,1682,0.36511566548798513,0.5497421381070982,0.5497421381070982,0.36511566548798513
720575940596125868,1879,0.36276753922325256,0.5521976936155077,0.5521976936155077,0.36276753922325256
720575940597856265,0,0.26655200751483266,0.6138310233260387,0.6138310233260387,0.26655200751483266
720575940597856265,9,,,,
720575940597856265,18,,,,
720575940597856265,19,1.0,,,
720575940597856265,24,1.0,,,
720575940597856265,27,1.0,,,
720575940597856265,31,1.0,,,
720575940597856265,34,,,,
720575940597856265,35,,,,
720575940597856265,40,1.0,,,
720575940597856265,47,1.0,,,
720575940597856265,48,1.0,,,
720575940597856265,50,0.7594771535395828,0.18916119695584901,0.18916119695584901,1.0
720575940597856265,51,0.6659234476094695,0.28057210454673454,0.28057210454673454,0.6659234476094695
720575940597856265,52,0.5971362026412449,0.3526806767676255,0.3526806767676255,0.5971362026412449
720575940597856265,53,0.5706851685653105,0.38634142301471336,0.38634142301471336,0.5706851685653105
720575940597856265,54,0.5256583509747431,0.43509111283312785,0.43509111283312785,0.5256583509747431
720575940597856265,64,,,,
720575940597856265,66,0.4857974165029896,0.47817325208498845,0.47817325208498845,0.4857974165029896
720575940597856265,72,0.4396592091672469,0.526420421391415,0.526420421391415,0.4396592091672469
720575940597856265,73,1.0,,,
720575940597856265,81,0.3489407053668574,0.5450343308888081,0.5450343308888081,0.3489407053668574
720575940597856265,82,,,,
720575940597856265,83,,,,
720575940597856265,84,1.0,,,
720575940597856265,87,0.3148398402968512,0.5833882676396429,0.5833882676396429,0.3148398402968512
720575940597856265,88,0.31262690514059843,0.5841307026842371,0.5841307026842371,0.31262690514059843
720575940597856265,91,0.40397804367902046,0.5643273683421799,0.5643273683421799,0.40397804367902046
720575940597856265,104,0.38593358475905093,0.5036930410171391,0.5036930410171391,0.38593358475905093
720575940597856265,105,0.4255730420964473,0.45982672293443166,0.45982672293443166,0.4255730420964473
720575940597856265,108,,,,
720575940597856265,119,0.2834423532533401,0.6125676578574615,0.6125676578574615,0.2834423532533401
720575940597856265,122,0.6427827458441198,0.3246583898447973,0.3246583898447973,0.6427827458441198
720575940597856265,123,,,,
720575940597856265,124,0.417676768434608,0.4531527602778678,0.4531527602778678,0.417676768434608
720575940597856265,125,0.5256583509747431,0.35167986322263184,0.35167986322263184,0.5256583509747431
720575940597856265,126,0.46893385534379994,0.4012960754541859,0.4012960754541859,0.46893385534379994
720575940597856265,129,1.0,,,
720575940597856265,137,0.29826359156154325,0.5935850012314166,0.5935850012314166,0.29826359156154325
720575940597856265,144,0.28497807418680565,0.609512845012273,0.609512845012273,0.28497807418680565
720575940597856265,147,0.32880434782608703,0.5919144991515339,0.5919144991515339,0.32880434782608703
720575940597856265,148,0.29203231798704254,0.5997333344680738,0.5997333344680738,0.29203231798704254
720575940597856265,150,0.85,0.12656250000000002,0.12656250000000002,0.85
720575940597856265,151,1.0,0.0,0.0,1.0
720575940597856265,152,0.735737420840934,0.233294308163863,0.233294308163863,0.735737420840934
720575940597856265,153,,,,1.0
720575940597856265,155,,,,1.0
720575940597856265,156,1.0,,,
720575940597856265,165,,,,1.0
720575940597856265,166,,,,
720575940597856265,171,0.3172138420585626,0.6015229786475429,0.6015229786475429,0.3172138420585626
720575940597856265,178,0.30877969702389607,0.610134264298809,0.610134264298809,0.30877969702389607
720575940597856265,181,0.2885978814523332,0.6220672188214471,0.6220672188214471,0.2885978814523332
720575940597856265,185,0.28164002735685634,0.6268833326208122,0.6268833326208122,0.28164002735685634
720575940597856265,186,0.2741360575156191,0.6343232885617082,0.6343232885617082,0.2741360575156191
720575940597856265,187,0.2667040787695063,0.6426851603955784,0.6426851603955784,0.2667040787695063
720575940597856265,189,0.25273528224292663,0.6583813996180866,0.6583813996180866,0.25273528224292663
720575940597856265,190,0.2538258838348749,0.6578086352222837,0.6578086352222837,0.2538258838348749
720575940597856265,192,0.25736297469358693,0.6568886099648354,0.6568886099648354,0.25736297469358693
720575940597856265,195,0.258355188590366,0.6530922729763999,0.6530922729763999,0.258355188590366
720575940597856265,196,0.24931539767399835,0.6630083038310808,0.6630083038310808,0.24931539767399835
720575940597856265,198,0.25934392018195884,0.6514083224641873,0.6514083224641873,0.25934392018195884
720575940597856265,199,0.2520550552190285,0.6602241977720388,0.6602241977720388,0.2520550552190285
720575940597856265,202,,,,
720575940597856265,205,0.24483669180928158,0.6690060954648184,0.6690060954648184,0.24483669180928158
720575940597856265,206,1.0,,,
720575940597856265,218,0.35360687343221686,0.5347682718658922,0.5347682718658922,0.35360687343221686
720575940597856265,219,0.2605650935484124,0.6479100792187502,0.6479100792187502,0.2605650935484124
720575940597856265,223,1.0,,,
720575940597856265,226,0.26615282610566815,0.6512637626421739,0.6512637626421739,0.26615282610566815
720575940597856265,227,0.2612814322408825,0.6560359216945904,0.6560359216945904,0.2612814322408825
720575940597856265,233,0.2564251309122395,0.6614694386703466,0.6614694386703466,0.2564251309122395
720575940597856265,234,,,,
720575940597856265,241,,,,
720575940597856265,245,1.0,,,
720575940597856265,247,0.3545027756320972,0.49757077711692504,0.49757077711692504,0.3545027756320972
720575940597856265,248,0.39013216553895547,0.4701064557303885,0.4701064557303885,0.39013216553895547
720575940597856265,249,0.2928932188134524,0.7071067811865476,0.7071067811865476,1.0
720575940597856265,255,0.2708333333333335,0.61279296875,0.61279296875,0.2708333333333335
720575940597856265,262,0.2799999999999999,0.589375,0.589375,0.2799999999999999
720575940597856265,265,0.31675700687506425,0.5423241257929177,0.5423241257929177,0.31675700687506425
720575940597856265,270,1.0,,,
720575940597856265,277,1.0,,,
720575940597856265,278,,,,
720575940597856265,281,0.235414765767335,0.672338360979633,0.672338360979633,0.235414765767335
720575940597856265,289,0.32801599721421937,0.6045168589048979,0.6045168589048979,0.32801599721421937
720575940597856265,296,,,,
720575940597856265,304,,,,
720575940597856265,311,,,,
720575940597856265,318,0.3812815664617709,0.54681658432822,0.54681658432822,0.3812815664617709
720575940597856265,319,0.23173975863331597,0.6762436034278786,0.6762436034278786,0.23173975863331597
720575940597856265,330,0.4416433921454598,0.4817279796411697,0.4817279796411697,0.4416433921454598
720575940597856265,337,0.4762770634336183,0.43677674592547855,0.43677674592547855,0.4762770634336183
720575940597856265,339,0.5100210564938887,0.38875065483036964,0.38875065483036964,0.5100210564938887
720575940597856265,343,0.09989712522113059,0.796995387267579,0.796995387267579,0.09989712522113059
720575940597856265,351,0.6325157923704166,0.26987121497797545,0.26987121497797545,0.6325157923704166
720575940597856265,354,0.7018576030000281,0.19255029806248192,0.19255029806248192,1.0
720575940597856265,359,1.0,,,
720575940597856265,364,1.0,,,
720575940597856265,372,,,,
720575940597856265,374,,,,
720575940597856265,375,,,,
720575940597856265,376,0.2386606545906299,0.6710844369442375,0.6710844369442375,0.2386606545906299
720575940597856265,386,1.0,,,
720575940597856265,390,1.0,,,
720575940597856265,395,,,,
720575940597856265,399,1.0,,,
720575940597856265,409,0.24323148848465548,0.6668523938976327,0.6668523938976327,0.24323148848465548
720575940597856265,418,,,,
720575940597856265,436,0.2396633913360634,0.6704838040751766,0.6704838040751766,0.2396633913360634
720575940597856265,440,0.23693563042229637,0.6737054921611555,0.6737054921611555,0.23693563042229637
720575940597856265,441,0.1010632017887595,0.7855942895826097,0.7855942895826097,0.1010632017887595
720575940597856265,452,0.09288526477785464,0.7808805069319543,0.7808805069319543,0.09288526477785464
720575940597856265,455,-0.0082818916919285,0.8541137899488548,0.8541137899488548,-0.0082818916919285
720575940597856265,457,0.23215278452744081,0.6830337466899875,0.6830337466899875,0.23215278452744081
720575940597856265,458,0.23424112683209952,0.6801547139208789,0.6801547139208789,0.23424112683209952
720575940597856265,459,0.23005014082372144,0.6859116146521704,0.6859116146521704,0.23005014082372144
720575940597856265,462,,,,
720575940597856265,463,0.23420668675414869,0.6770816774318095,0.6770816774318095,0.23420668675414869
720575940597856265,464,0.23631393565193826,0.6772801118619066,0.6772801118619066,0.23631393565193826
720575940597856265,465,0.23836988458785324,0.6744209497196142,0.6744209497196142,0.23836988458785324
720575940597856265,467,0.22939463236937074,0.6874826426153272,0.6874826426153272,0.22939463236937074
720575940597856265,472,0.031754163448145745,0.8093930039925656,0.8093930039925656,0.031754163448145745
720575940597856265,474,-0.016446390768407593,0.8512738522685414,0.8512738522685414,-0.016446390768407593
720575940597856265,479,0.1750420886156947,0.7282831561439571,0.7282831561439571,0.1750420886156947
720575940597856265,481,0.26515307716504644,0.6276817465881894,0.6276817465881894,0.26515307716504644
720575940597856265,485,0.375,0.5078125,0.5078125,0.375
720575940597856265,491,0.5285954792089683,0.3535533905932738,0.3535533905932738,1.0
720575940597856265,493,0.22729835007464327,0.688823681720807,0.688823681720807,0.22729835007464327
720575940597856265,496,1.0,,,
720575940597856265,499,1.0,,,
720575940597856265,506,,,,
720575940597856265,528,0.2250932136424445,0.6910136623980226,0.6910136623980226,0.2250932136424445
720575940597856265,532,1.0,,,
720575940597856265,536,0.2229882470203386,0.6889605903128665,0.6889605903128665,0.2229882470203386
720575940597856265,540,1.0,,,
720575940597856265,543,,,,
720575940597856265,560,,,,
720575940597856265,563,0.22141686641861358,0.6884504874257279,0.6884504874257279,0.22141686641861358
720575940597856265,568,,,,1.0
720575940597856265,570,,,,1.0
720575940597856265,573,0.24577055334150577,0.6644221130120628,0.6644221130120628,0.24577055334150577
720575940597856265,574,,,,1.0
720575940597856265,576,,,,1.0
720575940597856265,578,,,,
720575940597856265,602,0.275563707521403,0.6382869519241321,0.6382869519241321,0.275563707521403
720575940597856265,605,,,,1.0
720575940597856265,626,,,,1.0
720575940597856265,629,,,,1.0
720575940597856265,631,,,,1.0
720575940597856265,633,,,,1.0
720575940597856265,635,,,,1.0
720575940597856265,637,,,,
720575940597856265,644,,,,
720575940597856265,654,0.27406092883833233,0.6396646062617624,0.6396646062617624,0.27406092883833233
720575940597856265,662,0.2711022106013512,0.6408358046549332,0.6408358046549332,0.2711022106013512
720575940597856265,663,0.26873580740719194,0.6426711853200214,0.6426711853200214,0.26873580740719194
720575940597856265,664,0.2663723704004598,0.64508600838883,0.64508600838883,0.2663723704004598
720575940597856265,665,0.26928805070996487,0.6431369248230661,0.6431369248230661,0.26928805070996487
720575940597856265,666,0.2669479803697845,0.6459423615592108,0.6459423615592108,0.2669479803697845
720575940597856265,667,0.2646113626623542,0.6488048694321377,0.6488048694321377,0.2646113626623542
720575940597856265,669,0.2622783416830491,0.651688266070607,0.651688266070607,0.2622783416830491
720575940597856265,670,0.25994905039992233,0.6545746978824432,0.6545746978824432,0.25994905039992233
720575940597856265,684,0.2576236114215076,0.6574554067040994,0.6574554067040994,0.2576236114215076
720575940597856265,703,0.25612399560919186,0.659597403012934,0.659597403012934,0.25612399560919186
720575940597856265,713,0.25386202685172443,0.6624060690805912,0.6624060690805912,0.25386202685172443
720575940597856265,715,0.25160330138437714,0.6652025794817491,0.6652025794817491,0.25160330138437714
720575940597856265,734,0.24934793788758502,0.6679865638747144,0.6679865638747144,0.24934793788758502
720575940597856265,735,0.2470960463106563,0.6707579231544446,0.6707579231544446,0.2470960463106563
720575940597856265,736,0.24484772844123315,0.6735166913898636,0.6735166913898636,0.24484772844123315
720575940597856265,744,0.2426030784343517,0.6762629672896994,0.6762629672896994,0.2426030784343517
720575940597856265,863,0.24142984063683537,0.6780425622485582,0.6780425622485582,0.24142984063683537
720575940597856265,918,0.23924288952638728,0.68071840640938,0.68071840640938,0.23924288952638728
720575940597856265,922,0.23810492648072068,0.6824460039402297,0.6824460039402297,0.23810492648072068
720575940597856265,936,0.23694921735871,0.684179172669059,0.684179172669059,0.23694921735871
720575940597856265,998,0.2348692763082677,0.6867318313279545,0.6867318313279545,0.2348692763082677
720575940597856265,1011,0.23279126541215922,0.689274606551229,0.689274606551229,0.23279126541215922
720575940597856265,1024,0.23071530386657102,0.691807594605716,0.691807594605716,0.23071530386657102
720575940597856265,1035,0.2286415035145376,0.6943308913065894,0.6943308913065894,0.2286415035145376
720575940597856265,1037,0.22656996927764916,0.6968445918409872,0.6968445918409872,0.22656996927764916
720575940597856265,1042,0.22450079955975977,0.6993487906611507,0.6993487906611507,0.22450079955975977
720575940597856265,1059,0.22243408662473252,0.7018435814146454,0.7018435814146454,0.22243408662473252
720575940597856265,1073,0.22036991695008745,0.704329056895304,0.704329056895304,0.22036991695008745
720575940597856265,1119,0.2195856463142135,0.7056503975994146,0.7056503975994146,0.2195856463142135
720575940597856265,1136,0.2175700840869217,0.7080773606071777,0.7080773606071777,0.2175700840869217
720575940597856265,1174,0.2168088044994625,0.7093616966896382,0.7093616966896382,0.2168088044994625
720575940597856265,1220,0.21602553288847748,0.7106576656321845,0.7106576656321845,0.21602553288847748
720575940597856265,1241,,,,
720575940597856265,1272,,,,
720575940597856265,1273,1.0,,,
720575940597856265,1277,,,,
720575940597856265,1279,1.0,,,
720575940597856265,1280,1.0,,,
720575940597856265,1295,1.0,,,
720575940597856265,1296,,,,
720575940597856265,1299,1.0,,,
720575940597856265,1326,,,,
720575940597856265,1327,0.770360336614077,0.20811094494349267,0.20811094494349267,1.0
720575940597856265,1331,,,,
720575940597856265,1343,0.5757359312880714,0.3944330013806211,0.3944330013806211,1.0
720575940597856265,1356,,,,
720575940597856265,1358,,,,
720575940597856265,1363,0.41666666666666663,0.5028211805555556,0.5028211805555556,1.0
720575940597856265,1366,,,,
720575940597856265,1379,,,,
720575940597856265,1384,1.0,,,
720575940597856265,1386,,,,
720575940597856265,1398,,,,
720575940597856265,1403,0.28205128205128194,0.57421875,0.57421875,1.0
720575940597856265,1404,,,,
720575940597856265,1405,1.0,,,
720575940597856265,1412,,,,
720575940597856265,1417,0.14571785702966977,0.6844268262625575,0.6844268262625575,1.0
720575940597856265,1418,1.0,,,
720575940597856265,1423,1.0,,,
720575940597856265,1424,1.0,,,
720575940597856265,1426,0.5454313549515053,0.3409264837863711,0.3409264837863711,0.5454313549515053
720575940597856265,1427,1.0,1.0,1.0,1.0
720575940597856265,1434,0.6150998205402495,0.28867513459481287,0.28867513459481287,1.0
720575940597856265,1435,1.0,,,
720575940597856265,1445,0.3914193805498155,0.5325080420189114,0.5325080420189114,0.3914193805498155
720575940597856265,1446,1.0,,,
720575940597856265,1447,,,,
720575940597856265,1448,,,,
720575940597856265,1449,1.0,,,
720575940597856265,1461,0.33333333333333326,0.5625,0.5625,0.33333333333333326
720575940597856265,1465,1.0,,,
720575940597856265,1468,0.298439239979886,0.5919418912669712,0.5919418912669712,0.298439239979886
720575940597856265,1477,,,,
720575940597856265,1478,0.03893258915837838,0.74629762648525,0.74629762648525,1.0
720575940597856265,1480,1.0,,,
720575940597856265,1481,0.8329617238047348,0.1402860522733673,0.1402860522733673,1.0
720575940597856265,1483,0.2219506463107046,0.7058595996640272,0.7058595996640272,0.2219506463107046
720575940597856265,1486,1.0,,,
720575940597856265,1487,1.0,,,
720575940597856265,1490,0.7665513549060655,0.20540745041956537,0.20540745041956537,0.7665513549060655
720575940597856265,1492,0.21997335136527918,0.7074571062056823,0.7074571062056823,0.21997335136527918
720575940597856265,1495,0.7171105250694982,0.2564606730733878,0.2564606730733878,0.7171105250694982
720575940597856265,1501,1.0,,,
720575940597856265,1502,0.6764732334744337,0.2992385632280537,0.2992385632280537,0.6764732334744337
720575940597856265,1503,1.0,,,
720575940597856265,1510,0.6410715156709557,0.33662689759522074,0.33662689759522074,0.6410715156709557
720575940597856265,1511,1.0,,,
720575940597856265,1514,0.6149866312481512,0.36317911451110846,0.36317911451110846,0.6149866312481512
720575940597856265,1516,0.591041835429402,0.38804723302952027,0.38804723302952027,0.591041835429402
720575940597856265,1517,0.26630425827620596,0.6254246687263592,0.6254246687263592,0.26630425827620596
720575940597856265,1519,1.0,,,
720575940597856265,1521,0.5688255554909636,0.4112877162843052,0.4112877162843052,0.5688255554909636
720575940597856265,1522,,,,
720575940597856265,1524,1.0,,,
720575940597856265,1529,-0.033879014766483806,0.8102420989747101,0.8102420989747101,1.0
720575940597856265,1531,0.23040106146545147,0.6981817013821247,0.6981817013821247,0.23040106146545147
720575940597856265,1537,,,,
720575940597856265,1540,1.0,,,
720575940597856265,1544,0.24706222373654663,0.6499970646649343,0.6499970646649343,0.24706222373654663
720575940597856265,1546,-0.12249721603218244,0.8803422837771929,0.8803422837771929,1.0
720575940597856265,1547,1.0,,,
720575940597856265,1548,1.0,,,
720575940597856265,1551,1.0,,,
720575940597856265,1559,,,,
720575940597856265,1561,0.22326059728954673,0.6788194851102363,0.6788194851102363,0.22326059728954673
720575940597856265,1565,,,,
720575940597856265,1571,1.0,,,
720575940597856265,1573,1.0,,,
720575940597856265,1576,0.27190129548518416,0.6433671658220924,0.6433671658220924,0.27190129548518416
720575940597856265,1580,1.0,,,
720575940597856265,1586,-0.2228260869565215,0.9060237718665081,0.9060237718665081,1.0
720575940597856265,1596,,,,
720575940597856265,1600,,,,
720575940597856265,1602,1.0,,,
720575940597856265,1603,,,,
720575940597856265,1608,0.2518427384802623,0.6628055867530128,0.6628055867530128,0.2518427384802623
720575940597856265,1609,,,,
720575940597856265,1610,1.0,,,
720575940597856265,1614,1.0,,,
720575940597856265,1618,,,,
720575940597856265,1621,,,,
720575940597856265,1627,,,,
720575940597856265,1629,0.24541284403669716,0.6746856809770808,0.6746856809770808,0.24541284403669716
720575940597856265,1631,0.564714249933993,0.4170855240477747,0.4170855240477747,0.564714249933993
720575940597856265,1632,1.0,,,
720575940597856265,1646,0.23257423310634961,0.6837562305059011,0.6837562305059011,0.23257423310634961
720575940597856265,1655,,,,
720575940597856265,1660,0.21400654310247957,0.7048781816311108,0.7048781816311108,0.21400654310247957
720575940597856265,1677,,,,
720575940597856265,1679,,,,
720575940597856265,1682,,,,
720575940597856265,1683,,,,1.0
720575940597856265,1691,1.0,,,
720575940597856265,1697,0.2434931506849316,0.6755707708138037,0.6755707708138037,0.2434931506849316
720575940597856265,1698,1.0,0.0,0.0,1.0
720575940597856265,1699,1.0,0.5625,0.5625,1.0
720575940597856265,1700,,,,
720575940597856265,1705,0.24214349276551927,0.6766509855653582,0.6766509855653582,0.24214349276551927
720575940597856265,1706,0.4985970097040845,0.45511149120264316,0.45511149120264316,0.4985970097040845
720575940597856265,1709,0.5366312983168313,0.4404263922943285,0.4404263922943285,0.5366312983168313
720575940597856265,1713,1.0,0.5966213466261495,0.5966213466261495,-0.06066017177982119
720575940597856265,1722,,,,
720575940597856265,1731,1.0,,,
720575940597856265,1732,1.0,,,
720575940597856265,1739,0.2715339275379751,0.649454365200127,0.649454365200127,0.2715339275379751
720575940597856265,1743,,,,
720575940597856265,1747,0.26972808466002685,0.6501807818441105,0.6501807818441105,0.26972808466002685
720575940597856265,1748,1.0,,,
720575940597856265,1751,,,,
720575940597856265,1778,1.0,,,
720575940597856265,1779,0.26915940597938937,0.6505042151751694,0.6505042151751694,0.26915940597938937
720575940597856265,1786,,,,
720575940597856265,1788,0.19606490493270046,0.7256098145801673,0.7256098145801673,0.19606490493270046
720575940597856265,1791,1.0,,,
720575940597856265,1794,1.0,,,
720575940597856265,1797,,,,
720575940597856265,1802,,,,
720575940597856265,1807,0.26746069211497525,0.6508873738635793,0.6508873738635793,0.26746069211497525
720575940597856265,1815,0.27024361688422016,0.5530185090799269,0.5530185090799269,1.0
720575940597856265,1817,0.8461538461538461,0.09615384615384616,0.09615384615384616,0.8461538461538461
720575940597856265,1820,0.19122609689886227,0.7343548257685966,0.7343548257685966,0.19122609689886227
720575940597856265,1824,,,,
720575940597856265,1825,0.26692838740259006,0.6511599874518332,0.6511599874518332,0.26692838740259006
720575940597856265,1830,0.26578517132339097,0.6516916444662431,0.6516916444662431,0.26578517132339097
720575940597856265,1832,,,,
720575940597856265,1833,,,,
720575940597856265,1837,0.3543736374444757,0.57402648826817,0.57402648826817,0.3543736374444757
720575940597856265,1838,,,,
720575940597856265,1841,0.2646392440811923,0.6527229930093292,0.6527229930093292,0.2646392440811923
720575940597856265,1844,0.3436435321627259,0.5841287178103753,0.5841287178103753,0.3436435321627259
720575940597856265,1851,1.0,,,
720575940597856265,1854,1.0,0.6629126073623883,0.6629126073623883,-0.2727922061357857
720575940597856265,1856,0.33311407114464975,0.5954269489807635,0.5954269489807635,0.33311407114464975
720575940597856265,1863,,,,
720575940597856265,1864,0.41666666666666663,0.4253472222222222,0.4253472222222222,1.0
720575940597856265,1870,,,,
720575940597856265,1877,0.5757575757575757,0.3181818181818182,0.3181818181818182,1.0
720575940597856265,1880,,,,
720575940597856265,1881,1.0,,,
720575940597856265,1882,,,,
720575940597856265,1885,0.3227777777777777,0.6071267784966363,0.6071267784966363,0.3227777777777777
720575940597856265,1890,1.0,,,
720575940597856265,1894,0.26349073872008355,0.6540018045032034,0.6540018045032034,0.26349073872008355
720575940597856265,1896,0.2928932188134524,0.7071067811865476,0.7071067811865476,1.0
720575940597856265,1905,,,,
720575940597856265,1906,0.3126269051405983,0.6188587675673662,0.6188587675673662,0.3126269051405983
720575940597856265,1919,0.29756942792035845,0.6106277134156491,0.6106277134156491,0.29756942792035845
720575940597856265,1924,1.0,,,
720575940597856265,1925,1.0,,,
720575940597856265,1927,0.2882124067434412,0.6177624527955905,0.6177624527955905,0.2882124067434412
720575940597856265,1933,1.0,,,
720575940597856265,1936,1.0,,,
720575940597856265,1939,0.26233978334309893,0.6554025516184003,0.6554025516184003,0.26233978334309893
720575940597856265,1949,0.2790080906602811,0.6269816373336479,0.6269816373336479,0.2790080906602811
720575940597856265,1951,1.0,,,
720575940597856265,1953,-0.16666666666666652,0.6653645833333333,0.6653645833333333,-0.16666666666666652
720575940597856265,1955,0.2928932188134524,0.5892556509887895,0.5892556509887895,1.0
720575940597856265,1956,,,,
720575940597856265,1958,,,,
720575940597856265,1960,1.0,,,
720575940597856265,1961,1.0,,,
720575940597856265,1970,1.0,,,
720575940597856265,1971,,,,
720575940597856265,1973,0.26994974806961924,0.6370802172025047,0.6370802172025047,0.26994974806961924
720575940597856265,1976,-0.1664236870396083,0.7326598784217541,0.7326598784217541,-0.1664236870396083
720575940597856265,1978,0.4343145750507619,0.49497474683058335,0.49497474683058335,0.4343145750507619
720575940597856265,1986,1.0,,,
720575940597856265,1989,0.2857142857142858,0.6398809523809523,0.6398809523809523,0.2857142857142858
720575940597856265,1993,0.350480947161671,0.571336203885567,0.571336203885567,0.350480947161671
720575940597856265,1996,1.0,,,
720575940597856265,2003,,,,
720575940597856265,2004,,,,
720575940597856265,2009,,,,
720575940597856265,2010,1.0,,,
720575940597856265,2011,,,,
720575940597856265,2019,0.2777777777777777,0.6580246913580247,0.6580246913580247,0.2777777777777777
720575940597856265,2021,1.0,,,
720575940597856265,2023,1.0,,,
720575940597856265,2038,1.0,,,
720575940597856265,2039,1.0,,,
720575940597856265,2043,1.0,,,
720575940597856265,2045,,,,
720575940597856265,2051,1.0,,,
720575940597856265,2052,,,,
720575940597856265,2053,1.0,,,
720575940597856265,2055,1.0,,,
720575940597856265,2057,0.21999999999999986,0.6879166666666667,0.6879166666666667,0.21999999999999986
720575940597856265,2059,0.04002285316317067,0.6359848597793994,0.6359848597793994,1.0
720575940597856265,2061,0.26841849700962617,0.6410080251763044,0.6410080251763044,0.26841849700962617
720575940597856265,2071,0.2618445965954882,0.6562776575358148,0.6562776575358148,0.2618445965954882
720575940597856265,2075,,,,
720575940597856265,2083,0.24275981458146434,0.7037748871707231,0.7037748871707231,0.24275981458146434
720575940597856265,2084,1.0,,,
720575940597856265,2085,0.6134188845174449,0.36172767462715005,0.36172767462715005,0.6134188845174449
720575940597856265,2088,0.18671499037111694,0.7156585352587491,0.7156585352587491,0.18671499037111694
720575940597856265,2097,1.0,,,
720575940597856265,2099,-0.08253175473054841,0.7132305571531998,0.7132305571531998,1.0
720575940597856265,2106,1.0,,,
720575940597856265,2107,0.16666666666666674,0.7389322916666665,0.7389322916666665,0.16666666666666674
720575940597856265,2109,1.0,,,
720575940597856265,2118,,,,
720575940597856265,2121,0.6076629595000496,0.362491237904274,0.362491237904274,0.6076629595000496
720575940597856265,2127,1.0,,,
720575940597856265,2136,,,,
720575940597856265,2153,-0.2963624321753371,0.7714031660210012,0.7714031660210012,-0.2963624321753371
720575940597856265,2157,0.2576925110419098,0.6842610193715961,0.6842610193715961,0.2576925110419098
720575940597856265,2162,0.173469387755102,0.7402742346938774,0.7402742346938774,0.173469387755102
720575940597856265,2186,-0.18866231891981777,0.7681199583198375,0.7681199583198375,1.0
720575940597856265,2192,0.1428571428571428,0.7537946428571428,0.7537946428571428,0.1428571428571428
720575940597856265,2204,0.24537476959598792,0.671734087411574,0.671734087411574,0.24537476959598792
720575940597856265,2205,0.35517271639925674,0.5403949008699781,0.5403949008699781,0.35517271639925674
720575940597856265,2207,,,,
720575940597856265,2212,,,,
720575940597856265,2213,1.0,,,
720575940597856265,2220,-0.3611805537841042,0.784653745568627,0.784653745568627,-0.3611805537841042
720575940597856265,2221,,,,
720575940597856265,2228,,,,
720575940597856265,2234,1.0,,,
720575940597856265,2245,1.0,0.0,0.0,1.0
720575940597856265,2252,,,,
720575940597856265,2255,,,,
720575940597856265,2259,1.0,0.34722222222222215,0.34722222222222215,1.0
720575940597856265,2264,0.2878306924826527,0.6499240408935169,0.6499240408935169,0.2878306924826527
720575940597856265,2265,1.0,,,
720575940597856265,2268,0.4308652736791203,0.4751662898056927,0.4751662898056927,0.4308652736791203
720575940597856265,2272,0.37810375895876547,0.5277074471759574,0.5277074471759574,0.37810375895876547
720575940597856265,2274,0.5958548115672619,0.26943012562182544,0.26943012562182544,1.0
720575940597856265,2275,,,,
720575940597856265,2285,,,,
720575940597856265,2290,0.4430442883987441,0.46447267780511264,0.46447267780511264,0.4430442883987441
720575940597856265,2293,0.31944444444444453,0.6134620949074073,0.6134620949074073,0.31944444444444453
720575940597856265,2300,0.45566894604818264,0.408248290463863,0.408248290463863,0.45566894604818264
720575940597856265,2308,,,,
720575940597856265,2313,-0.41421356237309515,0.7626257120531476,0.7626257120531476,-0.41421356237309515
720575940597856265,2317,0.5822337738128369,0.3821132142378484,0.3821132142378484,0.5822337738128369
720575940597856265,2318,0.3526915229484401,0.5748234132150571,0.5748234132150571,0.3526915229484401
720575940597856265,2321,0.2862163636268735,0.6242649683868731,0.6242649683868731,0.2862163636268735
720575940597856265,2324,1.0,,,
720575940597856265,2328,1.0,,,
720575940597856265,2329,1.0,,,
720575940597856265,2333,0.38762756430420553,0.5345501053261206,0.5345501053261206,0.38762756430420553
720575940597856265,2334,0.3571428571428572,0.5178571428571429,0.5178571428571429,0.3571428571428572
720575940597856265,2337,,,,
720575940597856265,2338,0.6869504831500295,0.2739183272437242,0.2739183272437242,1.0
720575940597856265,2339,1.0,,,
720575940597856265,2348,0.4238389190331835,0.49513842895585786,0.49513842895585786,0.4238389190331835
720575940597856265,2349,0.5138640879342486,0.41861703538995265,0.41861703538995265,0.5138640879342486
720575940597856265,2352,0.33333333333333337,0.5625,0.5625,0.33333333333333337
720575940597856265,2363,1.0,,,
720575940597856265,2367,1.0,,,
720575940597856265,2369,,,,
720575940597856265,2378,0.3696637385446345,0.5356079137772253,0.5356079137772253,0.3696637385446345
720575940597856265,2388,0.3554777995369448,0.5417990336468422,0.5417990336468422,0.3554777995369448
720575940597856265,2397,0.5322784651482695,0.41946626167893336,0.41946626167893336,0.5322784651482695
720575940597856265,2404,0.2515799469832627,0.665712350387199,0.665712350387199,0.2515799469832627
720575940597856265,2405,0.2850055230274522,0.6274548203594792,0.6274548203594792,0.2850055230274522
720575940597856265,2407,0.5384331725855507,0.41438708810261643,0.41438708810261643,0.5384331725855507
720575940597856265,2408,,,,
720575940597856265,2412,0.1750420886156947,0.7282831561439571,0.7282831561439571,0.1750420886156947
720575940597856265,2414,0.23673693237659443,0.6767286261863177,0.6767286261863177,0.23673693237659443
720575940597856265,2418,,,,
720575940597856265,2420,0.2761175572265745,0.6311420428679259,0.6311420428679259,0.2761175572265745
720575940597856265,2422,0.26515307716504644,0.6276817465881894,0.6276817465881894,0.26515307716504644
720575940597856265,2427,1.0,,,
720575940597856265,2429,0.26987653315503646,0.6370745008019891,0.6370745008019891,0.26987653315503646
720575940597856265,2437,0.2631479250479054,0.6445597642783281,0.6445597642783281,0.2631479250479054
720575940597856265,2439,0.24326292072831124,0.6686914446413689,0.6686914446413689,0.24326292072831124
720575940597856265,2440,,,,
720575940597856265,2444,0.25646885425557786,0.6525005421176359,0.6525005421176359,0.25646885425557786
720575940597856265,2446,0.375,0.5078125,0.5078125,0.375
720575940597856265,2447,0.24984032047344662,0.6605928144628257,0.6605928144628257,0.24984032047344662
720575940597856265,2449,1.0,0.5,0.5,1.0
720575940597856265,2457,1.0,,,
720575940597856265,2465,,,,
720575940597856265,2466,0.3012287570313158,0.5735747286034617,0.5735747286034617,0.3012287570313158
720575940597856265,2468,-0.4584077361972543,0.7773254538544255,0.7773254538544255,-0.4584077361972543
720575940597856265,2478,-0.5805916285346353,0.8032230163073348,0.8032230163073348,-0.5805916285346353
720575940597856265,2479,0.25640489951224954,0.569314998810934,0.569314998810934,0.25640489951224954
720575940597856265,2481,,,,
720575940597856265,2487,,,,
720575940597856265,2491,1.0,,,
720575940597856265,2494,1.0,,,
720575940597856265,2501,1.0,,,
720575940597856265,2516,-0.4385644207308175,0.7431556220701201,0.7431556220701201,-0.4385644207308175
720575940597856265,2519,,,,
720575940597856265,2525,-0.47545068792904344,0.7798321912510012,0.7798321912510012,-0.47545068792904344
720575940597856265,2537,,,,
720575940597856265,2552,0.284556476333909,0.6278614573491997,0.6278614573491997,0.284556476333909
720575940597856265,2554,-0.556029992912404,0.8258164314417399,0.8258164314417399,-0.556029992912404
720575940597856265,2560,-0.5742674973384847,0.8600847862739005,0.8600847862739005,-0.5742674973384847
720575940597856265,2562,0.1903075572466716,0.5885933903050609,0.5885933903050609,0.1903075572466716
720575940597856265,2566,0.340171120926142,0.5825051823073902,0.5825051823073902,0.340171120926142
720575940597856265,2568,,,,
720575940597856265,2572,1.0,,,
720575940597856265,2580,-0.5937499999999998,0.902976671854655,0.902976671854655,-0.5937499999999998
720575940597856265,2585,0.14957993572923867,0.6203747929787682,0.6203747929787682,0.14957993572923867
720575940597856265,2588,1.0,,,
720575940597856265,2598,,,,
720575940597856265,2601,,,,
720575940597856265,2607,1.0,,,
720575940597856265,2609,-0.4549226783578568,0.854921407136862,0.854921407136862,-0.4549226783578568
720575940597856265,2618,-0.5294230688629029,0.8894390841056863,0.8894390841056863,-0.5294230688629029
720575940597856265,2621,0.763772204369233,0.20669932117692114,0.20669932117692114,1.0
720575940597856265,2628,1.0,,,
720575940597856265,2636,1.0,,,
720575940597856265,2638,1.0,,,
720575940597856265,2644,,,,
720575940597856265,2648,-0.4344382763731174,0.8452985572762238,0.8452985572762238,-0.4344382763731174
720575940597856265,2650,0.42264973081037427,0.4931533549328053,0.4931533549328053,0.42264973081037427
720575940597856265,2653,1.0,,,
720575940597856265,2656,1.0,0.5625,0.5625,1.0
720575940597856265,2662,1.0,0.7660323462854264,0.7660323462854264,0.057190958417936644
720575940597856265,2670,0.6521022947179651,0.28810278718668525,0.28810278718668525,1.0
720575940597856265,2671,0.29540240401164675,0.6181337990672711,0.6181337990672711,0.29540240401164675
720575940597856265,2673,-0.44190378959954835,0.8688447272099769,0.8688447272099769,-0.44190378959954835
720575940597856265,2675,-0.4507602430541604,0.8960419652427375,0.8960419652427375,-0.4507602430541604
720575940597856265,2682,1.0,,,
720575940597856265,2693,,,,
720575940597856265,2708,,,,
720575940597856265,2710,,,,
720575940597856265,2716,0.125,0.6523256655092593,0.6523256655092593,0.125
720575940597856265,2720,0.07894736842105254,0.6812551398026315,0.6812551398026315,0.07894736842105254
720575940597856265,2721,,,,
720575940597856265,2727,1.0,,,
720575940597856265,2734,0.16991812643318338,0.6276278228604568,0.6276278228604568,0.16991812643318338
720575940597856265,2739,0.17259049952186223,0.6342726975069538,0.6342726975069538,0.17259049952186223
720575940597856265,2754,,,,
720575940597856265,2756,0.14267859002588756,0.6488848763875088,0.6488848763875088,0.14267859002588756
720575940597856265,2757,1.0,,,
720575940597856265,2760,0.294251213050585,0.6191717322599242,0.6191717322599242,0.294251213050585
720575940597856265,2763,0.12313458808408095,0.6670970553999657,0.6670970553999657,0.12313458808408095
720575940597856265,2764,,,,
720575940597856265,2770,-0.45164090474784735,0.9186382155736094,0.9186382155736094,-0.45164090474784735
720575940597856265,2810,,,,
720575940597856265,2830,-0.46741961023423695,0.9347798896785471,0.9347798896785471,-0.46741961023423695
720575940597856265,2836,,,,
720575940597856265,2844,-0.5372967345311055,1.0953239233534127,1.0953239233534127,1.0
720575940597856265,2852,1.0,,,
720575940597856265,2854,-0.5245918028407659,0.9547182035276669,0.9547182035276669,-0.5245918028407659
720575940597856265,2856,-0.5396007178390021,1.1226255234242721,1.1226255234242721,1.0
720575940597856265,2865,-0.6397831834998458,1.130197784460831,1.130197784460831,1.0
720575940597856265,2877,-0.2124355652982144,1.0608811196359376,1.0608811196359376,1.0
720575940597856265,2879,,,,
720575940597856265,2881,-0.5816892605549984,0.9635339550140773,0.9635339550140773,-0.5816892605549984
720575940597856265,2894,-0.7146428199482249,1.2056082327760955,1.2056082327760955,1.0
720575940597856265,2898,0.057190958417936644,0.8249579113843053,0.8249579113843053,1.0
720575940597856265,2903,-0.8561553006146871,1.3945333443420243,1.3945333443420243,1.0
720575940597856265,2904,-0.4959383786282978,0.9103271401020724,0.9103271401020724,-0.4959383786282978
720575940597856265,2906,-0.7867411451345288,1.298760734728321,1.298760734728321,1.0
720575940597856265,2910,,,,
720575940597856265,2917,1.0,,,
720575940597856265,2920,-0.43311529349331956,0.8816844009775159,0.8816844009775159,-0.43311529349331956
720575940597856265,2921,-0.9230769230769231,1.4875050080128205,1.4875050080128205,1.0
720575940597856265,2922,1.0,,,
720575940597856265,2935,-0.8854094728223716,1.4949034092486329,1.4949034092486329,1.0
720575940597856265,2949,1.0,,,
720575940597856265,2958,1.0,,,
720575940597856265,2961,-0.38554707124391063,0.8659260773881037,0.8659260773881037,-0.38554707124391063
720575940597856265,2966,0.2928932188134524,0.7071067811865476,0.7071067811865476,1.0
720575940597856265,2981,,,,
720575940597856265,2984,-0.9414506867883019,1.551543727162727,1.551543727162727,1.0
720575940597856265,2997,0.10408421212627628,0.6898164537034523,0.6898164537034523,0.10408421212627628
720575940597856265,2998,-0.4760319644610691,1.178492167672046,1.178492167672046,-0.4760319644610691
720575940597856265,3002,-0.34868421052631593,0.8574532473266495,0.8574532473266495,-0.34868421052631593
720575940597856265,3007,0.10753835289958291,0.6968105702019263,0.6968105702019263,0.10753835289958291
720575940597856265,3008,,,,
720575940597856265,3016,,,,
720575940597856265,3018,0.10821654501059974,0.7059989310738164,0.7059989310738164,0.10821654501059974
720575940597856265,3022,-0.30951744306682305,0.9013006851395439,0.9013006851395439,-0.30951744306682305
720575940597856265,3031,-0.3287835442375211,0.9101209641906667,0.9101209641906667,-0.3287835442375211
720575940597856265,3032,0.10687954820520351,0.7163077772027647,0.7163077772027647,0.10687954820520351
720575940597856265,3034,,,,
720575940597856265,3035,-0.2871564524397223,0.8921551792822953,0.8921551792822953,-0.2871564524397223
720575940597856265,3036,-0.33567353298541924,0.9148306133581575,0.9148306133581575,-0.33567353298541924
720575940597856265,3044,0.10404506473624042,0.7271913425707909,0.7271913425707909,0.10404506473624042
720575940597856265,3046,-0.26321680180721785,0.8824570537188101,0.8824570537188101,-0.26321680180721785
720575940597856265,3049,,,,
720575940597856265,3050,-0.2663639076527673,0.8877356688501673,0.8877356688501673,-0.2663639076527673
720575940597856265,3052,1.0,,,
720575940597856265,3054,,,,
720575940597856265,3059,1.0,,,
720575940597856265,3060,,,,
720575940597856265,3064,-0.249073236822571,0.8807355265588093,0.8807355265588093,-0.249073236822571
720575940597856265,3075,1.0,,,
720575940597856265,3080,-0.21072153719920683,0.8595126171315022,0.8595126171315022,-0.21072153719920683
720575940597856265,3084,1.0,,,
720575940597856265,3087,,,,
720575940597856265,3092,,,,
720575940597856265,3096,1.0,,,
720575940597856265,3102,1.0,,,
720575940597856265,3114,-0.1902211228634858,0.8436512264347388,0.8436512264347388,-0.1902211228634858
720575940597856265,3126,-0.19606609606958725,0.8490018913142064,0.8490018913142064,-0.19606609606958725
720575940597856265,3132,0.10007700149113175,0.7383603062575187,0.7383603062575187,0.10007700149113175
720575940597856265,3135,0.06905066374873714,0.7572674659178178,0.7572674659178178,0.06905066374873714
720575940597856265,3138,1.0,,,
720575940597856265,3151,,,,
720575940597856265,3152,,,,
720575940597856265,3157,0.06190407991321534,0.7638727012364517,0.7638727012364517,0.06190407991321534
720575940597856265,3158,1.0,,,
720575940597856265,3161,1.0,,,
720575940597856265,3164,0.07090799624189781,0.7604952979638144,0.7604952979638144,0.07090799624189781
720575940597856265,3166,0.09535313324972572,0.7400134619345667,0.7400134619345667,0.09535313324972572
720575940597856265,3169,0.09285643203041616,0.7450118325920656,0.7450118325920656,0.09285643203041616
720575940597856265,3171,,,,
720575940597856265,3178,1.0,,,
720575940597856265,3180,0.19025717158943356,0.6689209680037218,0.6689209680037218,0.19025717158943356
720575940597856265,3185,0.24917868199518378,0.5878166822553954,0.5878166822553954,0.24917868199518378
720575940597856265,3191,,,,
720575940597856265,3194,0.25324064759763765,0.6045642675550488,0.6045642675550488,0.25324064759763765
720575940597856265,3199,0.18961466156338302,0.6781520748014355,0.6781520748014355,0.18961466156338302
720575940597856265,3203,-0.20021947726444256,0.855700047588002,0.855700047588002,-0.20021947726444256
720575940597856265,3205,0.20017140543573753,0.6650041048494502,0.6650041048494502,0.20017140543573753
720575940597856265,3213,-0.2018961967889552,0.8617863793238659,0.8617863793238659,-0.2018961967889552
720575940597856265,3217,1.0,,,
720575940597856265,3219,,,,
720575940597856265,3228,-0.17192749061446055,0.8403679576819922,0.8403679576819922,-0.17192749061446055
720575940597856265,3234,0.18757944289205164,0.6841094247369812,0.6841094247369812,0.18757944289205164
720575940597856265,3235,-0.21973566892208907,0.7242180534224903,0.7242180534224903,-0.21973566892208907
720575940597856265,3238,0.3804228312344332,0.39553363898873234,0.39553363898873234,0.3804228312344332
720575940597856265,3240,0.3335640537647686,0.4487378759074141,0.4487378759074141,0.3335640537647686
720575940597856265,3242,1.0,,,
720575940597856265,3253,0.18509619531394206,0.6902722977303755,0.6902722977303755,0.18509619531394206
720575940597856265,3254,,,,
720575940597856265,3256,,,,
720575940597856265,3260,0.2974127749067267,0.4953788833177181,0.4953788833177181,0.2974127749067267
720575940597856265,3262,0.2583801512904337,0.5247105277246883,0.5247105277246883,0.2583801512904337
720575940597856265,3272,0.18223799680007702,0.6965629213309366,0.6965629213309366,0.18223799680007702
720575940597856265,3276,0.19500631358697262,0.6892837935637047,0.6892837935637047,0.19500631358697262
720575940597856265,3283,0.2883157080892639,0.5878250699970856,0.5878250699970856,0.2883157080892639
720575940597856265,3303,1.0,,,
720575940597856265,3308,0.29795756415244445,0.5732002361959042,0.5732002361959042,0.29795756415244445
720575940597856265,3311,1.0,,,
720575940597856265,3312,,,,
720575940597856265,3317,0.3074124795003482,0.5582686116323256,0.5582686116323256,0.3074124795003482
720575940597856265,3321,1.0,,,
720575940597856265,3323,1.0,0.8198915917499229,0.8198915917499229,-0.4907119849998596
720575940597856265,3327,1.0,,,
720575940597856265,3330,0.3165742856237358,0.5431553395582233,0.5431553395582233,0.3165742856237358
720575940597856265,3331,0.31571419479119467,0.5269142655316552,0.5269142655316552,0.31571419479119467
720575940597856265,3339,1.0,,,
720575940597856265,3340,0.3252898957830398,0.5281666227418862,0.5281666227418862,0.3252898957830398
720575940597856265,3345,0.35051400408112954,0.49910536815910894,0.49910536815910894,0.35051400408112954
720575940597856265,3360,0.33333333333333337,0.514005146329365,0.514005146329365,0.33333333333333337
720575940597856265,3366,0.5285954792089683,0.4419417382415922,0.4419417382415922,0.5285954792089683
720575940597856265,3376,1.0,,,
720575940597856265,3378,,,,
720575940597856265,3382,0.65,0.32083333333333336,0.32083333333333336,1.0
720575940597856265,3391,0.19163272365981232,0.6955809247085067,0.6955809247085067,0.19163272365981232
720575940597856265,3396,1.0,,,
720575940597856265,3399,0.18803721465087453,0.7019071684777242,0.7019071684777242,0.18803721465087453
720575940597856265,3405,1.0,0.6375000000000001,0.6375000000000001,-0.20000000000000018
720575940597856265,3412,1.0,0.4510548978043951,0.4510548978043951,-0.08253175473054841
720575940597856265,3418,1.0,,,
720575940597856265,3421,0.18425280137031086,0.7082478290099729,0.7082478290099729,0.18425280137031086
720575940597856265,3424,1.0,0.23570226039551584,0.23570226039551584,0.057190958417936644
720575940597856265,3432,1.0,,,
720575940597856265,3433,1.0,,,
720575940597856265,3440,1.0,,,
720575940597856265,3441,1.0,,,
720575940597856265,3442,,,,
720575940597856265,3448,,,,
720575940597856265,3449,0.3353086463171425,0.5065976733931746,0.5065976733931746,0.3353086463171425
720575940597856265,3457,,,,
720575940597856265,3460,,,,
720575940597856265,3473,1.0,,,
720575940597856265,3477,1.0,0.0,0.0,0.2928932188134524
720575940597856265,3478,0.3210059547231602,0.5187584299127063,0.5187584299127063,0.3210059547231602
720575940597856265,3485,1.0,,,
720575940597856265,3486,0.013146815260418943,0.7622160175733519,0.7622160175733519,0.013146815260418943
720575940597856265,3501,,,,
720575940597856265,3502,,,,
720575940597856265,3507,,,,
720575940597856265,3510,1.0,,,
720575940597856265,3525,0.01513756209161754,0.7604338606255238,0.7604338606255238,0.01513756209161754
720575940597856265,3526,,,,
720575940597856265,3532,,,,
720575940597856265,3542,1.0,,,
720575940597856265,3554,,,,
720575940597856265,3557,1.0,,,
720575940597856265,3565,,,,
720575940597856265,3575,,,,
720575940597856265,3583,0.016955249413881712,0.7600655582782017,0.7600655582782017,0.016955249413881712
720575940597856265,3603,,,,
720575940597856265,3617,,,,
720575940597856265,3629,,,,
720575940597856265,3637,,,,
720575940597856265,3664,1.0,,,
720575940597856265,3665,1.0,,,
720575940597856265,3666,1.0,,,
720575940597856265,3683,0.01617629073644966,0.7623138056956974,0.7623138056956974,0.01617629073644966
720575940597856265,3684,,,,
720575940597856265,3685,0.43639813802336547,0.4543856682411992,0.4543856682411992,0.43639813802336547
720575940597856265,3686,1.0,,,
720575940597856265,3687,1.0,,,
720575940597856265,3690,0.6778017250277995,0.29642581755061803,0.29642581755061803,0.6778017250277995
720575940597856265,3692,,,,
720575940597856265,3705,1.0,,,
720575940597856265,3710,1.0,,,
720575940597856265,3716,,,,
720575940597856265,3717,1.0,,,
720575940597856265,3719,,,,
720575940597856265,3721,1.0,,,
720575940597856265,3727,0.40643811421532783,0.48713143571306683,0.48713143571306683,0.40643811421532783
720575940597856265,3728,0.40911257992664196,0.48245154807091795,0.48245154807091795,0.40911257992664196
720575940597856265,3733,0.7143069483005118,0.262194355725209,0.262194355725209,0.7143069483005118
720575940597856265,3735,0.40365792553790525,0.4918803230218756,0.4918803230218756,0.40365792553790525
720575940597856265,3746,0.41166457596944883,0.4779340223686355,0.4779340223686355,0.41166457596944883
720575940597856265,3755,0.41407444259652937,0.4737668493409585,0.4737668493409585,0.41407444259652937
720575940597856265,3756,0.41631897315758604,0.4703316127236699,0.4703316127236699,0.41631897315758604
720575940597856265,3757,0.4183706087821004,0.46840719683460147,0.46840719683460147,0.4183706087821004
720575940597856265,3762,1.0,,,
720575940597856265,3768,1.0,,,
720575940597856265,3771,0.014586678885658788,0.7629853051256525,0.7629853051256525,0.014586678885658788
720575940597856265,3783,1.0,,,
720575940597856265,3785,1.0,,,
720575940597856265,3786,0.4265678729888893,0.4644296524334125,0.4644296524334125,0.4265678729888893
720575940597856265,3788,1.0,,,
720575940597856265,3789,1.0,,,
720575940597856265,3799,1.0,,,
720575940597856265,3801,1.0,,,
720575940597856265,3802,1.0,,,
720575940597856265,3804,1.0,,,
720575940597856265,3810,0.40700579650468505,0.49149637800033436,0.49149637800033436,0.40700579650468505
720575940597856265,3823,1.0,,,
720575940597856265,3827,,,,
720575940597856265,3830,1.0,,,
720575940597856265,3831,0.8557692307692307,0.1307091346153846,0.1307091346153846,1.0
720575940597856265,3833,,,,
720575940597856265,3839,0.013640363986974657,0.7620905607544698,0.7620905607544698,0.013640363986974657
720575940597856265,3849,0.7222222222222222,0.21954571759259256,0.21954571759259256,1.0
720575940597856265,3851,1.0,,,
720575940597856265,3860,,,,
720575940597856265,3862,0.7064244167395137,0.23661886202895963,0.23661886202895963,0.7064244167395137
720575940597856265,3865,1.0,,,
720575940597856265,3867,,,,
720575940597856265,3868,0.7259359361187405,0.24744280654088913,0.24744280654088913,0.7259359361187405
720575940597856265,3869,0.019953107845276374,0.7550979171859556,0.7550979171859556,0.019953107845276374
720575940597856265,3870,1.0,,,
720575940597856265,3878,1.0,,,
720575940597856265,3884,1.0,,,
720575940597856265,3895,0.7544768120880043,0.21667367010628868,0.21667367010628868,0.7544768120880043
720575940597856265,3897,0.744449374000024,0.22161030848435415,0.22161030848435415,1.0
720575940597856265,3898,1.0,,,
720575940597856265,3900,1.0,,,
720575940597856265,3901,0.6814619204471031,0.26570762658017527,0.26570762658017527,0.6814619204471031
720575940597856265,3903,0.39958152259648594,0.49826090304471377,0.49826090304471377,0.39958152259648594
720575940597856265,3911,0.6752404735808355,0.29241043296725555,0.29241043296725555,0.6752404735808355
720575940597856265,3912,0.7870008919318976,0.1818533186910177,0.1818533186910177,0.7870008919318976
720575940597856265,3916,,,,
720575940597856265,3917,0.29325902490523326,0.6202190911162145,0.6202190911162145,0.29325902490523326
720575940597856265,3920,0.6454415956780908,0.30556424981844227,0.30556424981844227,0.6454415956780908
720575940597856265,3928,0.8207060246237408,0.145586073297846,0.145586073297846,0.8207060246237408
720575940597856265,3930,1.0,,,
720575940597856265,3938,0.6336296678224551,0.3200856377447729,0.3200856377447729,0.6336296678224551
720575940597856265,3943,,,,
720575940597856265,3944,0.8729575297428732,0.09519655806559728,0.09519655806559728,1.0
720575940597856265,3947,1.0,0.0,0.0,1.0
720575940597856265,3950,,,,
720575940597856265,3968,1.0,,,
720575940597856265,3970,0.6381435607252124,0.3338219885757644,0.3338219885757644,0.6381435607252124
720575940597856265,3983,,,,
720575940597856265,3989,0.3611141281118978,0.5169060563992605,0.5169060563992605,0.3611141281118978
720575940597856265,3993,1.0,,,
720575940597856265,3998,0.3695432456760165,0.511840540494972,0.511840540494972,0.3695432456760165
720575940597856265,3999,,,,
720575940597856265,4001,1.0,,,
720575940597856265,4002,0.29864110612937356,0.6161706250303733,0.6161706250303733,0.29864110612937356
720575940597856265,4005,,,,
720575940597856265,4012,0.3565088016805684,0.5205911653935512,0.5205911653935512,0.3565088016805684
720575940597856265,4014,1.0,,,
720575940597856265,4018,0.2975230318614721,0.6173382593148535,0.6173382593148535,0.2975230318614721
720575940597856265,4024,0.3921383183311531,0.5025053790725424,0.5025053790725424,0.3921383183311531
720575940597856265,4028,0.6135166992978208,0.3424267834936361,0.3424267834936361,0.6135166992978208
720575940597856265,4036,1.0,,,
720575940597856265,4038,0.5577310186641484,0.40091424016113686,0.40091424016113686,0.5577310186641484
720575940597856265,4048,0.5961685961001191,0.3622926719816854,0.3622926719816854,0.5961685961001191
720575940597856265,4049,,,,
720575940597856265,4052,0.025835463388611424,0.7488404058528242,0.7488404058528242,0.025835463388611424
720575940597856265,4060,,,,
720575940597856265,4064,1.0,,,
720575940597856265,4065,,,,
720575940597856265,4067,1.0,,,
720575940597856265,4068,0.027874407737497275,0.746592645367683,0.746592645367683,0.027874407737497275
720575940597856265,4069,0.3523341811162837,0.5247730721907591,0.5247730721907591,0.3523341811162837
720575940597856265,4072,,,,
720575940597856265,4086,,,,
720575940597856265,4105,,,,
720575940597856265,4108,0.5647854231838434,0.38374358204417747,0.38374358204417747,0.5647854231838434
720575940597856265,4114,0.2950770297008747,0.6184496845049775,0.6184496845049775,0.2950770297008747
720575940597856265,4117,0.5499256013882656,0.3913618197899148,0.3913618197899148,0.5499256013882656
720575940597856265,4119,0.029753591363784193,0.7458986046685919,0.7458986046685919,0.029753591363784193
720575940597856265,4131,0.021011838754744105,0.7494058842383244,0.7494058842383244,0.021011838754744105
720575940597856265,4133,,,,
720575940597856265,4137,0.5354680624914883,0.4040998259211161,0.4040998259211161,0.5354680624914883
720575940597856265,4141,0.5188747756753118,0.4811252243246881,0.4811252243246881,1.0
720575940597856265,4144,1.0,,,
720575940597856265,4148,0.3552908638077483,0.5009909273588344,0.5009909273588344,0.3552908638077483
720575940597856265,4157,1.0,,,
720575940597856265,4163,,,,
720575940597856265,4165,1.0,,,
720575940597856265,4167,,,,
720575940597856265,4168,0.35211453279662885,0.5240204632191281,0.5240204632191281,0.35211453279662885
720575940597856265,4174,0.5214184694995014,0.41878884007855316,0.41878884007855316,0.5214184694995014
720575940597856265,4178,1.0,,,
720575940597856265,4184,0.5077671979414715,0.4340184423514284,0.4340184423514284,0.5077671979414715
720575940597856265,4186,0.4944974585095797,0.4491729929731901,0.4491729929731901,0.4944974585095797
720575940597856265,4192,,,,
720575940597856265,4194,,,,
720575940597856265,4195,0.25,0.71875,0.71875,1.0
720575940597856265,4197,1.0,,,
720575940597856265,4198,,,,
720575940597856265,4202,0.4620199709610645,0.4647012324336082,0.4647012324336082,0.4620199709610645
720575940597856265,4213,1.0,,,
720575940597856265,4216,0.2575378797541249,0.7115261985689635,0.7115261985689635,0.2575378797541249
720575940597856265,4217,1.0,,,
720575940597856265,4223,0.4503862300742715,0.47094405376483145,0.47094405376483145,0.4503862300742715
720575940597856265,4228,1.0,,,
720575940597856265,4230,,,,
720575940597856265,4231,0.46352481885407715,0.46016786705432006,0.46016786705432006,0.46352481885407715
720575940597856265,4235,0.20000000000000007,0.735185185185185,0.735185185185185,0.20000000000000007
720575940597856265,4244,0.20454545454545459,0.7350852272727272,0.7350852272727272,0.20454545454545459
720575940597856265,4246,,,,
720575940597856265,4247,,,,
720575940597856265,4248,0.23135163273444725,0.7077970381903631,0.7077970381903631,0.23135163273444725
720575940597856265,4249,1.0,,,
720575940597856265,4253,,,,
720575940597856265,4256,1.0,,,
720575940597856265,4263,0.29434807530336937,0.6187307831944681,0.6187307831944681,0.29434807530336937
720575940597856265,4265,1.0,,,
720575940597856265,4270,1.0,,,
720575940597856265,4272,0.16666666666666674,0.7496021412037035,0.7496021412037035,0.16666666666666674
720575940597856265,4282,0.34757432166439484,0.5277622585544524,0.5277622585544524,0.34757432166439484
720575940597856265,4284,0.44461062977521437,0.4732225438211849,0.4732225438211849,0.44461062977521437
720575940597856265,4291,1.0,,,
720575940597856265,4294,1.0,,,
720575940597856265,4303,0.2932393068470557,0.6190423085726653,0.6190423085726653,0.2932393068470557
720575940597856265,4308,,,,
720575940597856265,4312,1.0,,,
720575940597856265,4317,0.2922592802125129,0.6197308538878776,0.6197308538878776,0.2922592802125129
720575940597856265,4322,0.3615849752839243,0.4910855675445454,0.4910855675445454,0.3615849752839243
720575940597856265,4332,1.0,,,
720575940597856265,4338,,,,
720575940597856265,4342,0.3464943598214545,0.5294702746602991,0.5294702746602991,0.3464943598214545
720575940597856265,4343,,,,
720575940597856265,4345,0.14539683097918332,0.7653347245715936,0.7653347245715936,0.14539683097918332
720575940597856265,4346,1.0,,,
720575940597856265,4347,0.19214641339178384,0.6335277094953372,0.6335277094953372,0.19214641339178384
720575940597856265,4355,0.3677685178754745,0.481877477925721,0.481877477925721,0.3677685178754745
720575940597856265,4356,0.1952290215338236,0.631239177761289,0.631239177761289,0.1952290215338236
720575940597856265,4358,0.29171112568794977,0.6202848794919086,0.6202848794919086,0.29171112568794977
720575940597856265,4366,0.19337790944994515,0.6326816978986397,0.6326816978986397,0.19337790944994515
720575940597856265,4370,0.1934696302015959,0.6330627724571355,0.6330627724571355,0.1934696302015959
720575940597856265,4372,,,,
720575940597856265,4375,0.37379745319135793,0.47443156658503766,0.47443156658503766,0.37379745319135793
720575940597856265,4379,0.19354048404135027,0.633685338337751,0.633685338337751,0.19354048404135027
720575940597856265,4380,,,,
720575940597856265,4382,0.297626609731272,0.6152972285353367,0.6152972285353367,0.297626609731272
720575940597856265,4394,0.1935910974404791,0.6344310097925753,0.6344310097925753,0.1935910974404791
720575940597856265,4395,0.3796138617891611,0.470998435310047,0.470998435310047,0.3796138617891611
720575940597856265,4397,,,,
720575940597856265,4400,0.021185453713143843,0.7473257219417856,0.7473257219417856,0.021185453713143843
720575940597856265,4405,0.024196121902361645,0.746476630011629,0.746476630011629,0.024196121902361645
720575940597856265,4406,0.19362207348476956,0.6352407974868306,0.6352407974868306,0.19362207348476956
720575940597856265,4407,0.29848746551025884,0.614787811990445,0.614787811990445,0.29848746551025884
720575940597856265,4410,,,,
720575940597856265,4418,0.1940337892473547,0.6357698780972263,0.6357698780972263,0.1940337892473547
720575940597856265,4421,,,,
720575940597856265,4431,1.0,,,
720575940597856265,4445,1.0,,,
720575940597856265,4456,0.16836797204704035,0.7223022292576772,0.7223022292576772,0.16836797204704035
720575940597856265,4458,0.16434039450622462,0.726523954884778,0.726523954884778,0.16434039450622462
720575940597856265,4467,0.28773200992563763,0.6232394222580335,0.6232394222580335,0.28773200992563763
720575940597856265,4468,1.0,,,
720575940597856265,4472,0.14494302937310077,0.7492425712750275,0.7492425712750275,0.14494302937310077
720575940597856265,4482,0.2654809635634001,0.6166060171118408,0.6166060171118408,0.2654809635634001
720575940597856265,4483,0.44234281545798115,0.47578544684034263,0.47578544684034263,0.44234281545798115
720575940597856265,4485,0.39779367536310506,0.46652587543115476,0.46652587543115476,0.39779367536310506
720575940597856265,4495,0.2578068932542794,0.6231372291519748,0.6231372291519748,0.2578068932542794
720575940597856265,4501,0.17665537816613286,0.7218423516721368,0.7218423516721368,0.17665537816613286
720575940597856265,4510,,,,
720575940597856265,4513,1.0,,,
720575940597856265,4524,1.0,,,
720575940597856265,4542,,,,
720575940597856265,4547,,,,
720575940597856265,4553,0.14386683925941324,0.736183595891953,0.736183595891953,0.14386683925941324
720575940597856265,4554,0.4234198156416499,0.4580831912027891,0.4580831912027891,0.4234198156416499
720575940597856265,4561,0.1683831120180569,0.7282123466976708,0.7282123466976708,0.1683831120180569
720575940597856265,4564,,,,
720575940597856265,4566,0.4416278726848558,0.4435260886147833,0.4435260886147833,0.4416278726848558
720575940597856265,4571,1.0,,,
720575940597856265,4573,1.0,,,
720575940597856265,4593,,,,
720575940597856265,4594,0.23953749815554926,0.7041333214099765,0.7041333214099765,0.23953749815554926
720575940597856265,4602,,,,
720575940597856265,4604,1.0,,,
720575940597856265,4606,0.8408690125839581,0.14436785870068644,0.14436785870068644,1.0
720575940597856265,4609,,,,
720575940597856265,4612,0.7755781933098838,0.2088065198476643,0.2088065198476643,0.7755781933098838
720575940597856265,4613,,,,
720575940597856265,4614,0.29267203851709567,0.5884373466127291,0.5884373466127291,0.29267203851709567
720575940597856265,4616,,,,
720575940597856265,4621,1.0,,,
720575940597856265,4625,0.7142857142857143,0.2392423115079365,0.2392423115079365,0.7142857142857143
720575940597856265,4629,0.272807732611244,0.6878710709280286,0.6878710709280286,0.272807732611244
720575940597856265,4631,1.0,,,
720575940597856265,4632,0.6719600743240762,0.26481944900587706,0.26481944900587706,0.6719600743240762
720575940597856265,4640,0.6669133062367543,0.27230813055068465,0.27230813055068465,0.6669133062367543
720575940597856265,4648,1.0,,,
720575940597856265,4650,1.0,,,
720575940597856265,4651,,,,
720575940597856265,4653,0.5285954792089683,0.41247895569215265,0.41247895569215265,1.0
720575940597856265,4660,,,,
720575940597856265,4668,0.44825033673341574,0.4350869908020334,0.4350869908020334,0.44825033673341574
720575940597856265,4672,1.0,,,
720575940597856265,4676,0.26515307716504644,0.6812643347115714,0.6812643347115714,0.26515307716504644
720575940597856265,4678,0.375,0.56640625,0.56640625,0.375
720575940597856265,4680,0.46334368540005044,0.5052116086663588,0.5052116086663588,0.46334368540005044
720575940597856265,4684,0.4577927906740906,0.42769904315856094,0.42769904315856094,0.4577927906740906
720575940597856265,4696,0.4890271827950955,0.4165834520464381,0.4165834520464381,0.4890271827950955
720575940597856265,4706,0.40909090909090906,0.5478219696969697,0.5478219696969697,0.40909090909090906
720575940597856265,4707,0.48038475772933675,0.4174912902667433,0.4174912902667433,0.48038475772933675
720575940597856265,4709,0.27719367767579906,0.6795720574390863,0.6795720574390863,0.27719367767579906
720575940597856265,4724,0.3173754096423519,0.6375480037547899,0.6375480037547899,0.3173754096423519
720575940597856265,4725,0.5215787331704327,0.4048033986027447,0.4048033986027447,0.5215787331704327
720575940597856265,4734,0.36099034957730625,0.5932472405616935,0.5932472405616935,0.36099034957730625
720575940597856265,4736,0.5473398783074093,0.3836711461065173,0.3836711461065173,0.5473398783074093
720575940597856265,4743,1.0,,,
720575940597856265,4756,1.0,,,
720575940597856265,4765,0.5486598233490547,0.3801149664204954,0.3801149664204954,0.5486598233490547
720575940597856265,4771,0.5655847555487189,0.36708595097871477,0.36708595097871477,0.5655847555487189
720575940597856265,4778,,,,
720575940597856265,4780,,,,
720575940597856265,4782,0.5686384938113814,0.3718403057739206,0.3718403057739206,0.5686384938113814
720575940597856265,4783,1.0,,,
720575940597856265,4796,0.591751709536137,0.3472684486058196,0.3472684486058196,0.591751709536137
720575940597856265,4797,1.0,,,
720575940597856265,4798,0.584260290358451,0.3602492689826538,0.3602492689826538,0.584260290358451
720575940597856265,4799,1.0,,,
720575940597856265,4805,,,,
720575940597856265,4809,,,,
720575940597856265,4812,0.6148994038750363,0.3208417163323503,0.3208417163323503,0.6148994038750363
720575940597856265,4841,1.0,,,
720575940597856265,4859,,,,
720575940597856265,4860,,,,
720575940597856265,4868,,,,
720575940597856265,4876,,,,
720575940597856265,4879,0.26737964013537374,0.6147978285893163,0.6147978285893163,0.26737964013537374
720575940597856265,4928,0.3025340453067731,0.5844953563237447,0.5844953563237447,0.3025340453067731
720575940597856265,4945,0.304951422345204,0.5804928857270731,0.5804928857270731,0.304951422345204
720575940597856265,4947,0.30958949409306735,0.5729120451784132,0.5729120451784132,0.30958949409306735
720575940597856265,4949,0.3073057294587931,0.576592143977739,0.576592143977739,0.3073057294587931
720575940597856265,4959,0.3117942964187579,0.5696930449009638,0.5696930449009638,0.3117942964187579
720575940597856265,4964,0.3151074328563903,0.5649552490804859,0.5649552490804859,0.3151074328563903
720575940597856265,4965,,,,
720575940597856265,4975,,,,
720575940597856265,4976,0.32275544381024646,0.5618664683599757,0.5618664683599757,0.32275544381024646
720575940597856265,4977,,,,
720575940597856265,4983,0.26681618414697084,0.6149316688757619,0.6149316688757619,0.26681618414697084
720575940597856265,4986,0.30654552129988,0.5823388294770119,0.5823388294770119,0.30654552129988
720575940597856265,4987,1.0,0.0,0.0,1.0
720575940597856265,4988,,,,
720575940597856265,5014,0.31366788556509184,0.5761189097031947,0.5761189097031947,0.31366788556509184
720575940597856265,5024,,,,
720575940597856265,5030,0.26562124844503554,0.6152391413576589,0.6152391413576589,0.26562124844503554
720575940597856265,5032,1.0,,,
720575940597856265,5034,1.0,,,
720575940597856265,5040,1.0,,,
720575940597856265,5041,,,,
720575940597856265,5042,1.0,,,
720575940597856265,5065,,,,
720575940597856265,5067,0.26612345709134655,0.6145738710777768,0.6145738710777768,0.26612345709134655
720575940597856265,5071,1.0,,,
720575940597856265,5085,1.0,,,
720575940597856265,5094,1.0,,,
720575940597856265,5096,0.32178055831254937,0.5712908089054028,0.5712908089054028,0.32178055831254937
720575940597856265,5107,1.0,,,
720575940597856265,5112,1.0,,,
720575940597856265,5116,,,,
720575940597856265,5117,0.29319189117363487,0.6036716948179301,0.6036716948179301,0.29319189117363487
720575940597856265,5122,0.2888576491141571,0.6055987012612639,0.6055987012612639,0.2888576491141571
720575940597856265,5128,,,,
720575940597856265,5139,1.0,,,
720575940597856265,5144,0.3158364602491204,0.5968320654808541,0.5968320654808541,0.3158364602491204
720575940597856265,5149,1.0,,,
720575940597856265,5150,0.30191791720852834,0.6024241453629136,0.6024241453629136,0.30191791720852834
720575940597856265,5151,,,,
720575940597856265,5159,0.3201500225766378,0.5753623057445322,0.5753623057445322,0.3201500225766378
720575940597856265,5160,,,,
720575940597856265,5169,0.3485533666911903,0.5585876726851714,0.5585876726851714,0.3485533666911903
720575940597856265,5170,,,,
720575940597856265,5171,0.34182069312382657,0.5827982252818031,0.5827982252818031,0.34182069312382657
720575940597856265,5172,0.35655731175252614,0.5546238347382239,0.5546238347382239,0.35655731175252614
720575940597856265,5173,1.0,,,
720575940597856265,5176,0.33982619372997025,0.5687775131560788,0.5687775131560788,0.33982619372997025
720575940597856265,5180,0.3202279132878275,0.5908760253563676,0.5908760253563676,0.3202279132878275
720575940597856265,5181,0.36282051282051275,0.5436711935413132,0.5436711935413132,0.36282051282051275
720575940597856265,5182,0.38069955365205144,0.5353119878678434,0.5353119878678434,0.38069955365205144
720575940597856265,5186,,,,
720575940597856265,5187,0.3539749929320195,0.5544003081632191,0.5544003081632191,0.3539749929320195
720575940597856265,5188,0.33001789717967267,0.5784869065530561,0.5784869065530561,0.33001789717967267
720575940597856265,5189,0.3251362799185299,0.5845471071348155,0.5845471071348155,0.3251362799185299
720575940597856265,5190,0.3669290509387858,0.5412813758547635,0.5412813758547635,0.3669290509387858
720575940597856265,5191,0.3584880164374391,0.5484647156685527,0.5484647156685527,0.3584880164374391
720575940597856265,5201,1.0,,,
720575940597856265,5220,1.0,,,
720575940597856265,5221,,,,
720575940597856265,5222,0.35394033606822195,0.5763118796961789,0.5763118796961789,0.35394033606822195
720575940597856265,5226,,,,
720575940597856265,5237,1.0,,,
720575940597856265,5239,,,,
720575940597856265,5240,,,,
720575940597856265,5241,1.0,,,
720575940597856265,5242,1.0,,,
720575940597856265,5250,1.0,,,
720575940597856265,5256,0.3513388273740843,0.5837441380131015,0.5837441380131015,0.3513388273740843
720575940597856265,5261,0.3635461198839288,0.5716241145538284,0.5716241145538284,0.3635461198839288
720575940597856265,5269,,,,
720575940597856265,5272,0.31159454746916293,0.61478796116073,0.61478796116073,0.31159454746916293
720575940597856265,5274,1.0,,,
720575940597856265,5280,1.0,,,
720575940597856265,5281,0.3254898134427121,0.598603261808766,0.598603261808766,0.3254898134427121
720575940597856265,5282,0.26556156245060336,0.6148158273055646,0.6148158273055646,0.26556156245060336
720575940597856265,5288,,,,
720575940597856265,5296,,,,
720575940597856265,5299,0.33586242599807226,0.585289428128345,0.585289428128345,0.33586242599807226
720575940597856265,5302,,,,
720575940597856265,5305,0.34627954953938656,0.5716347333669195,0.5716347333669195,0.34627954953938656
720575940597856265,5316,0.35669966351148863,0.5576648728671866,0.5576648728671866,0.35669966351148863
720575940597856265,5320,,,,
720575940597856265,5321,0.3765316864853634,0.5292490903934594,0.5292490903934594,0.3765316864853634
720575940597856265,5327,,,,
720575940597856265,5342,1.0,,,
720575940597856265,5344,1.0,,,
720575940597856265,5345,0.3869238367137139,0.5146406416138082,0.5146406416138082,0.3869238367137139
720575940597856265,5352,1.0,,,
720575940597856265,5360,1.0,,,
720575940597856265,5368,1.0,,,
720575940597856265,5369,0.2674233071975828,0.6132449862969889,0.6132449862969889,0.2674233071975828
720575940597856265,5383,,,,
720575940597856265,5384,1.0,,,
720575940597856265,5400,,,,
720575940597856265,5406,1.0,,,
720575940597856265,5417,1.0,,,
720575940597856265,5419,1.0,,,
720575940597856265,5432,0.2575522015256848,0.6176138936649233,0.6176138936649233,0.2575522015256848
720575940597856265,5437,1.0,,,
720575940597856265,5441,,,,
720575940597856265,5454,,,,
720575940597856265,5458,1.0,,,
720575940597856265,5470,1.0,,,
720575940597856265,5478,0.2777777777777778,0.5988917495265151,0.5988917495265151,0.2777777777777778
720575940597856265,5484,0.29850517739429816,0.5892602180123742,0.5892602180123742,0.29850517739429816
720575940597856265,5505,1.0,,,
720575940597856265,5510,1.0,,,
720575940597856265,5516,1.0,,,
720575940597856265,5525,,,,
720575940597856265,5534,1.0,,,
720575940597856265,5537,,,,
720575940597856265,5538,0.36360389693210726,0.5626470754988271,0.5626470754988271,0.36360389693210726
720575940597856265,5541,0.39473684210526316,0.5349742153234649,0.5349742153234649,0.39473684210526316
720575940597856265,5547,0.43333333333333324,0.511205150462963,0.511205150462963,0.43333333333333324
720575940597856265,5548,1.0,,,
720575940597856265,5550,,,,
720575940597856265,5551,,,,
720575940597856265,5565,0.478359469042699,0.4621409078949839,0.4621409078949839,0.478359469042699
720575940597856265,5569,0.5289442802340042,0.40788027818279593,0.40788027818279593,0.5289442802340042
720575940597856265,5573,0.5875210443078472,0.3480291188652539,0.3480291188652539,0.5875210443078472
720575940597856265,5578,,,,
720575940597856265,5585,0.6588384772970393,0.2843012689191339,0.2843012689191339,0.6588384772970393
720575940597856265,5586,1.0,,,
720575940597856265,5590,0.7550510257216821,0.22963966338592295,0.22963966338592295,1.0
720575940597856265,5599,1.0,,,
720575940597856265,5600,,,,
720575940597856265,5611,1.0,,,
720575940597856265,5617,,,,
720575940597856265,5620,1.0,,,
720575940597856265,5621,1.0,,,
720575940597856265,5627,1.0,,,
720575940597856265,5631,1.0,,,
720575940597856265,5646,,,,
720575940597856265,5675,1.0,,,
720575940597856265,5678,,,,
720575940597856265,5691,0.2677792503889448,0.613003179066099,0.613003179066099,0.2677792503889448
720575940597856265,5770,0.26721858955271227,0.6132140282427166,0.6132140282427166,0.26721858955271227
720575940597856265,5790,0.2667183484671982,0.613604785601551,0.613604785601551,0.2667183484671982
720575940597944841,0,0.3240725933995201,0.5728995586760134,0.5728995586760134,0.3240725933995201
720575940597944841,3,,,,
720575940597944841,4,,,,1.0
720575940597944841,6,,,,1.0
720575940597944841,20,0.3024179692285842,0.6453182319949019,0.6453182319949019,0.3024179692285842
720575940597944841,28,0.302777455726844,0.6455178568747758,0.6455178568747758,0.302777455726844
720575940597944841,29,0.2943671421474636,0.6509632067264987,0.6509632067264987,0.2943671421474636
720575940597944841,33,0.29231041896206966,0.6506453732934496,0.6506453732934496,0.29231041896206966
720575940597944841,34,1.0,,,
720575940597944841,35,,,,
720575940597944841,40,0.30491649241262775,0.6442188856814816,0.6442188856814816,0.30491649241262775
720575940597944841,45,0.29641733203277165,0.648004448516251,0.648004448516251,0.29641733203277165
720575940597944841,47,,,,
720575940597944841,57,0.3046205125408521,0.6396216023368568,0.6396216023368568,0.3046205125408521
720575940597944841,64,1.0,,,
720575940597944841,72,0.3150666613586939,0.6280637409829258,0.6280637409829258,0.3150666613586939
720575940597944841,81,,,,
720575940597944841,82,1.0,,,
720575940597944841,85,0.019664017628973518,0.8603115502877756,0.8603115502877756,0.019664017628973518
720575940597944841,86,0.32571723436304456,0.6163175094596599,0.6163175094596599,0.32571723436304456
720575940597944841,88,1.0,,,
720575940597944841,89,0.03794995756932307,0.837013771698206,0.837013771698206,0.03794995756932307
720575940597944841,98,0.33658505012963347,0.6044573913639262,0.6044573913639262,0.33658505012963347
720575940597944841,99,0.056543646950273585,0.8128942169526351,0.8128942169526351,0.056543646950273585
720575940597944841,101,0.07544525452645334,0.7879568886266168,0.7879568886266168,0.07544525452645334
720575940597944841,102,0.34768426377053663,0.5926556453509481,0.5926556453509481,0.34768426377053663
720575940597944841,104,0.7777777777777778,0.20138888888888887,0.20138888888888887,0.7777777777777778
720575940597944841,110,0.0016807941169325602,0.8828322101519044,0.8828322101519044,0.0016807941169325602
720575940597944841,111,0.3603260416044409,0.58011331292055,0.58011331292055,0.3603260416044409
720575940597944841,119,0.6785714285714286,0.3013392857142857,0.3013392857142857,0.6785714285714286
720575940597944841,120,-0.01600750087293412,0.9046355809718415,0.9046355809718415,-0.01600750087293412
720575940597944841,121,0.7521349665040832,0.24496036513463654,0.24496036513463654,0.7521349665040832
720575940597944841,123,,,,1.0
720575940597944841,126,,,,
720575940597944841,127,,,,
720575940597944841,129,,,,1.0
720575940597944841,131,0.7391254026250246,0.2567984317909915,0.2567984317909915,1.0
720575940597944841,136,0.5807372542187894,0.39960980457271633,0.39960980457271633,0.5807372542187894
720575940597944841,137,1.0,,,
720575940597944841,139,0.0637382434289232,0.7883571246955551,0.7883571246955551,0.0637382434289232
720575940597944841,143,0.5010298672108342,0.4804536630176929,0.4804536630176929,0.5010298672108342
720575940597944841,147,1.0,,,
720575940597944841,149,,,,
720575940597944841,154,0.08767483156494571,0.7584368419704187,0.7584368419704187,0.08767483156494571
720575940597944841,155,1.0,,,
720575940597944841,156,,,,
720575940597944841,163,0.11244131649413358,0.7290035249052979,0.7290035249052979,0.11244131649413358
720575940597944841,171,,,,
720575940597944841,175,0.5618323849900162,0.42481719549014835,0.42481719549014835,0.5618323849900162
720575940597944841,176,1.0,,,
720575940597944841,181,0.13814249790962263,0.7026782070717756,0.7026782070717756,0.13814249790962263
720575940597944841,192,1.0,,,
720575940597944841,193,0.5092522711888181,0.4679036776327968,0.4679036776327968,0.5092522711888181
720575940597944841,194,1.0,,,
720575940597944841,201,0.08519824830843326,0.7510850608868116,0.7510850608868116,0.08519824830843326
720575940597944841,202,1.0,,,
720575940597944841,207,0.4823876415338991,0.4852931786131455,0.4852931786131455,0.4823876415338991
720575940597944841,208,0.4973764118343914,0.4780113002964501,0.4780113002964501,0.4973764118343914
720575940597944841,209,1.0,,,
720575940597944841,210,1.0,,,
720575940597944841,211,1.0,,,
720575940597944841,221,1.0,,,
720575940597944841,224,,,,
720575940597944841,225,0.08712907082472321,0.75290060033217,0.75290060033217,0.08712907082472321
720575940597944841,242,,,,
720575940597944841,247,1.0,,,
720575940597944841,248,1.0,,,
720575940597944841,254,1.0,,,
720575940597944841,260,0.4884237694620517,0.475476504489788,0.475476504489788,0.4884237694620517
720575940597944841,264,,,,
720575940597944841,269,,,,
720575940597944841,280,0.1286232039690539,0.7488394340890943,0.7488394340890943,0.1286232039690539
720575940597944841,286,0.35810517533802066,0.5882850866599653,0.5882850866599653,0.35810517533802066
720575940597944841,289,,,,
720575940597944841,299,,,,
720575940597944841,314,,,,
720575940597944841,334,1.0,,,
720575940597944841,343,0.11546203732829685,0.7888153937946147,0.7888153937946147,0.11546203732829685
720575940597944841,347,1.0,,,
720575940597944841,351,,,,
720575940597944841,355,0.3547950376755211,0.5964269664058536,0.5964269664058536,0.3547950376755211
720575940597944841,364,,,,
720575940597944841,371,-0.030982623552903155,0.9321801221290832,0.9321801221290832,-0.030982623552903155
720575940597944841,373,,,,
720575940597944841,380,1.0,,,
720575940597944841,391,1.0,0.5625,0.5625,1.0
720575940597944841,394,1.0,0.7660323462854264,0.7660323462854264,0.057190958417936644
720575940597944841,398,1.0,1.0593750000000002,1.0593750000000002,-0.20000000000000018
720575940597944841,399,1.0,0.9246625404990101,0.9246625404990101,-0.08253175473054841
720575940597944841,402,0.37205477448966406,0.5984132958748055,0.5984132958748055,0.37205477448966406
720575940597944841,434,0.4961742935468638,0.48669479190418996,0.48669479190418996,0.4961742935468638
720575940597944841,439,0.5345437508312294,0.44741641041009317,0.44741641041009317,0.5345437508312294
720575940597944841,440,,,,
720575940597944841,442,,,,
720575940597944841,444,0.5677371042147333,0.4128712192470483,0.4128712192470483,0.5677371042147333
720575940597944841,449,0.3804751092768234,0.5891431187619147,0.5891431187619147,0.3804751092768234
720575940597944841,453,0.6040296289844123,0.3749924485277014,0.3749924485277014,0.6040296289844123
720575940597944841,454,0.6444444444444445,0.3327690972222222,0.3327690972222222,0.6444444444444445
720575940597944841,456,0.290937179720659,0.6617151475700038,0.6617151475700038,0.290937179720659
720575940597944841,463,1.0,,,
720575940597944841,464,0.7461667964971368,0.22780538478430792,0.22780538478430792,0.7461667964971368
720575940597944841,466,0.6907052129341291,0.2846277223421931,0.2846277223421931,0.6907052129341291
720575940597944841,467,0.3159810350257499,0.6348405107306409,0.6348405107306409,0.3159810350257499
720575940597944841,471,,,,
720575940597944841,472,1.0,,,
720575940597944841,473,0.8194444444444444,0.15587022569444442,0.15587022569444442,1.0
720575940597944841,475,0.34233294779417944,0.607028080734097,0.607028080734097,0.34233294779417944
720575940597944841,478,0.351365131461429,0.598944881843711,0.598944881843711,0.351365131461429
720575940597944841,482,0.37023302300573113,0.5788106254275155,0.5788106254275155,0.37023302300573113
720575940597944841,488,0.4,0.5516479492187499,0.5516479492187499,0.4
720575940597944841,490,1.0,,,
720575940597944841,491,0.3479542231045014,0.6021175509871814,0.6021175509871814,0.3479542231045014
720575940597944841,492,0.4320698609360982,0.5291772175584564,0.5291772175584564,0.4320698609360982
720575940597944841,495,0.46587301936198955,0.5213475753395425,0.5213475753395425,0.46587301936198955
720575940597944841,499,0.5069933514083653,0.47907664302595954,0.47907664302595954,0.5069933514083653
720575940597944841,503,1.0,,,
720575940597944841,510,1.0,,,
720575940597944841,519,0.5533147137163679,0.4314177227876096,0.4314177227876096,0.5533147137163679
720575940597944841,522,1.0,,,
720575940597944841,526,,,,
720575940597944841,527,1.0,,,
720575940597944841,531,1.0,,,
720575940597944841,532,0.3445620608836767,0.605600354523937,0.605600354523937,0.3445620608836767
720575940597944841,542,0.6072077975752137,0.3760848952035932,0.3760848952035932,0.6072077975752137
720575940597944841,543,1.0,,,
720575940597944841,546,,,,
720575940597944841,547,0.6733473709959258,0.30878881335541386,0.30878881335541386,0.6733473709959258
720575940597944841,550,0.763772204369233,0.21900285219935695,0.21900285219935695,1.0
720575940597944841,554,1.0,,,
720575940597944841,561,0.3411883944673404,0.6092228562368875,0.6092228562368875,0.3411883944673404
720575940597944841,562,1.0,,,
720575940597944841,569,,,,
720575940597944841,570,1.0,,,
720575940597944841,571,0.35459016066215654,0.5973904714578868,0.5973904714578868,0.35459016066215654
720575940597944841,572,1.0,,,
720575940597944841,577,1.0,,,
720575940597944841,586,1.0,,,
720575940597944841,589,1.0,,,
720575940597944841,600,,,,
720575940597944841,614,0.3511435664482455,0.6011816015872891,0.6011816015872891,0.3511435664482455
720575940597944841,615,1.0,,,
720575940597944841,621,,,,
720575940597944841,669,0.34771811266376496,0.6049569154020844,0.6049569154020844,0.34771811266376496
720575940597944841,675,0.3443134210038894,0.608710363800417,0.608710363800417,0.3443134210038894
720575940597944841,689,0.34092912339536163,0.6124392529424104,0.6124392529424104,0.34092912339536163
720575940597944841,707,0.33859291814780534,0.6151863289398023,0.6151863289398023,0.33859291814780534
720575940597944841,959,0.3353126254685709,0.6188030686599596,0.6188030686599596,0.3353126254685709
720575940597944841,1015,0.33205068325997444,0.6223949824926934,0.6223949824926934,0.33205068325997444
720575940597944841,1018,0.33524176824756147,0.6199610623512136,0.6199610623512136,0.33524176824756147
720575940597944841,1019,1.0,,,
720575940597944841,1024,,,,
720575940597944841,1070,0.331812459909156,0.6227062950374594,0.6227062950374594,0.331812459909156
720575940597944841,1119,,,,
720575940597944841,1124,,,,
720575940597944841,1128,1.0,,,
720575940597944841,1129,1.0,,,
720575940597944841,1153,1.0,,,
720575940597944841,1168,,,,
720575940597944841,1171,0.328623613757114,0.6257214969712512,0.6257214969712512,0.328623613757114
720575940597944841,1175,1.0,,,
720575940597944841,1179,0.4696699141100894,0.397747564417433,0.397747564417433,1.0
720575940597944841,1182,0.29999999999999993,0.56875,0.56875,1.0
720575940597944841,1193,,,,
720575940597944841,1197,1.0,,,
720575940597944841,1206,0.23453445538025686,0.5581519596185628,0.5581519596185628,1.0
720575940597944841,1216,,,,
720575940597944841,1217,,,,
720575940597944841,1218,0.3345272345021101,0.603164456308339,0.603164456308339,0.3345272345021101
720575940597944841,1236,1.0,,,
720575940597944841,1240,0.3826730736744952,0.4792723695593518,0.4792723695593518,0.3826730736744952
720575940597944841,1243,0.3315659883773219,0.605032224063204,0.605032224063204,0.3315659883773219
720575940597944841,1251,1.0,,,
720575940597944841,1252,,,,
720575940597944841,1263,,,,
720575940597944841,1265,0.3287380520421005,0.6074930892968462,0.6074930892968462,0.3287380520421005
720575940597944841,1270,,,,
720575940597944841,1271,0.09288526477785464,0.6449018820719938,0.6449018820719938,1.0
720575940597944841,1275,-0.030812199116074357,0.7054620987700634,0.7054620987700634,1.0
720575940597944841,1280,-0.14904851942813968,0.806428583296572,0.806428583296572,1.0
720575940597944841,1286,0.6220532755514179,0.3398075693121692,0.3398075693121692,0.6220532755514179
720575940597944841,1288,0.40578563931255607,0.46541817694655047,0.46541817694655047,0.40578563931255607
720575940597944841,1302,0.7045804216496014,0.26599301878815185,0.26599301878815185,0.7045804216496014
720575940597944841,1306,1.0,,,
720575940597944841,1310,0.6608316176796489,0.3027784413005634,0.3027784413005634,0.6608316176796489
720575940597944841,1311,1.0,,,
720575940597944841,1314,1.0,0.0,0.0,1.0
720575940597944841,1317,0.7153950105848459,0.25051168339146374,0.25051168339146374,0.7153950105848459
720575940597944841,1318,,,,
720575940597944841,1322,,,,
720575940597944841,1323,1.0,,,
720575940597944841,1324,0.7853425842826552,0.18447121663209315,0.18447121663209315,0.7853425842826552
720575940597944841,1325,0.8743851413957344,0.10991300127873237,0.10991300127873237,0.8743851413957344
720575940597944841,1328,,,,
720575940597944841,1331,0.32302430783611,0.6097252126253162,0.6097252126253162,0.32302430783611
720575940597944841,1332,,,,
720575940597944841,1337,1.0,,,
720575940597944841,1344,,,,
720575940597944841,1346,,,,
720575940597944841,1349,,,,
720575940597944841,1369,1.0,,,
720575940597944841,1382,,,,
720575940597944841,1384,1.0,,,
720575940597944841,1388,1.0,,,
720575940597944841,1394,,,,
720575940597944841,1395,,,,
720575940597944841,1402,1.0,,,
720575940597944841,1417,0.7744664445910884,0.20174681323687801,0.20174681323687801,0.7744664445910884
720575940597944841,1427,1.0,,,
720575940597944841,1431,1.0,,,
720575940597944841,1434,,,,
720575940597944841,1435,0.32404385730087015,0.6061016145999861,0.6061016145999861,0.32404385730087015
720575940597944841,1439,1.0,,,
720575940597944841,1442,0.7206186636081312,0.24482244712464546,0.24482244712464546,0.7206186636081312
720575940597944841,1446,,,,
720575940597944841,1447,,,,
720575940597944841,1450,,,,
720575940597944841,1452,1.0,,,
720575940597944841,1459,,,,
720575940597944841,1460,,,,
720575940597944841,1464,1.0,,,
720575940597944841,1469,0.6407954246390258,0.30611900335124687,0.30611900335124687,0.6407954246390258
720575940597944841,1485,1.0,,,
720575940597944841,1491,1.0,,,
720575940597944841,1499,0.3114120288042821,0.6103451596679974,0.6103451596679974,0.3114120288042821
720575940597944841,1501,1.0,,,
720575940597944841,1503,0.3088810136929253,0.6119005987812878,0.6119005987812878,0.3088810136929253
720575940597944841,1506,,,,
720575940597944841,1511,0.3078011898642323,0.6128376060585985,0.6128376060585985,0.3078011898642323
720575940597944841,1519,0.5628071751074063,0.37588336233929637,0.37588336233929637,0.5628071751074063
720575940597944841,1525,1.0,,,
720575940597944841,1526,0.30671085139920407,0.6141114969435011,0.6141114969435011,0.30671085139920407
720575940597944841,1532,0.30717967697244897,0.5629165124598852,0.5629165124598852,1.0
720575940597944841,1534,0.49229220335053636,0.4225664772352118,0.4225664772352118,0.49229220335053636
720575940597944841,1535,0.3056105011472694,0.6155529489330446,0.6155529489330446,0.3056105011472694
720575940597944841,1542,0.5580582617584078,0.33145630368119416,0.33145630368119416,1.0
720575940597944841,1549,0.5358094219415788,0.3964961187582349,0.3964961187582349,1.0
720575940597944841,1557,0.5177015839205173,0.4024648403710136,0.4024648403710136,0.5177015839205173
720575940597944841,1572,0.23665265595696838,0.576030718765979,0.576030718765979,1.0
720575940597944841,1574,0.3045006175880076,0.617077775500659,0.617077775500659,0.3045006175880076
720575940597944841,1578,0.24355205018129022,0.61989699493771,0.61989699493771,0.24355205018129022
720575940597944841,1579,0.2793041747536811,0.6006154000546012,0.6006154000546012,0.2793041747536811
720575940597944841,1580,0.23518609308339622,0.6275655495628563,0.6275655495628563,0.23518609308339622
720575940597944841,1590,1.0,,,
720575940597944841,1594,0.41202526779266635,0.4997402427712722,0.4997402427712722,1.0
720575940597944841,1598,0.5238882394851075,0.4026153009017181,0.4026153009017181,0.5238882394851075
720575940597944841,1602,0.26821326619217134,0.5588449471071504,0.5588449471071504,1.0
720575940597944841,1603,,,,
720575940597944841,1608,1.0,,,
720575940597944841,1617,0.14299569417164926,0.7213817005944794,0.7213817005944794,0.14299569417164926
720575940597944841,1626,0.5220959936884388,0.4103033541600953,0.4103033541600953,0.5220959936884388
720575940597944841,1627,,,,
720575940597944841,1629,0.3038187440699823,0.6182559094380067,0.6182559094380067,0.3038187440699823
720575940597944841,1632,0.8095238095238095,0.1636904761904762,0.1636904761904762,1.0
720575940597944841,1636,1.0,,,
720575940597944841,1639,0.5163844193965654,0.4211259379852202,0.4211259379852202,0.5163844193965654
720575940597944841,1644,,,,
720575940597944841,1645,,,,
720575940597944841,1651,1.0,,,
720575940597944841,1652,0.519863817268211,0.4233200855359134,0.4233200855359134,0.519863817268211
720575940597944841,1660,0.14285714285714302,0.7303137400793649,0.7303137400793649,0.14285714285714302
720575940597944841,1667,0.5218098719300633,0.42612988410504055,0.42612988410504055,0.5218098719300633
720575940597944841,1668,1.0,,,
720575940597944841,1686,0.5125518302963998,0.4383728252866251,0.4383728252866251,0.5125518302963998
720575940597944841,1693,,,,
720575940597944841,1695,0.5029285662093298,0.45055952028170126,0.45055952028170126,0.5029285662093298
720575940597944841,1698,0.30628941877776383,0.5909421318787915,0.5909421318787915,0.30628941877776383
720575940597944841,1700,,,,1.0
720575940597944841,1705,1.0,,,
720575940597944841,1709,1.0,,,
720575940597944841,1718,,,,
720575940597944841,1719,,,,1.0
720575940597944841,1725,,,,
720575940597944841,1732,0.49337343651799026,0.46236083797171973,0.46236083797171973,0.49337343651799026
720575940597944841,1733,1.0,,,
720575940597944841,1736,,,,
720575940597944841,1740,0.280242906413529,0.5780144899866277,0.5780144899866277,0.280242906413529
720575940597944841,1744,,,,
720575940597944841,1745,0.28452736976839255,0.5743991190165398,0.5743991190165398,0.28452736976839255
720575940597944841,1751,0.11663892806327325,0.6762608964569865,0.6762608964569865,0.11663892806327325
720575940597944841,1752,,,,1.0
720575940597944841,1754,1.0,,,
720575940597944841,1759,,,,
720575940597944841,1761,,,,
720575940597944841,1765,0.08283465416831748,0.6958103215910549,0.6958103215910549,0.08283465416831748
720575940597944841,1773,0.17363989222802823,0.6626652815390895,0.6626652815390895,0.17363989222802823
720575940597944841,1783,0.18655780351529416,0.6504472758395853,0.6504472758395853,0.18655780351529416
720575940597944841,1786,,,,
720575940597944841,1791,0.18777463134471617,0.6443832039426493,0.6443832039426493,0.18777463134471617
720575940597944841,1800,0.17948717948717952,0.7353766025641026,0.7353766025641026,0.17948717948717952
720575940597944841,1801,1.0,,,
720575940597944841,1814,0.28203354076315323,0.5766124455904162,0.5766124455904162,0.28203354076315323
720575940597944841,1820,,,,
720575940597944841,1823,0.14171660380774354,0.6636660002300678,0.6636660002300678,0.14171660380774354
720575940597944841,1837,1.0,,,
720575940597944841,1841,0.24480677677318008,0.6659916427303484,0.6659916427303484,0.24480677677318008
720575940597944841,1849,1.0,,,
720575940597944841,1855,0.2938983462315462,0.5514718380602321,0.5514718380602321,0.2938983462315462
720575940597944841,1860,0.03585899992303687,0.7271008843738866,0.7271008843738866,0.03585899992303687
720575940597944841,1861,0.26515307716504644,0.6343795701036121,0.6343795701036121,0.26515307716504644
720575940597944841,1862,0.2952726144195187,0.5552415820442241,0.5552415820442241,0.2952726144195187
720575940597944841,1875,,,,
720575940597944841,1882,0.3061493054014496,0.5514293345732101,0.5514293345732101,0.3061493054014496
720575940597944841,1883,1.0,,,
720575940597944841,1885,0.3045118101898777,0.5573353153775294,0.5573353153775294,0.3045118101898777
720575940597944841,1899,0.19663230768790296,0.6372176448589634,0.6372176448589634,0.19663230768790296
720575940597944841,1901,-0.03251942993330581,0.7800481896945712,0.7800481896945712,-0.03251942993330581
720575940597944841,1906,1.0,,,
720575940597944841,1909,,,,
720575940597944841,1916,,,,
720575940597944841,1920,0.3010075589254292,0.5783562682557525,0.5783562682557525,0.3010075589254292
720575940597944841,1922,0.21105894799478542,0.6615599446502057,0.6615599446502057,0.21105894799478542
720575940597944841,1936,0.2783121635129677,0.5807331809231587,0.5807331809231587,0.2783121635129677
720575940597944841,1946,,,,
720575940597944841,1950,,,,
720575940597944841,1952,,,,
720575940597944841,1953,1.0,,,
720575940597944841,1955,-0.02950323124418075,0.8475860780183051,0.8475860780183051,-0.02950323124418075
720575940597944841,1958,0.3571428571428572,0.4866071428571428,0.4866071428571428,0.3571428571428572
720575940597944841,1959,0.2939775959459221,0.584098295075262,0.584098295075262,0.2939775959459221
720575940597944841,1961,1.0,0.0,0.0,1.0
720575940597944841,1969,1.0,,,
720575940597944841,1973,,,,
720575940597944841,1976,1.0,,,
720575940597944841,1983,0.5958548115672619,0.23575135991909715,0.23575135991909715,1.0
720575940597944841,1984,1.0,,,
720575940597944841,1991,,,,
720575940597944841,1994,0.45566894604818264,0.3742275995918744,0.3742275995918744,0.45566894604818264
720575940597944841,1995,,,,
720575940597944841,1999,,,,
720575940597944841,2006,-0.003839091148759355,0.762265598427024,0.762265598427024,-0.003839091148759355
720575940597944841,2010,,,,
720575940597944841,2028,,,,
720575940597944841,2029,1.0,,,
720575940597944841,2044,1.0,,,
720575940597944841,2045,1.0,,,
720575940597944841,2054,0.28689169836341566,0.5878401723654653,0.5878401723654653,0.28689169836341566
720575940597944841,2056,0.281781045751634,0.5781171052133355,0.5781171052133355,0.281781045751634
720575940597944841,2060,1.0,,,
720575940597944841,2063,1.0,,,
720575940597944841,2065,1.0,,,
720575940597944841,2077,,,,
720575940597944841,2081,0.2673652751924964,0.5956871347539122,0.5956871347539122,0.2673652751924964
720575940597944841,2093,1.0,,,
720575940597944841,2103,1.0,,,
720575940597944841,2113,1.0,,,
720575940597944841,2126,0.2746235567820766,0.5916674550226781,0.5916674550226781,0.2746235567820766
720575940597944841,2130,,,,
720575940597944841,2140,,,,
720575940597944841,2142,0.008995589061172482,0.8371462991388249,0.8371462991388249,0.008995589061172482
720575940597944841,2145,,,,
720575940597944841,2162,1.0,,,
720575940597944841,2165,0.024851659636193624,0.8347470779188646,0.8347470779188646,0.024851659636193624
720575940597944841,2166,1.0,,,
720575940597944841,2168,0.02554570176962545,0.7356124621877987,0.7356124621877987,0.02554570176962545
720575940597944841,2183,1.0,,,
720575940597944841,2191,,,,
720575940597944841,2195,-0.09750762442219685,0.8204260629367935,0.8204260629367935,-0.09750762442219685
720575940597944841,2197,,,,
720575940597944841,2199,1.0,,,
720575940597944841,2202,-0.07125146115850778,0.7983000491219147,0.7983000491219147,-0.07125146115850778
720575940597944841,2203,1.0,,,
720575940597944841,2204,0.04468238595071172,0.8367842945096371,0.8367842945096371,0.04468238595071172
720575940597944841,2215,0.060835099231738465,0.8260241546640975,0.8260241546640975,0.060835099231738465
720575940597944841,2218,1.0,,,
720575940597944841,2235,1.0,,,
720575940597944841,2239,1.0,,,
720575940597944841,2241,1.0,,,
720575940597944841,2250,1.0,,,
720575940597944841,2252,,,,
720575940597944841,2254,1.0,,,
720575940597944841,2258,-0.1031913868113854,0.9734836050090185,0.9734836050090185,-0.1031913868113854
720575940597944841,2260,1.0,,,
720575940597944841,2265,-0.11121555064712796,0.9850633072482994,0.9850633072482994,-0.11121555064712796
720575940597944841,2267,,,,
720575940597944841,2271,1.0,,,
720575940597944841,2275,1.0,,,
720575940597944841,2277,,,,
720575940597944841,2291,-0.13525259563248393,0.9986401016987269,0.9986401016987269,-0.13525259563248393
720575940597944841,2296,,,,
720575940597944841,2297,,,,
720575940597944841,2303,,,,
720575940597944841,2325,-0.06851691379300506,0.7909929113148599,0.7909929113148599,-0.06851691379300506
720575940597944841,2331,-0.03704887946569957,0.7730255804731571,0.7730255804731571,-0.03704887946569957
720575940597944841,2335,1.0,,,
720575940597944841,2342,,,,
720575940597944841,2346,0.02552650655044797,0.7542679665809864,0.7542679665809864,0.02552650655044797
720575940597944841,2349,0.5994448297120053,0.3238864072250582,0.3238864072250582,0.5994448297120053
720575940597944841,2360,-0.05280317428772574,0.8255547352088353,0.8255547352088353,-0.05280317428772574
720575940597944841,2370,1.0,,,
720575940597944841,2383,1.0,,,
720575940597944841,2389,0.5731142952045856,0.3364689409324968,0.3364689409324968,0.5731142952045856
720575940597944841,2412,0.3238331882080173,0.5756575308993668,0.5756575308993668,0.3238331882080173
720575940597944841,2414,0.6643414433286905,0.2727225772954389,0.2727225772954389,0.6643414433286905
720575940597944841,2419,,,,
720575940597944841,2420,0.7204915028125263,0.25330457557614805,0.25330457557614805,1.0
720575940597944841,2422,1.0,,,
720575940597944841,2423,,,,
720575940597944841,2428,1.0,,,
720575940597944841,2429,1.0,,,
720575940597944841,2435,,,,
720575940597944841,2437,1.0,,,
720575940597944841,2440,1.0,,,
720575940597944841,2441,1.0,,,
720575940597944841,2450,,,,
720575940597944841,2461,0.5305994098187562,0.385544130581157,0.385544130581157,0.5305994098187562
720575940597944841,2470,,,,
720575940597944841,2472,1.0,,,
720575940597944841,2479,0.4814550271298651,0.43583434894228135,0.43583434894228135,0.4814550271298651
720575940597944841,2481,,,,
720575940597944841,2484,1.0,,,
720575940597944841,2489,-0.12820970695041578,0.9930635309355911,0.9930635309355911,-0.12820970695041578
720575940597944841,2491,,,,
720575940597944841,2504,0.030093228809708106,0.821377957169513,0.821377957169513,0.030093228809708106
720575940597944841,2505,-0.013249722427793209,0.8247211086779179,0.8247211086779179,-0.013249722427793209
720575940597944841,2507,0.40807468477606923,0.5082021424057397,0.5082021424057397,0.40807468477606923
720575940597944841,2515,,,,
720575940597944841,2522,1.0,,,
720575940597944841,2555,,,,
720575940597944841,2562,0.3835886971764645,0.4908265293356838,0.4908265293356838,0.3835886971764645
720575940597944841,2571,0.4772727272727273,0.44700668797348486,0.44700668797348486,0.4772727272727273
720575940597944841,2574,,,,
720575940597944841,2575,,,,
720575940597944841,2578,1.0,,,
720575940597944841,2580,0.4336721155308766,0.466093326791971,0.466093326791971,0.4336721155308766
720575940597944841,2586,1.0,,,
720575940597944841,2597,0.06646473272934394,0.7913584427853213,0.7913584427853213,0.06646473272934394
720575940597944841,2606,1.0,,,
720575940597944841,2612,1.0,,,
720575940597944841,2613,0.07841240964630547,0.774079576624231,0.774079576624231,0.07841240964630547
720575940597944841,2625,1.0,,,
720575940597944841,2629,0.29746552575692065,0.5463068023759661,0.5463068023759661,0.29746552575692065
720575940597944841,2645,,,,
720575940597944841,2658,0.5436507936507937,0.38896639384920634,0.38896639384920634,0.5436507936507937
720575940597944841,2662,1.0,,,
720575940597944841,2664,1.0,,,
720575940597944841,2669,-0.12288582508520651,0.9976663216885733,0.9976663216885733,-0.12288582508520651
720575940597944841,2675,0.4151841339292469,0.5067370736837956,0.5067370736837956,0.4151841339292469
720575940597944841,2684,0.478916301671924,0.46772323540278016,0.46772323540278016,0.478916301671924
720575940597944841,2690,,,,
720575940597944841,2692,0.3200071137441558,0.5768306781450467,0.5768306781450467,0.3200071137441558
720575940597944841,2694,,,,
720575940597944841,2704,,,,
720575940597944841,2708,1.0,,,
720575940597944841,2714,,,,
720575940597944841,2715,1.0,,,
720575940597944841,2718,,,,
720575940597944841,2727,0.2922247677820702,0.5788299222323089,0.5788299222323089,0.2922247677820702
720575940597944841,2732,1.0,,,
720575940597944841,2737,1.0,,,
720575940597944841,2739,0.12706717397614153,0.7321799853694039,0.7321799853694039,0.12706717397614153
720575940597944841,2743,-0.06242543051946092,0.9711278045195026,0.9711278045195026,-0.06242543051946092
720575940597944841,2745,1.0,,,
720575940597944841,2755,0.763772204369233,0.23438226597740167,0.23438226597740167,1.0
720575940597944841,2762,1.0,,,
720575940597944841,2769,0.6225017470683216,0.306061951595649,0.306061951595649,0.6225017470683216
720575940597944841,2772,0.6733473709959258,0.2977302608110051,0.2977302608110051,0.6733473709959258
720575940597944841,2774,0.6857303194726456,0.2516612676097955,0.2516612676097955,0.6857303194726456
720575940597944841,2775,0.4989174941330017,0.44845524202233167,0.44845524202233167,0.4989174941330017
720575940597944841,2777,0.7083940782400979,0.21414809879242813,0.21414809879242813,1.0
720575940597944841,2780,1.0,,,
720575940597944841,2790,0.17233035754774906,0.7084496500091777,0.7084496500091777,0.17233035754774906
720575940597944841,2801,,,,
720575940597944841,2803,1.0,,,
720575940597944841,2804,1.0,,,
720575940597944841,2807,,,,
720575940597944841,2808,,,,
720575940597944841,2822,,,,
720575940597944841,2831,1.0,,,
720575940597944841,2834,1.0,,,
720575940597944841,2839,1.0,,,
720575940597944841,2840,1.0,,,
720575940597944841,2845,0.5677371042147332,0.36725460872381055,0.36725460872381055,0.5677371042147332
720575940597944841,2846,1.0,,,
720575940597944841,2848,0.4373248531554752,0.5017572625072788,0.5017572625072788,0.4373248531554752
720575940597944841,2851,1.0,,,
720575940597944841,2861,,,,
720575940597944841,2864,,,,
720575940597944841,2872,1.0,,,
720575940597944841,2879,0.6555405049211156,0.30678423780463143,0.30678423780463143,0.6555405049211156
720575940597944841,2887,,,,
720575940597944841,2889,1.0,0.5625,0.5625,1.0
720575940597944841,2891,0.5894398085762662,0.3728240198578856,0.3728240198578856,0.5894398085762662
720575940597944841,2893,0.5533147137163679,0.41273313317581056,0.41273313317581056,0.5533147137163679
720575940597944841,2897,0.6072077975752137,0.35852517434866565,0.35852517434866565,0.6072077975752137
720575940597944841,2898,0.29999999999999993,0.39375,0.39375,1.0
720575940597944841,2909,,,,
720575940597944841,2910,1.0,,,
720575940597944841,2916,0.2928932188134524,0.451762665758072,0.451762665758072,0.2928932188134524
720575940597944841,2917,0.6869504831500295,0.29268906975797054,0.29268906975797054,0.6869504831500295
720575940597944841,2920,0.2333333333333334,0.6273318276320301,0.6273318276320301,0.2333333333333334
720575940597944841,2922,,,,
720575940597944841,2923,,,,
720575940597944841,2924,0.3076923076923077,0.5830829326923077,0.5830829326923077,0.3076923076923077
720575940597944841,2925,1.0,,,
720575940597944841,2929,0.6283722405216203,0.341388935438792,0.341388935438792,0.6283722405216203
720575940597944841,2932,0.39957654657359143,0.5390372124670113,0.5390372124670113,0.39957654657359143
720575940597944841,2933,1.0,,,
720575940597944841,2934,0.6387890190192647,0.33182535457119683,0.33182535457119683,0.6387890190192647
720575940597944841,2946,0.5783629786442162,0.35287395244326836,0.35287395244326836,0.5783629786442162
720575940597944841,2954,-0.05607720399637017,0.9622090462386783,0.9622090462386783,-0.05607720399637017
720575940597944841,2956,1.0,,,
720575940597944841,2975,0.6336701496847055,0.297118312189319,0.297118312189319,0.6336701496847055
720575940597944841,2987,-0.052341140030170985,0.9583889914352532,0.9583889914352532,-0.052341140030170985
720575940597944841,3011,1.0,,,
720575940597944841,3012,,,,
720575940597944841,3024,0.2576925110419098,0.5219349531736571,0.5219349531736571,0.2576925110419098
720575940597944841,3026,-0.05238095238095242,0.96469242156498,0.96469242156498,-0.05238095238095242
720575940597944841,3028,0.2546440075000701,0.5605698193593223,0.5605698193593223,0.2546440075000701
720575940597944841,3034,0.24973412376397264,0.6017609532507832,0.6017609532507832,0.24973412376397264
720575940597944841,3048,0.20833333333333337,0.6201503423996914,0.6201503423996914,0.20833333333333337
720575940597944841,3051,0.3187738407285424,0.5777225495193347,0.5777225495193347,0.3187738407285424
720575940597944841,3054,0.22685140732477238,0.5888844942473257,0.5888844942473257,0.22685140732477238
720575940597944841,3058,,,,
720575940597944841,3065,0.008049893100837813,0.9299683611754063,0.9299683611754063,0.008049893100837813
720575940597944841,3066,0.19287478481367304,0.5950680116593637,0.5950680116593637,0.19287478481367304
720575940597944841,3068,0.31862761684743734,0.5779502858680802,0.5779502858680802,0.31862761684743734
720575940597944841,3075,0.31847601439758033,0.5783099854913288,0.5783099854913288,0.31847601439758033
720575940597944841,3083,0.22222222222222232,0.5538194444444444,0.5538194444444444,0.22222222222222232
720575940597944841,3091,-0.0011827325245505893,0.9329536047676117,0.9329536047676117,-0.0011827325245505893
720575940597944841,3092,,,,
720575940597944841,3099,1.0,,,
720575940597944841,3103,0.12793348877508193,0.6167044425444732,0.6167044425444732,0.12793348877508193
720575940597944841,3104,,,,
720575940597944841,3108,,,,
720575940597944841,3114,0.32791153902444525,0.570229437738543,0.570229437738543,0.32791153902444525
720575940597944841,3116,,,,
720575940597944841,3118,-0.023653781066657054,0.9469547221288257,0.9469547221288257,-0.023653781066657054
720575940597944841,3120,0.6872686041889527,0.26875354327511874,0.26875354327511874,0.6872686041889527
720575940597944841,3127,,,,
720575940597944841,3135,-0.071251461158508,0.9821548633961387,0.9821548633961387,-0.071251461158508
720575940597944841,3136,0.7773191142924384,0.18092821963739383,0.18092821963739383,1.0
720575940597944841,3138,0.4709599429871135,0.467988556021677,0.467988556021677,0.4709599429871135
720575940597944841,3139,,,,
720575940597944841,3143,1.0,,,
720575940597944841,3148,-0.1759494644146673,1.0661348476816082,1.0661348476816082,-0.1759494644146673
720575940597944841,3153,1.0,,,
720575940597944841,3159,-0.469861839480328,1.3136069954953935,1.3136069954953935,1.0
720575940597944841,3169,-0.3778379803155376,1.2082993225813992,1.2082993225813992,1.0
720575940597944841,3170,1.0,,,
720575940597944841,3178,1.0,,,
720575940597944841,3179,1.0,,,
720575940597944841,3180,,,,
720575940597944841,3181,-0.27775312999987967,1.0920796282967722,1.0920796282967722,1.0
720575940597944841,3187,0.2227977145524268,0.6601014946714321,0.6601014946714321,0.2227977145524268
720575940597944841,3193,1.0,,,
720575940597944841,3198,0.06686105036831314,0.7909810627737346,0.7909810627737346,1.0
720575940597944841,3209,0.5580582617584078,0.33145630368119416,0.33145630368119416,1.0
720575940597944841,3210,0.2173762078750736,0.6603388246054066,0.6603388246054066,1.0
720575940597944841,3214,1.0,,,
720575940597944841,3216,1.0,,,
720575940597944841,3218,1.0,,,
720575940597944841,3223,0.37390096630005887,0.5674022492905717,0.5674022492905717,1.0
720575940597944841,3229,,,,
720575940597944841,3232,,,,
720575940597944841,3235,0.3298493338398837,0.5687609858389396,0.5687609858389396,0.3298493338398837
720575940597944841,3242,1.0,,,
720575940597944841,3243,1.0,,,
720575940597944841,3245,-0.16666666666666652,0.9615885416666666,0.9615885416666666,1.0
720575940597944841,3246,,,,
720575940597944841,3247,,,,
720575940597944841,3249,0.375,0.5341796875,0.5341796875,0.375
720575940597944841,3254,1.0,,,
720575940597944841,3255,,,,
720575940597944841,3259,,,,
720575940597944841,3261,-0.039230484541326494,0.8118988160479113,0.8118988160479113,1.0
720575940597944841,3273,1.0,,,
720575940597944841,3287,,,,
720575940597944841,3295,0.546154595068427,0.39522001339121765,0.39522001339121765,0.546154595068427
720575940597944841,3308,0.6229592020568471,0.32493227457832874,0.32493227457832874,0.6229592020568471
720575940597944841,3323,0.11611652351681556,0.6352912487222888,0.6352912487222888,1.0
720575940597944841,3328,1.0,0.9615885416666666,0.9615885416666666,-0.16666666666666652
720575940597944841,3330,1.0,,,
720575940597944841,3335,,,,
720575940597944841,3337,1.0,,,
720575940597944841,3338,0.6150998205402495,0.33678765702728164,0.33678765702728164,1.0
720575940597944841,3339,0.6866231310650528,0.26201448172506897,0.26201448172506897,0.6866231310650528
720575940597944841,3341,1.0,,,
720575940597944841,3344,,,,
720575940597944841,3348,,,,
720575940597944841,3350,,,,
720575940597944841,3354,,,,
720575940597944841,3357,1.0,0.41666666666666663,0.41666666666666663,1.0
720575940597944841,3363,1.0,,,
720575940597944841,3365,1.0,,,
720575940597944841,3367,1.0,,,
720575940597944841,3370,1.0,,,
720575940597944841,3380,1.0,,,
720575940597944841,3386,,,,
720575940597944841,3398,1.0,,,
720575940597944841,3420,0.3286611748209619,0.5700277685129014,0.5700277685129014,0.3286611748209619
720575940597944841,3431,,,,
720575940597944841,3435,1.0,,,
720575940597944841,3441,1.0,,,
720575940597944841,3443,1.0,,,
720575940597944841,3446,1.0,,,
720575940597944841,3448,,,,
720575940597944841,3451,,,,
720575940597944841,3471,1.0,0.8118988160479113,0.8118988160479113,-0.039230484541326494
720575940597944841,3472,,,,
720575940597944841,3478,0.7023809523809523,0.2426389663938492,0.2426389663938492,1.0
720575940597944841,3484,1.0,0.6352912487222888,0.6352912487222888,0.11611652351681556
720575940597944841,3487,,,,
720575940597944841,3490,0.84375,0.13671875,0.13671875,1.0
720575940597944841,3495,,,,
720575940597944841,3496,1.0,,,
720575940597944841,3497,,,,
720575940597944841,3498,1.0,,,
720575940597944841,3499,1.0,,,
720575940597944841,3502,1.0,,,
720575940597944841,3504,1.0,0.41666666666666663,0.41666666666666663,1.0
720575940597944841,3518,1.0,,,
720575940597944841,3525,1.0,,,
720575940597944841,3526,1.0,,,
720575940597944841,3530,,,,
720575940597944841,3541,,,,
720575940597944841,3551,,,,
720575940597944841,3568,1.0,,,
720575940597944841,3572,,,,
720575940597944841,3588,1.0,,,
720575940597944841,3600,1.0,,,
720575940597944841,3603,1.0,,,
720575940597944841,3606,1.0,,,
720575940597944841,3614,,,,
720575940597944841,3621,1.0,,,
720575940597944841,3623,1.0,,,
720575940597944841,3625,1.0,,,
720575940597944841,3627,,,,
720575940597944841,3692,0.3264921512396416,0.5710386943829411,0.5710386943829411,0.3264921512396416
720575940597944841,3866,0.32528117617154484,0.5718237402382084,0.5718237402382084,0.32528117617154484
720575940598267657,0,0.227494444238989,0.6397956831337455,0.6397956831337455,0.227494444238989
720575940598267657,3,,,,
720575940598267657,6,1.0,,,
720575940598267657,9,,,,
720575940598267657,12,1.0,,,
720575940598267657,22,1.0,,,
720575940598267657,27,1.0,,,
720575940598267657,28,1.0,,,
720575940598267657,29,1.0,,,
720575940598267657,38,1.0,,,
720575940598267657,49,,,,
720575940598267657,51,,,,
720575940598267657,54,0.7570228387797825,0.23918064307615164,0.23918064307615164,1.0
720575940598267657,56,1.0,,,
720575940598267657,62,0.5747899678646193,0.3670758480543716,0.3670758480543716,1.0
720575940598267657,66,1.0,,,
720575940598267657,77,1.0,,,
720575940598267657,84,,,,
720575940598267657,86,1.0,,,
720575940598267657,88,,,,
720575940598267657,90,1.0,,,
720575940598267657,92,0.744449374000024,0.23558573334372787,0.23558573334372787,1.0
720575940598267657,97,0.4651105250685291,0.38549651611272023,0.38549651611272023,1.0
720575940598267657,112,0.6442437632310574,0.33491114477076245,0.33491114477076245,0.6442437632310574
720575940598267657,113,0.5188747756753118,0.4591989445703078,0.4591989445703078,0.5188747756753118
720575940598267657,117,0.3229381871551916,0.4998620415143312,0.4998620415143312,1.0
720575940598267657,122,0.2468217957055061,0.6220105950039957,0.6220105950039957,0.2468217957055061
720575940598267657,126,,,,
720575940598267657,131,0.2534197729422696,0.618453753444526,0.618453753444526,0.2534197729422696
720575940598267657,133,1.0,,,
720575940598267657,134,0.40909090909090906,0.5692693536931819,0.5692693536931819,0.40909090909090906
720575940598267657,148,,,,
720575940598267657,155,,,,
720575940598267657,158,,,,
720575940598267657,159,0.2689621516227996,0.6142339697532383,0.6142339697532383,0.2689621516227996
720575940598267657,162,0.2623093204100545,0.6193920484424984,0.6193920484424984,0.2623093204100545
720575940598267657,163,,,,
720575940598267657,166,1.0,,,
720575940598267657,172,1.0,,,
720575940598267657,178,,,,
720575940598267657,179,0.24026992663548918,0.624766337134466,0.624766337134466,0.24026992663548918
720575940598267657,183,1.0,,,
720575940598267657,187,1.0,,,
720575940598267657,192,1.0,,,
720575940598267657,197,1.0,,,
720575940598267657,210,1.0,,,
720575940598267657,211,1.0,,,
720575940598267657,212,1.0,,,
720575940598267657,214,,,,
720575940598267657,222,,,,
720575940598267657,225,1.0,,,
720575940598267657,230,1.0,,,
720575940598267657,232,0.23376327481184667,0.6271230905399554,0.6271230905399554,0.23376327481184667
720575940598267657,237,,,,
720575940598267657,243,0.2711456693475296,0.6070581201476175,0.6070581201476175,0.2711456693475296
720575940598267657,266,,,,
720575940598267657,272,1.0,,,
720575940598267657,276,1.0,,,
720575940598267657,277,,,,
720575940598267657,281,1.0,0.0,0.0,1.0
720575940598267657,282,0.2607522016587316,0.6014035704047793,0.6014035704047793,0.2607522016587316
720575940598267657,283,,,,
720575940598267657,290,1.0,,,
720575940598267657,293,1.0,,,
720575940598267657,294,,,,
720575940598267657,299,,,,1.0
720575940598267657,300,,,,
720575940598267657,301,0.25673334437684414,0.617839936770781,0.617839936770781,0.25673334437684414
720575940598267657,310,-0.027932025285978712,0.94411139627096,0.94411139627096,-0.027932025285978712
720575940598267657,316,1.0,,,
720575940598267657,322,0.03677071738470583,0.8768067334548642,0.8768067334548642,0.03677071738470583
720575940598267657,323,0.26421235976080726,0.6113729228666611,0.6113729228666611,0.26421235976080726
720575940598267657,324,,,,
720575940598267657,329,0.2565073974813199,0.616136925651265,0.616136925651265,0.2565073974813199
720575940598267657,336,,,,
720575940598267657,342,1.0,,,
720575940598267657,347,1.0,,,
720575940598267657,349,1.0,,,
720575940598267657,350,0.3145553343823444,0.5512927498716591,0.5512927498716591,0.3145553343823444
720575940598267657,355,1.0,,,
720575940598267657,358,0.10629559600033589,0.8061792238088488,0.8061792238088488,0.10629559600033589
720575940598267657,361,1.0,,,
720575940598267657,363,0.18181818181818188,0.7334872159090909,0.7334872159090909,0.18181818181818188
720575940598267657,368,,,,
720575940598267657,371,0.3158922276403109,0.5518708751194638,0.5518708751194638,0.3158922276403109
720575940598267657,372,0.3239958682732177,0.5435167851765241,0.5435167851765241,0.3239958682732177
720575940598267657,377,1.0,,,
720575940598267657,389,0.25508050532881343,0.6042606934261631,0.6042606934261631,0.25508050532881343
720575940598267657,395,0.2597439841497816,0.6005351191947698,0.6005351191947698,0.2597439841497816
720575940598267657,396,,,,
720575940598267657,404,0.31939043442485304,0.551925493233564,0.551925493233564,0.31939043442485304
720575940598267657,406,,,,
720575940598267657,418,0.2608317871539364,0.5601528504072624,0.5601528504072624,0.2608317871539364
720575940598267657,419,0.329256677168868,0.5445377816319705,0.5445377816319705,0.329256677168868
720575940598267657,420,,,,
720575940598267657,422,1.0,,,
720575940598267657,424,0.24202845952047747,0.5677786978460347,0.5677786978460347,0.24202845952047747
720575940598267657,426,,,,
720575940598267657,434,1.0,,,
720575940598267657,436,1.0,,,
720575940598267657,438,0.18774722998726445,0.656906925186862,0.656906925186862,0.18774722998726445
720575940598267657,440,1.0,,,
720575940598267657,448,0.5875210443078474,0.37380905359601335,0.37380905359601335,0.5875210443078474
720575940598267657,452,1.0,,,
720575940598267657,453,0.4578952582568493,0.502576270991046,0.502576270991046,0.4578952582568493
720575940598267657,455,0.6535898384862244,0.30310889132455354,0.30310889132455354,1.0
720575940598267657,458,0.26399361198319626,0.5980058680260679,0.5980058680260679,0.26399361198319626
720575940598267657,463,,,,
720575940598267657,466,1.0,,,
720575940598267657,470,0.265031584740833,0.6626199618820928,0.6626199618820928,0.265031584740833
720575940598267657,473,,,,
720575940598267657,479,1.0,,,
720575940598267657,482,,,,
720575940598267657,485,0.3466947419918516,0.6150256530467335,0.6150256530467335,0.3466947419918516
720575940598267657,489,,,,
720575940598267657,497,0.2608694750041778,0.543500597010929,0.543500597010929,0.2608694750041778
720575940598267657,514,0.08416300770841101,0.7750412757860108,0.7750412757860108,0.08416300770841101
720575940598267657,518,1.0,,,
720575940598267657,522,1.0,,,
720575940598267657,531,0.7391254026250246,0.25272226620700744,0.25272226620700744,1.0
720575940598267657,533,,,,
720575940598267657,541,0.593421443692637,0.3303450769997324,0.3303450769997324,0.593421443692637
720575940598267657,544,,,,
720575940598267657,546,0.4587341226347258,0.4425976184705627,0.4425976184705627,0.4587341226347258
720575940598267657,557,0.4238389190331835,0.4850105974544881,0.4850105974544881,0.4238389190331835
720575940598267657,558,,,,
720575940598267657,560,1.0,,,
720575940598267657,561,1.0,,,
720575940598267657,565,,,,
720575940598267657,569,1.0,,,
720575940598267657,571,0.29404358981094303,0.5095575279519468,0.5095575279519468,0.29404358981094303
720575940598267657,572,0.38762756430420553,0.5296064736837848,0.5296064736837848,0.38762756430420553
720575940598267657,583,1.0,,,
720575940598267657,584,0.2464825066587294,0.6829764086680015,0.6829764086680015,0.2464825066587294
720575940598267657,589,0.3526915229484401,0.5720841520817009,0.5720841520817009,0.3526915229484401
720575940598267657,590,0.7628291754873715,0.11858541225631423,0.11858541225631423,1.0
720575940598267657,592,1.0,,,
720575940598267657,593,0.3664474063750598,0.5694725670654982,0.5694725670654982,0.3664474063750598
720575940598267657,602,0.2840543840486206,0.6440675038464516,0.6440675038464516,0.2840543840486206
720575940598267657,605,0.1041237330332464,0.751747596825383,0.751747596825383,0.1041237330332464
720575940598267657,609,0.5687803190679483,0.27625010809709566,0.27625010809709566,1.0
720575940598267657,611,0.2100945849845145,0.7215101180444013,0.7215101180444013,0.2100945849845145
720575940598267657,612,,,,
720575940598267657,614,0.3283183528280813,0.4773981518241528,0.4773981518241528,0.3283183528280813
720575940598267657,617,0.32421056680006355,0.6049684824672527,0.6049684824672527,0.32421056680006355
720575940598267657,621,,,,
720575940598267657,629,0.5527864045000421,0.323764009242157,0.323764009242157,0.5527864045000421
720575940598267657,631,0.6101810106220836,0.30378472023786846,0.30378472023786846,0.6101810106220836
720575940598267657,634,0.08645312039580166,0.7610733652511609,0.7610733652511609,0.08645312039580166
720575940598267657,637,0.3614455088960842,0.45178237170241076,0.45178237170241076,0.3614455088960842
720575940598267657,647,1.0,,,
720575940598267657,649,,,,
720575940598267657,650,0.5958548115672619,0.3031088913245536,0.3031088913245536,1.0
720575940598267657,652,,,,
720575940598267657,655,0.18041466788498728,0.7369027084687968,0.7369027084687968,0.18041466788498728
720575940598267657,666,1.0,,,
720575940598267657,668,,,,1.0
720575940598267657,669,0.21592979786798105,0.5124015880183613,0.5124015880183613,0.21592979786798105
720575940598267657,670,0.30219725540801234,0.4261882310639786,0.4261882310639786,0.30219725540801234
720575940598267657,680,,,,1.0
720575940598267657,681,,,,
720575940598267657,693,0.11052490392937886,0.7387737137208724,0.7387737137208724,0.11052490392937886
720575940598267657,715,1.0,,,
720575940598267657,719,0.13208793656139384,0.726359297363454,0.726359297363454,0.13208793656139384
720575940598267657,721,0.3264246859454366,0.4630830284125123,0.4630830284125123,1.0
720575940598267657,723,0.17848806913594684,0.7210551831113817,0.7210551831113817,0.17848806913594684
720575940598267657,727,,,,
720575940598267657,729,0.3564939315778336,0.3570564921314659,0.3570564921314659,0.3564939315778336
720575940598267657,737,0.15736441908603094,0.6956798227194508,0.6956798227194508,0.15736441908603094
720575940598267657,738,,,,
720575940598267657,745,,,,1.0
720575940598267657,747,1.0,,,
720575940598267657,748,0.5262187075188841,0.3454655257674804,0.3454655257674804,0.5262187075188841
720575940598267657,749,1.0,,,
720575940598267657,755,1.0,,,
720575940598267657,764,0.15215755853132984,0.7400929948380826,0.7400929948380826,0.15215755853132984
720575940598267657,765,,,,
720575940598267657,793,1.0,,,
720575940598267657,796,,,,
720575940598267657,803,,,,
720575940598267657,807,,,,
720575940598267657,815,1.0,,,
720575940598267657,819,0.45566894604818264,0.27132550991734106,0.27132550991734106,0.45566894604818264
720575940598267657,821,,,,1.0
720575940598267657,824,0.4209339758564139,0.407155798225959,0.407155798225959,0.4209339758564139
720575940598267657,828,0.11821103706843261,0.7716252174565559,0.7716252174565559,0.11821103706843261
720575940598267657,829,1.0,0.41666666666666663,0.41666666666666663,1.0
720575940598267657,833,,,,1.0
720575940598267657,834,,,,
720575940598267657,836,,,,1.0
720575940598267657,841,,,,
720575940598267657,842,1.0,0.6352912487222888,0.6352912487222888,0.11611652351681556
720575940598267657,843,,,,1.0
720575940598267657,849,0.18370905982126717,0.6642619008897687,0.6642619008897687,0.18370905982126717
720575940598267657,850,,,,
720575940598267657,851,,,,
720575940598267657,854,0.5625911173601468,0.20891674255715215,0.20891674255715215,0.5625911173601468
720575940598267657,857,0.057190958417936644,0.5524271728019903,0.5524271728019903,0.057190958417936644
720575940598267657,861,,,,
720575940598267657,865,,,,
720575940598267657,867,,,,
720575940598267657,872,-0.010152544552210596,0.6155617068365034,0.6155617068365034,-0.010152544552210596
720575940598267657,884,0.6747537487273033,0.12196734422726124,0.12196734422726124,0.6747537487273033
720575940598267657,886,,,,
720575940598267657,887,1.0,,,
720575940598267657,888,1.0,,,
720575940598267657,889,,,,
720575940598267657,891,,,,
720575940598267657,897,,,,
720575940598267657,899,0.21105894799478553,0.6332780001996609,0.6332780001996609,0.21105894799478553
720575940598267657,904,0.32692307692307687,0.4879807692307693,0.4879807692307693,0.32692307692307687
720575940598267657,918,0.24238559158584194,0.5721567146877755,0.5721567146877755,0.24238559158584194
720575940598267657,922,0.2815196650084657,0.562916512459885,0.562916512459885,0.2815196650084657
720575940598267657,925,1.0,,,
720575940598267657,929,,,,
720575940598267657,930,0.23953749815554926,0.6052323510162902,0.6052323510162902,0.23953749815554926
720575940598267657,933,,,,
720575940598267657,934,0.29166666666666674,0.5720621744791666,0.5720621744791666,0.29166666666666674
720575940598267657,942,0.11518393385999659,0.7647373604916803,0.7647373604916803,0.11518393385999659
720575940598267657,944,0.19111305927867073,0.6531393412953311,0.6531393412953311,0.19111305927867073
720575940598267657,946,0.1919159123771128,0.6527743566896573,0.6527743566896573,0.1919159123771128
720575940598267657,954,0.2544507058550721,0.6144295186032817,0.6144295186032817,0.2544507058550721
720575940598267657,960,0.2928932188134524,0.5852658991852197,0.5852658991852197,0.2928932188134524
720575940598267657,961,0.2556770724352132,0.6098505236590392,0.6098505236590392,0.2556770724352132
720575940598267657,970,1.0,,,
720575940598267657,971,,,,
720575940598267657,972,1.0,,,
720575940598267657,975,,,,
720575940598267657,982,0.1889103182123515,0.6608915558999698,0.6608915558999698,0.1889103182123515
720575940598267657,984,1.0,,,
720575940598267657,990,0.09020928683185148,0.7749011911190664,0.7749011911190664,0.09020928683185148
720575940598267657,996,1.0,,,
720575940598267657,997,,,,
720575940598267657,1000,1.0,,,
720575940598267657,1004,,,,
720575940598267657,1007,0.272807732611244,0.5831241378813085,0.5831241378813085,0.272807732611244
720575940598267657,1018,0.26759655367277535,0.5963929422414397,0.5963929422414397,0.26759655367277535
720575940598267657,1028,0.27719367767579906,0.5631924750238495,0.5631924750238495,0.27719367767579906
720575940598267657,1029,,,,
720575940598267657,1033,0.26235646297258053,0.5998563245411229,0.5998563245411229,0.26235646297258053
720575940598267657,1034,,,,
720575940598267657,1035,1.0,,,
720575940598267657,1037,,,,
720575940598267657,1041,,,,
720575940598267657,1044,0.17074565999527824,0.6833317603015795,0.6833317603015795,0.17074565999527824
720575940598267657,1047,0.12175520951757846,0.7169576326477782,0.7169576326477782,0.12175520951757846
720575940598267657,1051,1.0,,,
720575940598267657,1059,0.15684848328710843,0.7028181738719332,0.7028181738719332,0.15684848328710843
720575940598267657,1060,1.0,,,
720575940598267657,1064,0.1409232505796949,0.7112764266741313,0.7112764266741313,0.1409232505796949
720575940598267657,1067,0.28609411514819705,0.5370893510571274,0.5370893510571274,0.28609411514819705
720575940598267657,1070,-0.06726871030682813,0.6934467271394625,0.6934467271394625,-0.06726871030682813
720575940598267657,1071,0.0871849500479368,0.7489051973878579,0.7489051973878579,0.0871849500479368
720575940598267657,1078,0.28556549168823964,0.5158254360141551,0.5158254360141551,0.28556549168823964
720575940598267657,1087,1.0,,,
720575940598267657,1091,0.10433141049703987,0.7308615092701404,0.7308615092701404,0.10433141049703987
720575940598267657,1094,0.26136363636363624,0.5116595643939394,0.5116595643939394,0.26136363636363624
720575940598267657,1097,0.25661169742899503,0.6049902347000138,0.6049902347000138,0.25661169742899503
720575940598267657,1098,0.09068253628296985,0.7204816053072067,0.7204816053072067,0.09068253628296985
720575940598267657,1099,,,,
720575940598267657,1105,0.3585730194101815,0.4372226879411067,0.4372226879411067,0.3585730194101815
720575940598267657,1112,0.2581473519540183,0.6014150173332449,0.6014150173332449,0.2581473519540183
720575940598267657,1114,0.3110810098422312,0.4628674465122509,0.4628674465122509,1.0
720575940598267657,1125,1.0,,,
720575940598267657,1126,0.25299104010736984,0.6036169762905504,0.6036169762905504,0.25299104010736984
720575940598267657,1129,0.06143526371137009,0.7980377208408126,0.7980377208408126,0.06143526371137009
720575940598267657,1130,,,,
720575940598267657,1135,0.5334305251841566,0.37179755024387523,0.37179755024387523,1.0
720575940598267657,1136,0.45163591023718364,0.459622133272182,0.459622133272182,0.45163591023718364
720575940598267657,1138,1.0,,,
720575940598267657,1146,0.27666273198698266,0.5874516076186005,0.5874516076186005,0.27666273198698266
720575940598267657,1150,1.0,0.7071067811865476,0.7071067811865476,0.2928932188134524
720575940598267657,1154,0.7278344730240913,0.2041241452319315,0.2041241452319315,1.0
720575940598267657,1163,0.4388682822503054,0.4742870049223313,0.4742870049223313,0.4388682822503054
720575940598267657,1172,,,,
720575940598267657,1174,1.0,,,
720575940598267657,1178,1.0,,,
720575940598267657,1180,,,,
720575940598267657,1184,1.0,0.8660254037844386,0.8660254037844386,0.1339745962155614
720575940598267657,1185,0.2445678457034467,0.6350529999596344,0.6350529999596344,0.2445678457034467
720575940598267657,1192,0.03358592600549293,0.8248934198311669,0.8248934198311669,0.03358592600549293
720575940598267657,1194,0.23563446288785783,0.6404999828469703,0.6404999828469703,0.23563446288785783
720575940598267657,1196,0.30649142614396296,0.566004132933547,0.566004132933547,0.30649142614396296
720575940598267657,1206,0.37005921165128797,0.4984406487809184,0.4984406487809184,0.37005921165128797
720575940598267657,1207,,,,
720575940598267657,1214,0.4432977857310958,0.42796482721922013,0.42796482721922013,0.4432977857310958
720575940598267657,1215,1.0,,,
720575940598267657,1218,1.0,,,
720575940598267657,1224,1.0,,,
720575940598267657,1225,1.0,,,
720575940598267657,1227,,,,
720575940598267657,1229,1.0,,,
720575940598267657,1231,0.5050252531694166,0.3815430340152413,0.3815430340152413,0.5050252531694166
720575940598267657,1236,1.0,,,
720575940598267657,1238,1.0,0.5625,0.5625,1.0
720575940598267657,1245,0.5119483178551226,0.41006872177239795,0.41006872177239795,0.5119483178551226
720575940598267657,1246,,,,
720575940598267657,1248,1.0,,,
720575940598267657,1255,1.0,,,
720575940598267657,1257,,,,
720575940598267657,1278,0.4762770634336183,0.44943508838643353,0.44943508838643353,0.4762770634336183
720575940598267657,1280,,,,1.0
720575940598267657,1281,1.0,0.0,0.0,1.0
720575940598267657,1282,1.0,,,
720575940598267657,1294,0.006581635897492721,0.8530492978840191,0.8530492978840191,0.006581635897492721
720575940598267657,1301,,,,
720575940598267657,1302,,,,
720575940598267657,1303,,,,
720575940598267657,1321,,,,1.0
720575940598267657,1324,0.5443549004461863,0.3731780828376938,0.3731780828376938,0.5443549004461863
720575940598267657,1333,0.08063055751739057,0.7330985550211597,0.7330985550211597,0.08063055751739057
720575940598267657,1335,0.5801553486704873,0.33412636834973714,0.33412636834973714,0.5801553486704873
720575940598267657,1336,,,,
720575940598267657,1344,,,,
720575940598267657,1350,0.11922898789891134,0.7073746088927995,0.7073746088927995,0.11922898789891134
720575940598267657,1355,0.6205266807797944,0.2949812129875816,0.2949812129875816,0.6205266807797944
720575940598267657,1363,0.146287211757812,0.7039855994802737,0.7039855994802737,0.146287211757812
720575940598267657,1370,0.5188747756753118,0.36084391824351614,0.36084391824351614,1.0
720575940598267657,1371,0.8396432548525454,0.12026755886059098,0.12026755886059098,0.8396432548525454
720575940598267657,1374,1.0,,,
720575940598267657,1375,,,,
720575940598267657,1376,1.0,,,
720575940598267657,1378,1.0,,,
720575940598267657,1381,0.11994147097923102,0.7642129487303271,0.7642129487303271,0.11994147097923102
720575940598267657,1382,0.11109030761264282,0.7660457032002175,0.7660457032002175,0.11109030761264282
720575940598267657,1388,0.10184454624613581,0.7728455211876598,0.7728455211876598,0.10184454624613581
720575940598267657,1390,,,,
720575940598267657,1401,,,,
720575940598267657,1405,1.0,,,
720575940598267657,1408,,,,
720575940598267657,1420,0.26021486487362944,0.614251723596976,0.614251723596976,0.26021486487362944
720575940598267657,1427,0.25665613171631596,0.6177481259309214,0.6177481259309214,0.25665613171631596
720575940598267657,1428,0.2588655770848103,0.6167264431645874,0.6167264431645874,0.2588655770848103
720575940598267657,1430,0.15305265696719483,0.7063355050037176,0.7063355050037176,0.15305265696719483
720575940598267657,1439,0.13884403004343238,0.7110509297850772,0.7110509297850772,0.13884403004343238
720575940598267657,1445,0.14274007320224136,0.707026195478189,0.707026195478189,0.14274007320224136
720575940598267657,1446,0.2646737246261409,0.6148179882480432,0.6148179882480432,0.2646737246261409
720575940598267657,1449,,,,
720575940598267657,1451,0.218233640201288,0.6227663376883039,0.6227663376883039,0.218233640201288
720575940598267657,1453,0.26286614296692257,0.6153226159601871,0.6153226159601871,0.26286614296692257
720575940598267657,1454,0.260932726151611,0.615944713090928,0.615944713090928,0.260932726151611
720575940598267657,1455,0.4046332739717994,0.5087943573703891,0.5087943573703891,0.4046332739717994
720575940598267657,1467,0.2051250255259599,0.6639774733959868,0.6639774733959868,0.2051250255259599
720575940598267657,1478,1.0,,,
720575940598267657,1489,1.0,,,
720575940598267657,1492,,,,
720575940598267657,1497,0.1083879898584007,0.7653785117982101,0.7653785117982101,0.1083879898584007
720575940598267657,1499,0.09848107971248665,0.7689948940602276,0.7689948940602276,0.09848107971248665
720575940598267657,1502,1.0,,,
720575940598267657,1508,,,,
720575940598267657,1512,0.09591276008687222,0.773922237070207,0.773922237070207,0.09591276008687222
720575940598267657,1514,,,,
720575940598267657,1520,0.10578103675033557,0.7666974927603957,0.7666974927603957,0.10578103675033557
720575940598267657,1522,1.0,,,
720575940598267657,1542,0.113325029366524,0.7729708411608855,0.7729708411608855,0.113325029366524
720575940598267657,1551,,,,
720575940598267657,1559,0.2094647616154096,0.6343954181820198,0.6343954181820198,0.2094647616154096
720575940598267657,1566,0.06732367249938032,0.7901335098699097,0.7901335098699097,0.06732367249938032
720575940598267657,1568,1.0,,,
720575940598267657,1576,,,,
720575940598267657,1578,,,,
720575940598267657,1580,0.05323184968679562,0.7961389402007112,0.7961389402007112,0.05323184968679562
720575940598267657,1582,0.11341867532561167,0.762821982775104,0.762821982775104,0.11341867532561167
720575940598267657,1587,1.0,,,
720575940598267657,1591,0.03683876037658851,0.8034658999185278,0.8034658999185278,0.03683876037658851
720575940598267657,1594,,,,
720575940598267657,1595,0.1192732502185413,0.7610095899428017,0.7610095899428017,0.1192732502185413
720575940598267657,1601,1.0,,,
720575940598267657,1603,0.5580582617584078,0.33145630368119416,0.33145630368119416,1.0
720575940598267657,1608,1.0,,,
720575940598267657,1609,0.14015815407715826,0.7462656334803172,0.7462656334803172,0.14015815407715826
720575940598267657,1614,0.6047152924789525,0.321168824860851,0.321168824860851,0.6047152924789525
720575940598267657,1615,1.0,,,
720575940598267657,1625,1.0,,,
720575940598267657,1627,0.052392917041314435,0.7839799721317464,0.7839799721317464,0.052392917041314435
720575940598267657,1628,0.4729537233052702,0.43920523057894156,0.43920523057894156,0.4729537233052702
720575940598267657,1632,1.0,,,
720575940598267657,1637,0.18925224708891086,0.751377638627498,0.751377638627498,0.18925224708891086
720575940598267657,1640,,,,
720575940598267657,1642,1.0,,,
720575940598267657,1660,1.0,,,
720575940598267657,1663,,,,
720575940598267657,1667,1.0,,,
720575940598267657,1670,1.0,,,
720575940598267657,1676,0.13067460430595035,0.7578044114129212,0.7578044114129212,0.13067460430595035
720575940598267657,1682,0.21471588138215536,0.6318530806516822,0.6318530806516822,0.21471588138215536
720575940598267657,1683,0.12157703041624313,0.7689650375830616,0.7689650375830616,0.12157703041624313
720575940598267657,1695,0.21208101524927558,0.7272060053634178,0.7272060053634178,0.21208101524927558
720575940598267657,1696,1.0,,,
720575940598267657,1699,0.24997917695093508,0.5981831253122081,0.5981831253122081,0.24997917695093508
720575940598267657,1700,,,,
720575940598267657,1701,,,,
720575940598267657,1703,,,,
720575940598267657,1713,0.23562563989026808,0.70299807416656,0.70299807416656,0.23562563989026808
720575940598267657,1716,,,,
720575940598267657,1719,,,,
720575940598267657,1722,0.2306819002001017,0.6139567030483559,0.6139567030483559,0.2306819002001017
720575940598267657,1731,1.0,,,
720575940598267657,1733,1.0,,,
720575940598267657,1735,1.0,,,
720575940598267657,1739,,,,
720575940598267657,1740,1.0,,,
720575940598267657,1747,1.0,,,
720575940598267657,1755,,,,
720575940598267657,1762,0.4142877638896284,0.5090154558870649,0.5090154558870649,0.4142877638896284
720575940598267657,1765,1.0,,,
720575940598267657,1773,1.0,,,
720575940598267657,1775,,,,
720575940598267657,1783,1.0,,,
720575940598267657,1784,0.2574933856146643,0.6057844170494916,0.6057844170494916,0.2574933856146643
720575940598267657,1791,0.23659050662952008,0.6144853114286849,0.6144853114286849,0.23659050662952008
720575940598267657,1795,0.2593639740551664,0.6802006380855656,0.6802006380855656,0.2593639740551664
720575940598267657,1798,0.3753525609543943,0.538843817193892,0.538843817193892,0.3753525609543943
720575940598267657,1805,1.0,,,
720575940598267657,1812,,,,
720575940598267657,1814,0.03677071738470583,0.7817279315570179,0.7817279315570179,0.03677071738470583
720575940598267657,1815,,,,
720575940598267657,1826,,,,
720575940598267657,1832,0.20614337986426468,0.6620640171835137,0.6620640171835137,0.20614337986426468
720575940598267657,1835,,,,
720575940598267657,1837,0.2263215290857875,0.6255915760907892,0.6255915760907892,0.2263215290857875
720575940598267657,1843,1.0,,,
720575940598267657,1845,,,,
720575940598267657,1848,1.0,,,
720575940598267657,1849,0.17105263157894746,0.6799958881578947,0.6799958881578947,0.17105263157894746
720575940598267657,1852,0.04412970726728538,0.7842901527611614,0.7842901527611614,0.04412970726728538
720575940598267657,1853,0.2858127436452247,0.5754946418394506,0.5754946418394506,0.2858127436452247
720575940598267657,1854,0.3001457877762349,0.5722766214538079,0.5722766214538079,0.3001457877762349
720575940598267657,1857,,,,
720575940598267657,1861,1.0,,,
720575940598267657,1864,1.0,,,
720575940598267657,1865,0.36829161002517874,0.5428743976346121,0.5428743976346121,0.36829161002517874
720575940598267657,1866,1.0,,,
720575940598267657,1879,1.0,,,
720575940598267657,1883,0.2042853199805743,0.7254874200518909,0.7254874200518909,0.2042853199805743
720575940598267657,1884,,,,
720575940598267657,1885,0.6129882346634979,0.2906866324181064,0.2906866324181064,0.6129882346634979
720575940598267657,1890,,,,
720575940598267657,1900,,,,
720575940598267657,1903,0.5607947694210584,0.3213618349719453,0.3213618349719453,0.5607947694210584
720575940598267657,1908,,,,
720575940598267657,1910,1.0,,,
720575940598267657,1917,1.0,,,
720575940598267657,1922,0.6279673340978378,0.2754973342591736,0.2754973342591736,0.6279673340978378
720575940598267657,1925,0.5935483870967742,0.30807436050907255,0.30807436050907255,0.5935483870967742
720575940598267657,1930,,,,
720575940598267657,1932,0.10004591485348502,0.7417590311168542,0.7417590311168542,0.10004591485348502
720575940598267657,1933,,,,
720575940598267657,1935,,,,
720575940598267657,1937,0.22420000611532365,0.7013468872272424,0.7013468872272424,0.22420000611532365
720575940598267657,1943,0.7306259881194105,0.1729184737723055,0.1729184737723055,0.7306259881194105
720575940598267657,1944,0.6728348474592121,0.22567153588344063,0.22567153588344063,0.6728348474592121
720575940598267657,1945,,,,
720575940598267657,1947,,,,
720575940598267657,1950,1.0,,,
720575940598267657,1952,1.0,,,
720575940598267657,1953,,,,
720575940598267657,1962,0.8205128205128205,0.1279547275641026,0.1279547275641026,1.0
720575940598267657,1965,1.0,,,
720575940598267657,1971,,,,
720575940598267657,1981,0.24369747899159655,0.6769793855042017,0.6769793855042017,0.24369747899159655
720575940598267657,1984,1.0,,,
720575940598267657,1994,1.0,,,
720575940598267657,1995,0.2622371079937481,0.6529073510419912,0.6529073510419912,0.2622371079937481
720575940598267657,1997,1.0,,,
720575940598267657,1998,1.0,,,
720575940598267657,1999,1.0,,,
720575940598267657,2000,0.2788017026316658,0.6303442149850186,0.6303442149850186,0.2788017026316658
720575940598267657,2002,,,,
720575940598267657,2005,,,,
720575940598267657,2009,1.0,,,
720575940598267657,2013,1.0,,,
720575940598267657,2015,1.0,,,
720575940598267657,2017,1.0,,,
720575940598267657,2018,0.3238765962171868,0.584061958178457,0.584061958178457,0.3238765962171868
720575940598267657,2029,0.5237103277921598,0.35349624109175637,0.35349624109175637,0.5237103277921598
720575940598267657,2034,0.5757359312880714,0.27842329509220315,0.27842329509220315,1.0
720575940598267657,2041,0.5539260066135243,0.336063355715683,0.336063355715683,0.5539260066135243
720575940598267657,2043,1.0,,,
720575940598267657,2048,1.0,,,
720575940598267657,2057,0.5183680154917607,0.36207991599036715,0.36207991599036715,0.5183680154917607
720575940598267657,2063,0.4837893089116819,0.3818291184383979,0.3818291184383979,0.4837893089116819
720575940598267657,2064,0.42473459586298634,0.4884149040352226,0.4884149040352226,0.42473459586298634
720575940598267657,2069,-0.24979337135159296,0.9650097255358001,0.9650097255358001,-0.24979337135159296
720575940598267657,2072,1.0,,,
720575940598267657,2076,0.4907989451250966,0.3796001774797083,0.3796001774797083,0.4907989451250966
720575940598267657,2077,0.1833684274898144,0.6762730209849974,0.6762730209849974,0.1833684274898144
720575940598267657,2078,0.5754851263028931,0.3266197993447009,0.3266197993447009,0.5754851263028931
720575940598267657,2085,1.0,,,
720575940598267657,2088,0.28556549168823964,0.6362932339651615,0.6362932339651615,0.28556549168823964
720575940598267657,2095,0.4901963172733217,0.414283783907628,0.414283783907628,0.4901963172733217
720575940598267657,2100,0.3999999999999999,0.515625,0.515625,0.3999999999999999
720575940598267657,2105,0.5037400871112432,0.37602955697812135,0.37602955697812135,0.5037400871112432
720575940598267657,2108,1.0,,,
720575940598267657,2116,0.5580582617584078,0.3590776623212937,0.3590776623212937,1.0
720575940598267657,2119,1.0,,,
720575940598267657,2122,-0.22565175405668247,0.9228295921657248,0.9228295921657248,-0.22565175405668247
720575940598267657,2125,,,,
720575940598267657,2131,1.0,,,
720575940598267657,2134,1.0,,,
720575940598267657,2135,0.20507123286272744,0.6643478424931251,0.6643478424931251,0.20507123286272744
720575940598267657,2145,1.0,,,
720575940598267657,2148,,,,
720575940598267657,2152,,,,
720575940598267657,2154,0.20356370319845185,0.6656312203929133,0.6656312203929133,0.20356370319845185
720575940598267657,2156,0.4470159270615326,0.47682243496993365,0.47682243496993365,0.4470159270615326
720575940598267657,2162,0.4796495312149184,0.42248497191320555,0.42248497191320555,0.4796495312149184
720575940598267657,2164,1.0,,,
720575940598267657,2171,0.20451191029303584,0.6651137854153762,0.6651137854153762,0.20451191029303584
720575940598267657,2174,0.4695838751047011,0.45705617083280087,0.45705617083280087,0.4695838751047011
720575940598267657,2181,0.49289121942226366,0.44098379622960737,0.44098379622960737,0.49289121942226366
720575940598267657,2184,,,,
720575940598267657,2190,0.1750420886156947,0.6767232866824381,0.6767232866824381,0.1750420886156947
720575940598267657,2202,0.33333333333333337,0.5416666666666666,0.5416666666666666,0.33333333333333337
720575940598267657,2203,1.0,0.5625,0.5625,1.0
720575940598267657,2206,0.2575378797541249,0.6341863943766849,0.6341863943766849,0.2575378797541249
720575940598267657,2210,1.0,,,
720575940598267657,2215,,,,
720575940598267657,2223,0.5248514411055043,0.42620767683565314,0.42620767683565314,0.5248514411055043
720575940598267657,2245,0.6019579167977336,0.35976585278630774,0.35976585278630774,0.6019579167977336
720575940598267657,2249,1.0,,,
720575940598267657,2259,0.525307116828856,0.4230547080412399,0.4230547080412399,0.525307116828856
720575940598267657,2260,1.0,,,
720575940598267657,2269,,,,
720575940598267657,2272,0.5332558531493625,0.41390580027938495,0.41390580027938495,0.5332558531493625
720575940598267657,2273,0.60424777639891,0.35636021986301847,0.35636021986301847,0.60424777639891
720575940598267657,2276,1.0,,,
720575940598267657,2278,1.0,,,
720575940598267657,2279,1.0,,,
720575940598267657,2281,0.5405616144378536,0.40735122727879597,0.40735122727879597,0.5405616144378536
720575940598267657,2286,1.0,,,
720575940598267657,2288,,,,
720575940598267657,2291,0.5731917799261914,0.38309001697597067,0.38309001697597067,0.5731917799261914
720575940598267657,2304,,,,
720575940598267657,2306,,,,
720575940598267657,2309,0.6051020408163266,0.35734022003863275,0.35734022003863275,0.6051020408163266
720575940598267657,2314,-0.2049281521534183,0.8902482552740659,0.8902482552740659,-0.2049281521534183
720575940598267657,2318,1.0,,,
720575940598267657,2324,,,,
720575940598267657,2327,1.0,,,
720575940598267657,2332,1.0,,,
720575940598267657,2334,-0.1618950038622251,0.8653697164182197,0.8653697164182197,-0.1618950038622251
720575940598267657,2338,1.0,,,
720575940598267657,2342,1.0,,,
720575940598267657,2349,1.0,,,
720575940598267657,2356,1.0,,,
720575940598267657,2359,,,,
720575940598267657,2361,,,,
720575940598267657,2370,,,,
720575940598267657,2373,1.0,0.5,0.5,1.0
720575940598267657,2376,,,,
720575940598267657,2377,0.4684599804527543,0.4327802747109772,0.4327802747109772,0.4684599804527543
720575940598267657,2378,,,,1.0
720575940598267657,2380,1.0,0.7365695637359869,0.7365695637359869,-0.17851130197757903
720575940598267657,2381,1.0,,,
720575940598267657,2382,,,,
720575940598267657,2392,1.0,,,
720575940598267657,2395,0.454143336302526,0.43901882084153016,0.43901882084153016,0.454143336302526
720575940598267657,2402,,,,
720575940598267657,2405,-0.25,0.890625,0.890625,-0.25
720575940598267657,2409,1.0,,,
720575940598267657,2411,,,,
720575940598267657,2419,1.0,,,
720575940598267657,2420,0.44318756538530735,0.4466462804756293,0.4466462804756293,0.44318756538530735
720575940598267657,2423,1.0,0.920151991520966,0.920151991520966,-0.299038105676658
720575940598267657,2431,-0.30639452948436174,0.8981462390204987,0.8981462390204987,-0.30639452948436174
720575940598267657,2434,0.5126518510577381,0.42642963032447917,0.42642963032447917,0.5126518510577381
720575940598267657,2440,1.0,,,
720575940598267657,2443,1.0,,,
720575940598267657,2445,1.0,,,
720575940598267657,2455,0.4319633195729623,0.45651769161060396,0.45651769161060396,0.4319633195729623
720575940598267657,2457,,,,
720575940598267657,2462,1.0,,,
720575940598267657,2463,1.0,,,
720575940598267657,2465,0.40371520600005617,0.5072561615624522,0.5072561615624522,0.40371520600005617
720575940598267657,2469,1.0,,,
720575940598267657,2470,1.0,,,
720575940598267657,2471,,,,
720575940598267657,2479,1.0,,,
720575940598267657,2481,1.0,,,
720575940598267657,2482,1.0,,,
720575940598267657,2484,,,,
720575940598267657,2495,,,,
720575940598267657,2498,,,,
720575940598267657,2499,0.4674647898964801,0.43638301939038426,0.43638301939038426,0.4674647898964801
720575940598267657,2507,0.6666666666666667,0.20833333333333331,0.20833333333333331,1.0
720575940598267657,2508,,,,
720575940598267657,2511,1.0,,,
720575940598267657,2517,1.0,,,
720575940598267657,2518,1.0,,,
720575940598267657,2521,,,,
720575940598267657,2523,1.0,,,
720575940598267657,2526,,,,
720575940598267657,2533,1.0,,,
720575940598267657,2547,,,,
720575940598267657,2554,,,,
720575940598267657,2561,1.0,,,
720575940598267657,2565,1.0,,,
720575940598267657,2570,0.42209667748117763,0.4626729966967115,0.4626729966967115,0.42209667748117763
720575940598267657,2571,,,,
720575940598267657,2574,1.0,,,
720575940598267657,2578,1.0,,,
720575940598267657,2588,,,,
720575940598267657,2592,1.0,,,
720575940598267657,2594,1.0,,,
720575940598267657,2599,,,,
720575940598267657,2601,0.8597010354788597,0.08678258215594756,0.08678258215594756,1.0
720575940598267657,2609,1.0,,,
720575940598267657,2610,1.0,,,
720575940598267657,2612,1.0,,,
720575940598267657,2614,1.0,,,
720575940598267657,2616,,,,
720575940598267657,2622,0.802513052536463,0.14098909467111206,0.14098909467111206,0.802513052536463
720575940598267657,2623,0.20543085858527943,0.6647431970474817,0.6647431970474817,0.20543085858527943
720575940598267657,2625,1.0,,,
720575940598267657,2626,1.0,,,
720575940598267657,2627,,,,
720575940598267657,2629,1.0,,,
720575940598267657,2637,,,,
720575940598267657,2640,,,,
720575940598267657,2643,0.5727896530331276,0.365334727255423,0.365334727255423,0.5727896530331276
720575940598267657,2650,,,,
720575940598267657,2652,0.6321165977895514,0.3016500692645488,0.3016500692645488,0.6321165977895514
720575940598267657,2657,0.6017820066015698,0.3231998843195023,0.3231998843195023,0.6017820066015698
720575940598267657,2663,,,,
720575940598267657,2671,0.4359375,0.47621320603622336,0.47621320603622336,0.4359375
720575940598267657,2672,0.41313732288194926,0.49937249999651256,0.49937249999651256,0.41313732288194926
720575940598267657,2676,,,,
720575940598267657,2679,1.0,,,
720575940598267657,2680,1.0,,,
720575940598267657,2684,,,,
720575940598267657,2688,0.5858350676453563,0.34447458200210856,0.34447458200210856,0.5858350676453563
720575940598267657,2689,0.6562948884658522,0.2761696304306973,0.2761696304306973,0.6562948884658522
720575940598267657,2692,0.7299459837945981,0.20927037388602196,0.20927037388602196,0.7299459837945981
720575940598267657,2693,0.803030303030303,0.1477272727272727,0.1477272727272727,1.0
720575940598267657,2697,0.3929912906823744,0.5132730318879558,0.5132730318879558,0.3929912906823744
720575940598267657,2699,1.0,,,
720575940598267657,2701,0.7554347527587354,0.17379099437750023,0.17379099437750023,0.7554347527587354
720575940598267657,2706,0.8246098099949716,0.10771576339284517,0.10771576339284517,1.0
720575940598267657,2708,0.5723113147521435,0.34898861776650913,0.34898861776650913,0.5723113147521435
720575940598267657,2718,1.0,,,
720575940598267657,2724,1.0,,,
720575940598267657,2725,1.0,,,
720575940598267657,2735,0.7250140295385649,0.22888643439775053,0.22888643439775053,0.7250140295385649
720575940598267657,2741,,,,
720575940598267657,2745,1.0,,,
720575940598267657,2747,,,,
720575940598267657,2749,0.5403805922287441,0.4488470779016171,0.4488470779016171,1.0
720575940598267657,2755,0.7,0.290625,0.290625,1.0
720575940598267657,2756,,,,
720575940598267657,2758,,,,
720575940598267657,2759,,,,
720575940598267657,2764,0.5450947620545527,0.36650979371286496,0.36650979371286496,0.5450947620545527
720575940598267657,2765,0.31818181818181823,0.5850497159090909,0.5850497159090909,1.0
720575940598267657,2766,1.0,,,
720575940598267657,2772,1.0,,,
720575940598267657,2776,1.0,,,
720575940598267657,2780,0.5172730251727032,0.3901437236307998,0.3901437236307998,0.5172730251727032
720575940598267657,2792,1.0,,,
720575940598267657,2793,0.5175902251425124,0.39349906980769256,0.39349906980769256,0.5175902251425124
720575940598267657,2798,0.21432579868161383,0.682861366380238,0.682861366380238,1.0
720575940598267657,2800,1.0,,,
720575940598267657,2802,,,,
720575940598267657,2806,0.44630697700005206,0.46156090692320484,0.46156090692320484,0.44630697700005206
720575940598267657,2808,0.33324933324899997,0.5700357841749857,0.5700357841749857,0.33324933324899997
720575940598267657,2815,0.1567259572884322,0.7135712480562241,0.7135712480562241,1.0
720575940598267657,2817,1.0,,,
720575940598267657,2820,0.6669133062367543,0.29112557706846176,0.29112557706846176,0.6669133062367543
720575940598267657,2821,1.0,,,
720575940598267657,2823,0.49815174921856586,0.41388914007414096,0.41388914007414096,0.49815174921856586
720575940598267657,2824,0.3470110252019335,0.5482424708154097,0.5482424708154097,0.3470110252019335
720575940598267657,2827,0.3247020759244371,0.5678404767118386,0.5678404767118386,0.3247020759244371
720575940598267657,2831,1.0,,,
720575940598267657,2832,,,,
720575940598267657,2841,1.0,,,
720575940598267657,2842,0.29971582361901505,0.6029911731537961,0.6029911731537961,0.29971582361901505
720575940598267657,2843,0.5826875752341591,0.37565929252501207,0.37565929252501207,0.5826875752341591
720575940598267657,2847,0.45884685113274426,0.4535417960943624,0.4535417960943624,0.45884685113274426
720575940598267657,2848,1.0,,,
720575940598267657,2849,0.31730733418463,0.5853715087357165,0.5853715087357165,0.31730733418463
720575940598267657,2850,0.5067799747921895,0.4527846530240257,0.4527846530240257,0.5067799747921895
720575940598267657,2853,0.49057329189150667,0.4741707703626765,0.4741707703626765,0.49057329189150667
720575940598267657,2860,,,,
720575940598267657,2861,,,,
720575940598267657,2867,0.48228190584320596,0.4317099569417426,0.4317099569417426,0.48228190584320596
720575940598267657,2869,1.0,,,
720575940598267657,2871,0.4010400924224362,0.48180477676832706,0.48180477676832706,0.4010400924224362
720575940598267657,2875,0.3367595220241083,0.5587743344499675,0.5587743344499675,0.3367595220241083
720575940598267657,2876,0.33612007772046215,0.5603931665177234,0.5603931665177234,0.33612007772046215
720575940598267657,2884,0.3315533650947847,0.5650733986492524,0.5650733986492524,0.3315533650947847
720575940598267657,2887,0.3325562934705024,0.5627126082550428,0.5627126082550428,0.3325562934705024
720575940598267657,2889,,,,
720575940598267657,2890,,,,
720575940598267657,2896,1.0,,,
720575940598267657,2903,1.0,,,
720575940598267657,2905,0.4115103251856638,0.4717201616885408,0.4717201616885408,0.4115103251856638
720575940598267657,2907,0.47284393343287945,0.4831998371666807,0.4831998371666807,0.47284393343287945
720575940598267657,2912,0.300878174388053,0.5909285064576744,0.5909285064576744,0.300878174388053
720575940598267657,2916,0.4764328638049272,0.444432535662279,0.444432535662279,0.4764328638049272
720575940598267657,2918,,,,
720575940598267657,2919,1.0,,,
720575940598267657,2920,0.26063601905398015,0.620841441655393,0.620841441655393,0.26063601905398015
720575940598267657,2930,0.2769235820656025,0.6151554503708648,0.6151554503708648,0.2769235820656025
720575940598267657,2934,1.0,,,
720575940598267657,2952,1.0,,,
720575940598267657,2967,0.25644898900933777,0.6287727793481045,0.6287727793481045,0.25644898900933777
720575940598267657,2970,0.19105946158610632,0.6912123506680121,0.6912123506680121,0.19105946158610632
720575940598267657,2971,1.0,,,
720575940598267657,2972,,,,
720575940598267657,2975,1.0,,,
720575940598267657,2982,,,,
720575940598267657,2983,1.0,,,
720575940598267657,2988,0.32583874112786937,0.5665983801608314,0.5665983801608314,0.32583874112786937
720575940598267657,2994,,,,
720575940598267657,2998,0.32911890225068974,0.5664819052349481,0.5664819052349481,0.32911890225068974
720575940598267657,3007,0.23419187562225718,0.6482625124332125,0.6482625124332125,0.23419187562225718
720575940598267657,3008,0.21240307654289825,0.6694408830307985,0.6694408830307985,0.21240307654289825
720575940598267657,3031,1.0,,,
720575940598267657,3042,0.28240740740740744,0.6207691716016699,0.6207691716016699,0.28240740740740744
720575940598267657,3044,1.0,,,
720575940598267657,3045,0.32903096463419823,0.5659220980812267,0.5659220980812267,0.32903096463419823
720575940598267657,3047,0.3298179470671583,0.5646709418096927,0.5646709418096927,0.3298179470671583
720575940598267657,3049,1.0,,,
720575940598267657,3053,,,,
720575940598267657,3062,0.33496550625174726,0.5630680547956435,0.5630680547956435,0.33496550625174726
720575940598267657,3070,1.0,,,
720575940598267657,3074,0.2861210113417738,0.6204476980112905,0.6204476980112905,0.2861210113417738
720575940598267657,3077,,,,
720575940598267657,3078,0.4842122594421998,0.4828794081524197,0.4828794081524197,0.4842122594421998
720575940598267657,3079,0.2713725146569175,0.6332929415324742,0.6332929415324742,0.2713725146569175
720575940598267657,3084,1.0,,,
720575940598267657,3092,1.0,,,
720575940598267657,3095,,,,
720575940598267657,3096,1.0,,,
720575940598267657,3099,1.0,,,
720575940598267657,3104,0.5757359312880714,0.40106212745424497,0.40106212745424497,0.5757359312880714
720575940598267657,3105,0.562267230694042,0.3602175914080279,0.3602175914080279,1.0
720575940598267657,3108,1.0,,,
720575940598267657,3111,0.3299296657263783,0.5837375238707161,0.5837375238707161,0.3299296657263783
720575940598267657,3112,,,,
720575940598267657,3120,1.0,,,
720575940598267657,3121,,,,
720575940598267657,3127,1.0,,,
720575940598267657,3129,0.5010298672108342,0.41710784537844336,0.41710784537844336,1.0
720575940598267657,3140,,,,
720575940598267657,3144,1.0,,,
720575940598267657,3151,1.0,,,
720575940598267657,3153,0.7142857142857143,0.2232142857142857,0.2232142857142857,1.0
720575940598267657,3160,1.0,,,
720575940598267657,3165,,,,
720575940598267657,3173,1.0,,,
720575940598267657,3174,1.0,,,
720575940598267657,3178,0.5959389821791157,0.37565047750535335,0.37565047750535335,0.5959389821791157
720575940598267657,3180,0.362184951796929,0.5348344935452835,0.5348344935452835,1.0
720575940598267657,3183,,,,
720575940598267657,3184,1.0,,,
720575940598267657,3186,1.0,,,
720575940598267657,3198,1.0,,,
720575940598267657,3199,,,,
720575940598267657,3202,1.0,,,
720575940598267657,3204,0.7083333333333334,0.26432291666666663,0.26432291666666663,1.0
720575940598267657,3209,1.0,,,
720575940598267657,3214,1.0,,,
720575940598267657,3216,1.0,,,
720575940598267657,3220,,,,
720575940598267657,3231,1.0,,,
720575940598267657,3232,1.0,,,
720575940598267657,3234,0.5334305251841566,0.37179755024387523,0.37179755024387523,1.0
720575940598267657,3235,1.0,,,
720575940598267657,3238,,,,
720575940598267657,3246,1.0,,,
720575940598267657,3248,,,,
720575940598267657,3254,1.0,,,
720575940598267657,3255,1.0,,,
720575940598267657,3260,1.0,,,
720575940598267657,3262,,,,
720575940598267657,3265,0.7278344730240913,0.2041241452319315,0.2041241452319315,1.0
720575940598267657,3267,1.0,,,
720575940598267657,3269,1.0,,,
720575940598267657,3274,1.0,,,
720575940598267657,3278,,,,
720575940598267657,3280,1.0,,,
720575940598267657,3281,1.0,,,
720575940598267657,3290,1.0,,,
720575940598267657,3293,,,,
720575940598267657,3308,1.0,,,
720575940598267657,3312,,,,
720575940598267657,3313,1.0,,,
720575940598267657,3323,,,,
720575940598267657,3333,1.0,,,
720575940598267657,3336,1.0,,,
720575940598267657,3341,,,,
720575940598267657,3342,1.0,,,
720575940598267657,3343,,,,
720575940598267657,3355,,,,
720575940598267657,3359,1.0,,,
720575940598267657,3362,1.0,,,
720575940598267657,3364,,,,
720575940598267657,3368,1.0,,,
720575940598267657,3373,1.0,,,
720575940598267657,3398,,,,
720575940598267657,3411,,,,
720575940598267657,3531,,,,
720575940598267657,3536,1.0,,,
720575940598267657,3540,0.5999338679006807,0.3778402358715794,0.3778402358715794,0.5999338679006807
720575940598267657,3546,0.6659234476094695,0.3131967678661223,0.3131967678661223,0.6659234476094695
720575940598267657,3552,1.0,,,
720575940598267657,3553,1.0,,,
720575940598267657,3554,1.0,,,
720575940598267657,3561,1.0,,,
720575940598267657,3563,1.0,,,
720575940598267657,3570,,,,
720575940598267657,3582,0.5464426323889273,0.43229686600430367,0.43229686600430367,0.5464426323889273
720575940598267657,3599,0.5361363929572867,0.44550233926393923,0.44550233926393923,0.5361363929572867
720575940598267657,3606,1.0,,,
720575940598267657,3611,,,,
720575940598267657,3621,,,,
720575940598267657,3634,0.39753592392329073,0.5868729647329273,0.5868729647329273,0.39753592392329073
720575940598267657,3636,0.4274609830536211,0.5557121633977316,0.5557121633977316,0.4274609830536211
720575940598267657,3637,0.4831234092952623,0.499378164456921,0.499378164456921,0.4831234092952623
720575940598267657,3642,0.35790012944455984,0.6183648420648564,0.6183648420648564,0.35790012944455984
720575940598267657,3643,1.0,,,
720575940598267657,3649,,,,
720575940598267657,3662,1.0,,,
720575940598267657,3668,1.0,,,
720575940598267657,3687,,,,
720575940598267657,3689,,,,
720575940598267657,3694,0.3264246859454366,0.6252522297292152,0.6252522297292152,0.3264246859454366
720575940598267657,3700,0.3607090863824516,0.5969325934355617,0.5969325934355617,0.3607090863824516
720575940598267657,3703,,,,
720575940598267657,3704,,,,
720575940598267657,3707,,,,
720575940598267657,3711,1.0,,,
720575940598267657,3714,0.27446316171837026,0.6458996505160166,0.6458996505160166,0.27446316171837026
720575940598267657,3717,,,,
720575940598267657,3720,,,,
720575940598267657,3729,1.0,,,
720575940598267657,3732,0.17917724203089969,0.689802425725117,0.689802425725117,0.17917724203089969
720575940598267657,3736,1.0,,,
720575940598267657,3743,0.24352684449170858,0.6640789393983715,0.6640789393983715,0.24352684449170858
720575940598267657,3745,0.21391669987684492,0.6890575399264762,0.6890575399264762,0.21391669987684492
720575940598267657,3747,1.0,,,
720575940598267657,3748,0.68056171750003,0.23957871187497745,0.23957871187497745,1.0
720575940598267657,3758,0.20158008149524276,0.7025000579696358,0.7025000579696358,0.20158008149524276
720575940598267657,3759,0.1923391229895881,0.6858891246935553,0.6858891246935553,0.1923391229895881
720575940598267657,3761,0.44098300562505255,0.36685490255855924,0.36685490255855924,1.0
720575940598267657,3763,,,,
720575940598267657,3765,0.1875058532925079,0.6816920078662789,0.6816920078662789,0.1875058532925079
720575940598267657,3766,,,,
720575940598267657,3767,1.0,,,
720575940598267657,3768,0.42024909563579715,0.4046178186708499,0.4046178186708499,0.42024909563579715
720575940598267657,3777,0.21287897971194825,0.6840496883103865,0.6840496883103865,0.21287897971194825
720575940598267657,3779,0.22757190542399186,0.6701001875907633,0.6701001875907633,0.22757190542399186
720575940598267657,3783,1.0,,,
720575940598267657,3786,,,,
720575940598267657,3794,0.3803226646068133,0.4623373869535104,0.4623373869535104,0.3803226646068133
720575940598267657,3795,0.1702450211918214,0.7387004922310753,0.7387004922310753,0.1702450211918214
720575940598267657,3799,1.0,,,
720575940598267657,3808,,,,
720575940598267657,3809,0.17995620870240558,0.7256147649723327,0.7256147649723327,0.17995620870240558
720575940598267657,3810,1.0,,,
720575940598267657,3823,1.0,,,
720575940598267657,3828,1.0,,,
720575940598267657,3843,1.0,,,
720575940598267657,3848,0.7525126265847083,0.18561553006146878,0.18561553006146878,1.0
720575940598267657,3863,0.22801484489663248,0.639349827350995,0.639349827350995,0.22801484489663248
720575940598267657,3868,1.0,,,
720575940598267657,3878,,,,
720575940598267657,3882,0.6363636363636362,0.2507575757575758,0.2507575757575758,0.6363636363636362
720575940598267657,3887,,,,
720575940598267657,3890,1.0,,,
720575940598267657,3896,1.0,,,
720575940598267657,3916,,,,
720575940598267657,3918,1.0,,,
720575940598267657,3930,,,,
720575940598267657,3931,1.0,,,
720575940598267657,3936,1.0,,,
720575940598267657,3940,1.0,,,
720575940598267657,3942,0.5662361913821455,0.3171897850518062,0.3171897850518062,0.5662361913821455
720575940598267657,3946,,,,
720575940598267657,3952,0.2928932188134524,0.7071067811865476,0.7071067811865476,1.0
720575940598267657,3959,1.0,,,
720575940598267657,3970,0.17374294995516693,0.6949288506545136,0.6949288506545136,0.17374294995516693
720575940598267657,3984,1.0,,,
720575940598267657,3989,0.16024279138110364,0.7092392652891214,0.7092392652891214,0.16024279138110364
720575940598267657,4005,0.1339745962155614,0.8660254037844386,0.8660254037844386,1.0
720575940598267657,4008,0.10662942743273562,0.6377479380338577,0.6377479380338577,1.0
720575940598267657,4014,0.26515307716504644,0.49181161241818505,0.49181161241818505,1.0
720575940598267657,4017,-0.10239637961024606,0.7230170005334386,0.7230170005334386,1.0
720575940598267657,4019,1.0,,,
720575940598267657,4025,0.13453770317594393,0.7209561478619647,0.7209561478619647,0.13453770317594393
720575940598267657,4026,0.3147119831426808,0.5646933873283261,0.5646933873283261,0.3147119831426808
720575940598267657,4038,,,,
720575940598267657,4041,0.18983727784868032,0.617841379335939,0.617841379335939,0.18983727784868032
720575940598267657,4051,1.0,,,
720575940598267657,4052,,,,
720575940598267657,4053,1.0,,,
720575940598267657,4058,0.20033076795351312,0.5781462774659009,0.5781462774659009,0.20033076795351312
720575940598267657,4060,0.4095980162460019,0.473647685208896,0.473647685208896,0.4095980162460019
720575940598267657,4066,,,,
720575940598267657,4072,1.0,,,
720575940598267657,4082,0.2196176963869647,0.5661153484858844,0.5661153484858844,0.2196176963869647
720575940598267657,4086,-0.22383865974594763,0.8140997074188946,0.8140997074188946,1.0
720575940598267657,4087,0.7204915028125263,0.25767189584470235,0.25767189584470235,1.0
720575940598267657,4115,0.10886721132099308,0.7262599409306527,0.7262599409306527,0.10886721132099308
720575940598267657,4125,1.0,,,
720575940598267657,4130,,,,
720575940598267657,4132,0.4209339758564139,0.43656149476450046,0.43656149476450046,0.4209339758564139
720575940598267657,4149,1.0,,,
720575940598267657,4154,,,,
720575940598267657,4155,0.3367444715339115,0.49875824245381195,0.49875824245381195,0.3367444715339115
720575940598267657,4156,0.4534056055000514,0.35870257139059125,0.35870257139059125,1.0
720575940598267657,4158,0.7282116950029883,0.25964541930012375,0.25964541930012375,0.7282116950029883
720575940598267657,4169,,,,
720575940598267657,4170,,,,
720575940598267657,4177,1.0,,,
720575940598267657,4186,0.7848342585440324,0.20970254880181216,0.20970254880181216,0.7848342585440324
720575940598267657,4189,1.0,,,
720575940598267657,4191,,,,
720575940598267657,4192,1.0,,,
720575940598267657,4205,-0.26295371385230637,0.7843245615532285,0.7843245615532285,1.0
720575940598267657,4212,1.0,,,
720575940598267657,4215,,,,
720575940598267657,4216,,,,
720575940598267657,4218,,,,
720575940598267657,4220,0.14702024291288596,0.6759947721619385,0.6759947721619385,0.14702024291288596
720575940598267657,4238,,,,
720575940598267657,4243,,,,
720575940598267657,4244,0.5285954792089683,0.41247895569215265,0.41247895569215265,1.0
720575940598267657,4246,0.09642109317176006,0.7311888224912046,0.7311888224912046,0.09642109317176006
720575940598267657,4249,0.31246276728858446,0.5237609576952018,0.5237609576952018,0.31246276728858446
720575940598267657,4253,,,,
720575940598267657,4262,0.28501905421817086,0.5414668585820194,0.5414668585820194,0.28501905421817086
720575940598267657,4269,0.375,0.56640625,0.56640625,0.375
720575940598267657,4272,1.0,,,
720575940598267657,4278,1.0,,,
720575940598267657,4283,0.6773123816013771,0.3078452484507956,0.3078452484507956,0.6773123816013771
720575940598267657,4300,1.0,,,
720575940598267657,4307,1.0,,,
720575940598267657,4315,1.0,,,
720575940598267657,4317,1.0,,,
720575940598267657,4318,1.0,0.23146220039692234,0.23146220039692234,0.7667152625920783
720575940598267657,4324,0.5669872981077807,0.29600477668413433,0.29600477668413433,0.5669872981077807
720575940598267657,4330,1.0,,,
720575940598267657,4331,0.2535226643929954,0.6444181446775221,0.6444181446775221,0.2535226643929954
720575940598267657,4332,0.78423050764948,0.21450521798127864,0.21450521798127864,0.78423050764948
720575940598267657,4336,0.23492722126262522,0.6620992384922398,0.6620992384922398,0.23492722126262522
720575940598267657,4346,,,,
720575940598267657,4347,0.2482214819702946,0.6506142918367228,0.6506142918367228,0.2482214819702946
720575940598267657,4349,0.25857759190680296,0.5656622449615657,0.5656622449615657,0.25857759190680296
720575940598267657,4351,1.0,,,
720575940598267657,4360,0.2685551462522454,0.6293546301723016,0.6293546301723016,0.2685551462522454
720575940598267657,4361,,,,
720575940598267657,4365,1.0,,,
720575940598267657,4374,,,,
720575940598267657,4376,,,,
720575940598267657,4385,0.2842105263157897,0.5528729569284538,0.5528729569284538,0.2842105263157897
720575940598267657,4386,0.29610927377989227,0.6398427097947564,0.6398427097947564,0.29610927377989227
720575940598267657,4387,,,,
720575940598267657,4394,0.0,1.0,1.0,1.0
720575940598267657,4395,0.26270810218351837,0.6318992595758768,0.6318992595758768,0.26270810218351837
720575940598267657,4397,,,,
720575940598267657,4406,0.15501188333446891,0.6706662203919865,0.6706662203919865,0.15501188333446891
720575940598267657,4408,,,,
720575940598267657,4409,-0.1180339887498949,1.118033988749895,1.118033988749895,1.0
720575940598267657,4414,0.658474012701815,0.31274586361269746,0.31274586361269746,0.658474012701815
720575940598267657,4424,0.14862239527154975,0.6774857352246483,0.6774857352246483,0.14862239527154975
720575940598267657,4425,1.0,,,
720575940598267657,4430,0.2615384615384616,0.5730282514523237,0.5730282514523237,0.2615384615384616
720575940598267657,4434,1.0,,,
720575940598267657,4435,,,,
720575940598267657,4436,-0.10679718105893277,1.0330107023216708,1.0330107023216708,-0.10679718105893277
720575940598267657,4443,0.2751175643909245,0.6563200486635475,0.6563200486635475,0.2751175643909245
720575940598267657,4444,0.31060606060606055,0.629966812904435,0.629966812904435,0.31060606060606055
720575940598267657,4447,1.0,,,
720575940598267657,4448,-0.010152544552210818,0.9259731658395265,0.9259731658395265,-0.010152544552210818
720575940598267657,4464,0.3126114834741526,0.6254377078409673,0.6254377078409673,0.3126114834741526
720575940598267657,4469,1.0,,,
720575940598267657,4479,-0.031197389230381845,0.908435795274384,0.908435795274384,-0.031197389230381845
720575940598267657,4481,0.2531289241418191,0.6407593797925571,0.6407593797925571,0.2531289241418191
720575940598267657,4482,1.0,,,
720575940598267657,4489,0.3334797374760242,0.6029274601327722,0.6029274601327722,0.3334797374760242
720575940598267657,4490,0.2168473007442665,0.6807979813031938,0.6807979813031938,0.2168473007442665
720575940598267657,4502,0.1639324570073104,0.6721522089764986,0.6721522089764986,0.1639324570073104
720575940598267657,4505,0.10004591485348502,0.7874598245032006,0.7874598245032006,0.10004591485348502
720575940598267657,4506,0.2639798745958096,0.5766515889143737,0.5766515889143737,0.2639798745958096
720575940598267657,4507,0.6153044955244367,0.3495694989399527,0.3495694989399527,0.6153044955244367
720575940598267657,4508,,,,
720575940598267657,4511,1.0,,,
720575940598267657,4512,0.1388416755632086,0.6835779634143919,0.6835779634143919,0.1388416755632086
720575940598267657,4516,,,,
720575940598267657,4520,0.23809523809523814,0.6619151281932044,0.6619151281932044,0.23809523809523814
720575940598267657,4521,0.19924515520722264,0.699710312260357,0.699710312260357,0.19924515520722264
720575940598267657,4522,,,,
720575940598267657,4543,1.0,,,
720575940598267657,4547,1.0,,,
720575940598267657,4549,0.28308823529411764,0.6467118855395348,0.6467118855395348,0.28308823529411764
720575940598267657,4551,0.594038158619719,0.3701391282348013,0.3701391282348013,0.594038158619719
720575940598267657,4565,1.0,,,
720575940598267657,4575,0.6938137821521028,0.2136924645396783,0.2136924645396783,1.0
720575940598267657,4576,0.6792334860641076,0.18544314086918776,0.18544314086918776,1.0
720575940598267657,4581,1.0,,,
720575940598267657,4610,0.3633439842796259,0.5744365222858959,0.5744365222858959,0.3633439842796259
720575940598267657,4615,1.0,,,
720575940598267657,4617,0.6535898384862244,0.24898230358802614,0.24898230358802614,1.0
720575940598267657,4618,0.4094784781724067,0.5366018320904058,0.5366018320904058,0.4094784781724067
720575940598267657,4622,,,,
720575940598267657,4639,1.0,,,
720575940598267657,4648,0.5237103277921598,0.3758223194764989,0.3758223194764989,0.5237103277921598
720575940598267657,4651,0.24369064274872887,0.5991931524282136,0.5991931524282136,0.24369064274872887
720575940598267657,4663,0.2460766951139196,0.6040286564191724,0.6040286564191724,0.2460766951139196
720575940598267657,4665,,,,
720575940598267657,4667,1.0,,,
720575940598267657,4674,0.09436760865368732,0.7124979005493084,0.7124979005493084,0.09436760865368732
720575940598267657,4676,0.14575725477045165,0.7643925339226096,0.7643925339226096,0.14575725477045165
720575940598267657,4677,,,,
720575940598267657,4688,,,,
720575940598267657,4691,0.11731753183692017,0.7383159086834891,0.7383159086834891,0.11731753183692017
720575940598267657,4693,1.0,,,
720575940598267657,4707,0.15857299187600848,0.6396568170887762,0.6396568170887762,0.15857299187600848
720575940598267657,4710,0.19551075125041117,0.6335092508471427,0.6335092508471427,0.19551075125041117
720575940598267657,4714,0.6666666666666667,0.22916666666666666,0.22916666666666666,1.0
720575940598267657,4722,0.18208711864803018,0.7184639436172444,0.7184639436172444,0.18208711864803018
720575940598267657,4734,,,,
720575940598267657,4735,1.0,,,
720575940598267657,4737,0.6139559839042759,0.29858091869903663,0.29858091869903663,0.6139559839042759
720575940598267657,4741,1.0,,,
720575940598267657,4742,,,,
720575940598267657,4747,0.5454313549515053,0.3409264837863711,0.3409264837863711,0.5454313549515053
720575940598267657,4751,1.0,,,
720575940598267657,4755,,,,
720575940598267657,4764,0.3759522825670957,0.5632216378319291,0.5632216378319291,0.3759522825670957
720575940598267657,4768,,,,
720575940598267657,4770,,,,
720575940598267657,4778,1.0,,,
720575940598267657,4779,,,,
720575940598267657,4785,0.26515307716504644,0.6812643347115714,0.6812643347115714,0.26515307716504644
720575940598267657,4786,0.539370439684192,0.41335720802855597,0.41335720802855597,0.539370439684192
720575940598267657,4792,0.47499999999999987,0.4324869791666668,0.4324869791666668,0.47499999999999987
720575940598267657,4793,1.0,,,
720575940598267657,4794,0.17443322317993304,0.6224762621988685,0.6224762621988685,0.17443322317993304
720575940598267657,4797,1.0,,,
720575940598267657,4799,0.16534304358474827,0.7368950050879144,0.7368950050879144,0.16534304358474827
720575940598267657,4800,0.4587341226347258,0.43414033913673034,0.43414033913673034,0.4587341226347258
720575940598267657,4805,0.4211712385836939,0.5539925419780942,0.5539925419780942,0.4211712385836939
720575940598267657,4809,0.38888888888888895,0.5132378472222222,0.5132378472222222,0.38888888888888895
720575940598267657,4813,0.41002407168255284,0.5613178817415527,0.5613178817415527,0.41002407168255284
720575940598267657,4814,1.0,,,
720575940598267657,4820,0.43466622891669326,0.5101253950009527,0.5101253950009527,0.43466622891669326
720575940598267657,4824,0.13299103496299114,0.7725808456416945,0.7725808456416945,0.13299103496299114
720575940598267657,4826,-0.6057110943361894,1.0089694999573062,1.0089694999573062,1.0
720575940598267657,4827,0.4473991411390469,0.4792085572934828,0.4792085572934828,0.4473991411390469
720575940598267657,4834,,,,
720575940598267657,4836,0.14898583090367057,0.7549395424185691,0.7549395424185691,0.14898583090367057
720575940598267657,4840,1.0,,,
720575940598267657,4841,,,,
720575940598267657,4846,0.397236218884897,0.5735821263799651,0.5735821263799651,0.397236218884897
720575940598267657,4853,,,,
720575940598267657,4854,-0.008474139125894675,0.7208079527187305,0.7208079527187305,-0.008474139125894675
720575940598267657,4857,-0.057424913653505216,0.7356207977080843,0.7356207977080843,-0.057424913653505216
720575940598267657,4877,-0.3584712216226489,0.8533146104327082,0.8533146104327082,1.0
720575940598267657,4888,1.0,,,
720575940598267657,4889,-0.6904273550960842,1.0747088131060891,1.0747088131060891,1.0
720575940598267657,4891,0.3858077313600058,0.5858495819416488,0.5858495819416488,0.3858077313600058
720575940598267657,4892,-0.13974065312908812,0.76938527447027,0.76938527447027,-0.13974065312908812
720575940598267657,4896,,,,
720575940598267657,4901,-0.29587819317449315,0.8475314808043778,0.8475314808043778,-0.29587819317449315
720575940598267657,4903,,,,
720575940598267657,4905,,,,
720575940598267657,4912,-0.45608801509122654,0.9487441970074791,0.9487441970074791,1.0
720575940598267657,4915,1.0,,,
720575940598267657,4916,0.13428557793644813,0.7233421203849486,0.7233421203849486,0.13428557793644813
720575940598267657,4922,1.0,,,
720575940598267657,4925,0.4107443490112104,0.5547289526886653,0.5547289526886653,0.4107443490112104
720575940598267657,4926,0.421312341320486,0.42440862467608886,0.42440862467608886,0.421312341320486
720575940598267657,4929,0.3302176484577247,0.48253981133898555,0.48253981133898555,0.3302176484577247
720575940598267657,4936,0.4063995403625279,0.4763460478572307,0.4763460478572307,0.4063995403625279
720575940598267657,4937,0.40784587775423,0.5273872651251389,0.5273872651251389,0.40784587775423
720575940598267657,4939,0.13833246986388537,0.7203875676363362,0.7203875676363362,0.13833246986388537
720575940598267657,4942,0.40482993586050264,0.5101180920831043,0.5101180920831043,0.40482993586050264
720575940598267657,4943,1.0,,,
720575940598267657,4950,,,,
720575940598267657,4965,,,,
720575940598267657,4972,1.0,,,
720575940598267657,4974,0.4896896369201713,0.4505083674064113,0.4505083674064113,0.4896896369201713
720575940598267657,4983,0.3453463292920229,0.6229438835330595,0.6229438835330595,0.3453463292920229
720575940598267657,4984,0.28583235922766137,0.655118623599105,0.655118623599105,0.28583235922766137
720575940598267657,4995,0.4487540894736236,0.4613813428207745,0.4613813428207745,0.4487540894736236
720575940598267657,4997,0.45176958651414467,0.4516238388872194,0.4516238388872194,0.45176958651414467
720575940598267657,5004,1.0,,,
720575940598267657,5008,0.22602928266225986,0.7050821406550563,0.7050821406550563,0.22602928266225986
720575940598267657,5013,0.19666474912991028,0.6496973368069968,0.6496973368069968,0.19666474912991028
720575940598267657,5016,0.5824733392983219,0.37403430021191997,0.37403430021191997,0.5824733392983219
720575940598267657,5020,,,,
720575940598267657,5022,0.1890227312820022,0.6417130705770671,0.6417130705770671,0.1890227312820022
720575940598267657,5023,0.5613866659519643,0.36779555615486326,0.36779555615486326,0.5613866659519643
720575940598267657,5025,1.0,,,
720575940598267657,5026,1.0,,,
720575940598267657,5029,0.19070363261685863,0.6527123149005072,0.6527123149005072,0.19070363261685863
720575940598267657,5031,0.1837746459987557,0.6578626691088806,0.6578626691088806,0.1837746459987557
720575940598267657,5036,,,,
720575940598267657,5043,0.6030716899321323,0.34731227130938425,0.34731227130938425,0.6030716899321323
720575940598267657,5047,,,,1.0
720575940598267657,5055,,,,
720575940598267657,5076,,,,
720575940598267657,5082,1.0,,,
720575940598267657,5088,0.0625,0.8188657407407408,0.8188657407407408,0.0625
720575940598267657,5091,1.0,,,
720575940598267657,5096,0.19216520067770715,0.65360262259397,0.65360262259397,0.19216520067770715
720575940598267657,5101,,,,
720575940598267657,5110,0.18790879662059912,0.6592017473845471,0.6592017473845471,0.18790879662059912
720575940598267657,5116,,,,
720575940598267657,5118,0.17244450668390643,0.666354974431464,0.666354974431464,0.17244450668390643
720575940598267657,5122,0.09953964703264473,0.8056690531514016,0.8056690531514016,0.09953964703264473
720575940598267657,5127,1.0,,,
720575940598267657,5128,,,,
720575940598267657,5129,,,,
720575940598267657,5131,0.675,0.2725260416666667,0.2725260416666667,0.675
720575940598267657,5132,0.1567329617901202,0.6812183428414543,0.6812183428414543,0.1567329617901202
720575940598267657,5133,,,,
720575940598267657,5136,,,,
720575940598267657,5139,1.0,,,
720575940598267657,5142,1.0,,,
720575940598267657,5148,1.0,,,
720575940598267657,5149,,,,
720575940598267657,5150,0.18351351087457446,0.660278155891071,0.660278155891071,0.18351351087457446
720575940598267657,5155,,,,
720575940598267657,5157,,,,1.0
720575940598267657,5158,1.0,,,
720575940598267657,5160,0.1550738878737582,0.686519028709331,0.686519028709331,0.1550738878737582
720575940598267657,5165,1.0,,,
720575940598267657,5169,,,,
720575940598267657,5170,0.14489405519753829,0.6907822758935486,0.6907822758935486,0.14489405519753829
720575940598267657,5171,1.0,,,
720575940598267657,5176,0.7083940782400979,0.2551551815399144,0.2551551815399144,1.0
720575940598267657,5182,0.5148461806858966,0.4372595942642987,0.4372595942642987,0.5148461806858966
720575940598267657,5184,,,,1.0
720575940598267657,5190,,,,
720575940598267657,5201,1.0,,,
720575940598267657,5204,0.6,0.35000000000000003,0.35000000000000003,1.0
720575940598267657,5206,1.0,,,
720575940598267657,5211,1.0,,,
720575940598267657,5219,1.0,,,
720575940598267657,5220,0.4696699141100894,0.42260678719352257,0.42260678719352257,0.4696699141100894
720575940598267657,5222,1.0,,,
720575940598267657,5224,1.0,,,
720575940598267657,5225,0.3748698052272097,0.5399248096872691,0.5399248096872691,0.3748698052272097
720575940598267657,5256,0.49084351972847917,0.4615401518525736,0.4615401518525736,0.49084351972847917
720575940598267657,5258,,,,1.0
720575940598267657,5259,,,,1.0
720575940598267657,5264,,,,
720575940598267657,5265,0.17057783842121133,0.7112094115805818,0.7112094115805818,0.17057783842121133
720575940598267657,5268,0.3275910510006962,0.5671398477918322,0.5671398477918322,0.3275910510006962
720575940598267657,5271,,,,1.0
720575940598267657,5278,0.1809083566963523,0.7010097746356204,0.7010097746356204,0.1809083566963523
720575940598267657,5288,0.15336064239180158,0.7259070353394105,0.7259070353394105,0.15336064239180158
720575940598267657,5290,0.3070651328164168,0.5850209383505496,0.5850209383505496,0.3070651328164168
720575940598267657,5293,,,,
720575940598267657,5294,0.1582525090970509,0.7129470291983074,0.7129470291983074,0.1582525090970509
720575940598267657,5295,1.0,,,
720575940598267657,5297,0.2866905277504127,0.6080109926607903,0.6080109926607903,0.2866905277504127
720575940598267657,5304,,,,
720575940598267657,5309,1.0,,,
720575940598267657,5329,,,,
720575940598267657,5330,0.18117389484934554,0.6858628680765871,0.6858628680765871,0.18117389484934554
720575940598267657,5333,0.16790943607088615,0.6980929892984085,0.6980929892984085,0.16790943607088615
720575940598267657,5335,1.0,,,
720575940598267657,5341,0.1874336300078271,0.6864933553922499,0.6864933553922499,0.1874336300078271
720575940598267657,5345,1.0,,,
720575940598267657,5349,1.0,,,
720575940598267657,5357,,,,
720575940598267657,5359,,,,
720575940598267657,5360,,,,
720575940598267657,5363,1.0,,,
720575940598267657,5366,,,,
720575940598267657,5371,,,,
720575940598267657,5376,,,,
720575940598267657,5386,1.0,,,
720575940598267657,5397,0.17407175740549508,0.6982792461660455,0.6982792461660455,0.17407175740549508
720575940598267657,5404,0.152334131257153,0.7100392649134029,0.7100392649134029,0.152334131257153
720575940598267657,5410,0.0847172543912067,0.8208006477226698,0.8208006477226698,0.0847172543912067
720575940598267657,5417,1.0,,,
720575940598267657,5423,0.1846250960934246,0.6849073994981435,0.6849073994981435,0.1846250960934246
720575940598267657,5425,1.0,,,
720575940598267657,5429,0.1620224063862118,0.7038771144985508,0.7038771144985508,0.1620224063862118
720575940598267657,5430,,,,
720575940598267657,5431,1.0,,,
720575940598267657,5432,0.32374418832814,0.6091348668790852,0.6091348668790852,0.32374418832814
720575940598267657,5436,,,,
720575940598267657,5447,0.15247906596754124,0.7097430427035822,0.7097430427035822,0.15247906596754124
720575940598267657,5448,0.09243090253872865,0.7392041507583217,0.7392041507583217,0.09243090253872865
720575940598267657,5457,0.06429350369342823,0.8423909424411024,0.8423909424411024,0.06429350369342823
720575940598267657,5460,0.13205734002405323,0.6872621816035499,0.6872621816035499,0.13205734002405323
720575940598267657,5463,0.11421749837661266,0.7273473096901927,0.7273473096901927,0.11421749837661266
720575940598267657,5465,1.0,,,
720575940598267657,5470,0.15791500259347757,0.7259914849559232,0.7259914849559232,0.15791500259347757
720575940598267657,5472,0.17327534551258372,0.7081075817112457,0.7081075817112457,0.17327534551258372
720575940598267657,5480,0.46742346379571054,0.48563017241795875,0.48563017241795875,0.46742346379571054
720575940598267657,5481,0.19973443572651883,0.7060504977357401,0.7060504977357401,0.19973443572651883
720575940598267657,5486,1.0,,,
720575940598267657,5489,0.18121732948871472,0.6484284512511292,0.6484284512511292,0.18121732948871472
720575940598267657,5497,0.48038475772933675,0.5142871562903487,0.5142871562903487,0.48038475772933675
720575940598267657,5518,,,,
720575940598267657,5519,1.0,,,
720575940598267657,5532,1.0,,,
720575940598267657,5538,0.22471825033755144,0.6428684520317262,0.6428684520317262,0.22471825033755144
720575940598267657,5549,0.2293340185309385,0.6409967344770271,0.6409967344770271,0.2293340185309385
720575940598267657,5550,0.1445764430760793,0.7094977407681365,0.7094977407681365,0.1445764430760793
720575940598267657,5557,1.0,,,
720575940598267657,5562,,,,
720575940598267657,5563,1.0,,,
720575940598267657,5565,0.12430624798080492,0.6941426608708763,0.6941426608708763,0.12430624798080492
720575940598267657,5576,0.22403258978167173,0.6433461110227993,0.6433461110227993,0.22403258978167173
720575940598267657,5580,0.7278344730240913,0.2636603542579115,0.2636603542579115,1.0
720575940598267657,5583,,,,
720575940598267657,5586,0.22532385580027714,0.6427570308726617,0.6427570308726617,0.22532385580027714
720575940598267657,5588,0.6288462555209549,0.3624548285928175,0.3624548285928175,0.6288462555209549
720575940598267657,5598,0.24262818032240974,0.6299294910607873,0.6299294910607873,0.24262818032240974
720575940598267657,5600,0.24182347388165015,0.630732322837283,0.630732322837283,0.24182347388165015
720575940598267657,5603,0.25644149792851223,0.6220403163978164,0.6220403163978164,0.25644149792851223
720575940598267657,5605,0.180902458137029,0.7170206044389609,0.7170206044389609,0.180902458137029
720575940598267657,5606,0.43305329048615915,0.5600813392033217,0.5600813392033217,0.43305329048615915
720575940598267657,5614,0.5580582617584078,0.4338855086382299,0.4338855086382299,0.5580582617584078
720575940598267657,5615,0.20811483877800185,0.6870884996489957,0.6870884996489957,0.20811483877800185
720575940598267657,5624,0.46657849053424083,0.5256077178231943,0.5256077178231943,0.46657849053424083
720575940598267657,5635,0.1836220543603616,0.7012625430997781,0.7012625430997781,0.1836220543603616
720575940598267657,5649,,,,
720575940598267657,5653,,,,
720575940598267657,5654,0.2301845712987184,0.6405636153971246,0.6405636153971246,0.2301845712987184
720575940598267657,5659,1.0,,,
720575940598267657,5660,0.15163221940218496,0.6787964298118511,0.6787964298118511,0.15163221940218496
720575940598267657,5671,0.22869868492851342,0.6416373226769286,0.6416373226769286,0.22869868492851342
720575940598267657,5677,0.22949395752745727,0.6410088417162335,0.6410088417162335,0.22949395752745727
720575940598267657,5684,1.0,,,
720575940598267657,5704,0.22334756463034044,0.6439729033412247,0.6439729033412247,0.22334756463034044
720575940598267657,5714,1.0,,,
720575940598267657,5719,1.0,,,
720575940598267657,5730,0.12041031396861224,0.7229993621038039,0.7229993621038039,0.12041031396861224
720575940598267657,5736,0.127721481435625,0.7232462390571123,0.7232462390571123,0.127721481435625
720575940598267657,5738,0.1252268648642033,0.7296498929371702,0.7296498929371702,0.1252268648642033
720575940598267657,5748,,,,
720575940598267657,5753,,,,
720575940598267657,5754,0.1328557003450388,0.7370766351823831,0.7370766351823831,0.1328557003450388
720575940598267657,5757,1.0,,,
720575940598267657,5765,1.0,,,
720575940598267657,5774,0.044385761341309116,0.8640953974004286,0.8640953974004286,0.044385761341309116
720575940598267657,5776,1.0,,,
720575940598267657,5783,0.2783121635129677,0.6314768569261532,0.6314768569261532,1.0
720575940598267657,5785,0.2928932188134524,0.0,0.0,1.0
720575940598267657,5787,1.0,,,
720575940598267657,5789,,,,
720575940598267657,5792,0.13751663725008123,0.7680225337135018,0.7680225337135018,0.13751663725008123
720575940598267657,5793,0.2644340742486361,0.6194279675035083,0.6194279675035083,0.2644340742486361
720575940598267657,5794,0.8593361884671451,0.12217077869339146,0.12217077869339146,1.0
720575940598267657,5796,0.5188747756753118,0.4811252243246881,0.4811252243246881,1.0
720575940598267657,5808,1.0,,,
720575940598267657,5813,1.0,,,
720575940598267657,5818,0.14757756951145407,0.7579675205672136,0.7579675205672136,0.14757756951145407
720575940598267657,5825,0.31037944896703606,0.6197288672605625,0.6197288672605625,0.31037944896703606
720575940598267657,5830,,,,
720575940598267657,5839,,,,
720575940598267657,5847,1.0,,,
720575940598267657,5849,0.5285954792089683,0.3830161731427132,0.3830161731427132,0.5285954792089683
720575940598267657,5874,1.0,,,
720575940598267657,5877,,,,
720575940598267657,5887,0.29864549039152233,0.6310195767131344,0.6310195767131344,0.29864549039152233
720575940598267657,5890,0.13341429505001134,0.773594964514597,0.773594964514597,0.13341429505001134
720575940598267657,5892,,,,
720575940598267657,5898,0.6391560817564839,0.33829117335329634,0.33829117335329634,1.0
720575940598267657,5903,1.0,,,
720575940598267657,5908,0.5101020514433643,0.46693398221804333,0.46693398221804333,0.5101020514433643
720575940598267657,5909,0.11585313615152282,0.7344298559870409,0.7344298559870409,0.11585313615152282
720575940598267657,5919,0.8055555555555556,0.14583333333333334,0.14583333333333334,1.0
720575940598267657,5922,0.6351218084421101,0.28470476079565826,0.28470476079565826,1.0
720575940598267657,5923,,,,
720575940598267657,5928,0.5553359141067915,0.3311821056392126,0.3311821056392126,0.5553359141067915
720575940598267657,5929,0.22661319981127803,0.6410084854784591,0.6410084854784591,0.22661319981127803
720575940598267657,5935,1.0,,,
720575940598267657,5937,1.0,,,
720575940598267657,5941,,,,
720575940598267657,5948,1.0,,,
720575940598267657,5950,0.4831234092952623,0.4248415988051636,0.4248415988051636,1.0
720575940598267657,5951,0.12214703043018194,0.7895330038820855,0.7895330038820855,0.12214703043018194
720575940598267657,5952,1.0,,,
720575940598267657,5954,0.1479843462330005,0.7749504168297899,0.7749504168297899,0.1479843462330005
720575940598267657,5955,0.057190958417936644,0.23570226039551584,0.23570226039551584,1.0
720575940598267657,5959,0.14503283213243334,0.7673228502526764,0.7673228502526764,0.14503283213243334
720575940598267657,5962,0.12041082345090504,0.7887541562310815,0.7887541562310815,0.12041082345090504
720575940598267657,5964,0.2260141540709888,0.6415233936262319,0.6415233936262319,0.2260141540709888
720575940598267657,5967,1.0,,,
720575940598267657,5969,1.0,,,
720575940598267657,5978,0.21940840492428226,0.6472562089725841,0.6472562089725841,0.21940840492428226
720575940598267657,5989,0.12361780947902146,0.7936201281274164,0.7936201281274164,0.12361780947902146
720575940598267657,5995,,,,
720575940598267657,5998,0.21599999999999997,0.6658111979166665,0.6658111979166665,0.21599999999999997
720575940598267657,6006,-0.08253175473054841,0.4510548978043951,0.4510548978043951,1.0
720575940598267657,6007,0.24975333003773115,0.6289768929121403,0.6289768929121403,0.24975333003773115
720575940598267657,6008,0.22031750953541718,0.646590400426746,0.646590400426746,0.22031750953541718
720575940598267657,6012,,,,
720575940598267657,6013,1.0,,,
720575940598267657,6016,0.10557280900008414,0.7037624661327463,0.7037624661327463,0.10557280900008414
720575940598267657,6018,0.34566969491842414,0.5592000080415177,0.5592000080415177,1.0
720575940598267657,6021,,,,
720575940598267657,6023,0.36360389693210715,0.5568465901844063,0.5568465901844063,0.36360389693210715
720575940598267657,6024,0.1224730910474433,0.7909419215257766,0.7909419215257766,0.1224730910474433
720575940598267657,6028,0.14118499871931245,0.6868728922622604,0.6868728922622604,0.14118499871931245
720575940598267657,6043,1.0,,,
720575940598267657,6053,1.0,,,
720575940598267657,6055,0.126757717850691,0.7057316731214801,0.7057316731214801,0.126757717850691
720575940598267657,6060,,,,
720575940598267657,6063,0.11941056836042652,0.789845494225473,0.789845494225473,0.11941056836042652
720575940598267657,6071,0.050651841131668096,0.5505649952275388,0.5505649952275388,0.050651841131668096
720575940598267657,6074,1.0,,,
720575940598267657,6077,0.7,0.290625,0.290625,1.0
720575940598267657,6087,0.16188869739422118,0.744146955586913,0.744146955586913,0.16188869739422118
720575940598267657,6091,1.0,,,
720575940598267657,6097,0.25334659491501865,0.6287287856172187,0.6287287856172187,0.25334659491501865
720575940598267657,6100,0.07407407407407407,0.534939236111111,0.534939236111111,0.07407407407407407
720575940598267657,6103,0.03208925459386269,0.5346474574595822,0.5346474574595822,0.03208925459386269
720575940598267657,6108,0.16450754314385885,0.6981961727390568,0.6981961727390568,0.16450754314385885
720575940598267657,6110,0.21698944047210966,0.5764762312774185,0.5764762312774185,0.21698944047210966
720575940598267657,6118,1.0,,,
720575940598267657,6123,0.2399758433115432,0.563550278013274,0.563550278013274,0.2399758433115432
720575940598267657,6125,0.1886519154606241,0.589482712483862,0.589482712483862,0.1886519154606241
720575940598267657,6128,0.06102893193311498,0.5618441791292141,0.5618441791292141,0.06102893193311498
720575940598267657,6133,0.1567259572884322,0.6851601597031488,0.6851601597031488,0.1567259572884322
720575940598267657,6149,0.08586207378309252,0.49813375276272887,0.49813375276272887,0.08586207378309252
720575940598267657,6152,0.26515307716504644,0.46183087858724503,0.46183087858724503,1.0
720575940598267657,6164,0.04097555236768724,0.596132375872406,0.596132375872406,0.04097555236768724
720575940598267657,6165,,,,
720575940598267657,6170,,,,
720575940598267657,6171,1.0,,,
720575940598267657,6173,1.0,,,
720575940598267657,6176,0.049249969847641406,0.6133076046673167,0.6133076046673167,0.049249969847641406
720575940598267657,6184,1.0,,,
720575940598267657,6188,,,,
720575940598267657,6190,0.6271769888206329,0.35534693253033417,0.35534693253033417,0.6271769888206329
720575940598267657,6192,,,,
720575940598267657,6196,0.6456583065538495,0.2706776824935872,0.2706776824935872,0.6456583065538495
720575940598267657,6197,0.27585441281024503,0.5540235824818631,0.5540235824818631,0.27585441281024503
720575940598267657,6200,0.2661822745359639,0.5563262830114645,0.5563262830114645,0.2661822745359639
720575940598267657,6201,0.26821326619217134,0.5551321288394475,0.5551321288394475,0.26821326619217134
720575940598267657,6213,0.22511637058670808,0.643416608365611,0.643416608365611,0.22511637058670808
720575940598267657,6214,,,,
720575940598267657,6215,0.2899815448822505,0.5484591230593708,0.5484591230593708,0.2899815448822505
720575940598267657,6216,0.125,0.6585286458333333,0.6585286458333333,0.125
720575940598267657,6219,,,,
720575940598267657,6223,0.29248870493439927,0.5444582537423583,0.5444582537423583,0.29248870493439927
720575940598267657,6228,0.26400710730796084,0.5597027430477964,0.5597027430477964,0.26400710730796084
720575940598267657,6232,0.17689324756874913,0.734172137655163,0.734172137655163,0.17689324756874913
720575940598267657,6248,,,,
720575940598267657,6257,0.287156162936691,0.6430813874884913,0.6430813874884913,0.287156162936691
720575940598267657,6260,0.20234502283012235,0.6814992705067937,0.6814992705067937,0.20234502283012235
720575940598267657,6264,0.1339745962155614,0.6116304414227599,0.6116304414227599,0.1339745962155614
720575940598267657,6265,0.30059160704786925,0.537873917075982,0.537873917075982,0.30059160704786925
720575940598267657,6267,,,,
720575940598267657,6285,,,,
720575940598267657,6286,0.2578659335183875,0.5670592419262549,0.5670592419262549,0.2578659335183875
720575940598267657,6289,1.0,,,
720575940598267657,6290,0.16666666666666663,0.5338541666666667,0.5338541666666667,0.16666666666666663
720575940598267657,6316,0.18350341907227397,0.4422689813358516,0.4422689813358516,0.18350341907227397
720575940598267657,6327,,,,
720575940598267657,6328,0.22393727131983188,0.6602480674581228,0.6602480674581228,0.22393727131983188
720575940598267657,6334,0.25266321760223964,0.6292610848534421,0.6292610848534421,0.25266321760223964
720575940598267657,6339,0.13836027947618557,0.5842260976006478,0.5842260976006478,0.13836027947618557
720575940598267657,6343,-0.06066017177982119,0.397747564417433,0.397747564417433,1.0
720575940598267657,6350,0.31806909301252384,0.5370205892526375,0.5370205892526375,0.31806909301252384
720575940598267657,6353,,,,
720575940598267657,6361,1.0,,,
720575940598267657,6363,0.1982162742627268,0.7517211798736727,0.7517211798736727,0.1982162742627268
720575940598267657,6365,0.1435959694889577,0.580866832276318,0.580866832276318,0.1435959694889577
720575940598267657,6378,0.224558104083582,0.6440045424645812,0.6440045424645812,0.224558104083582
720575940598267657,6384,1.0,0.0,0.0,1.0
720575940598267657,6407,1.0,,,
720575940598267657,6410,,,,
720575940598267657,6421,0.21813162228126237,0.6002625315719275,0.6002625315719275,0.21813162228126237
720575940598267657,6423,0.7521349665040832,0.17557106539294107,0.17557106539294107,0.7521349665040832
720575940598267657,6424,0.2504230731452731,0.5734068288113959,0.5734068288113959,0.2504230731452731
720575940598267657,6426,0.7076728662343599,0.2816693736804345,0.2816693736804345,0.7076728662343599
720575940598267657,6429,0.49481851445907743,0.3157384284630766,0.3157384284630766,1.0
720575940598267657,6432,0.5101020514433643,0.46693398221804333,0.46693398221804333,0.5101020514433643
720575940598267657,6439,1.0,,,
720575940598267657,6441,0.28646042539790406,0.5564392421257821,0.5564392421257821,0.28646042539790406
720575940598267657,6443,0.19880952904298432,0.7456609122196248,0.7456609122196248,0.19880952904298432
720575940598267657,6444,,,,
720575940598267657,6452,,,,
720575940598267657,6459,0.34680273525781913,0.4694855340334425,0.4694855340334425,0.34680273525781913
720575940598267657,6461,,,,
720575940598267657,6476,,,,
720575940598267657,6483,0.21118936225338458,0.7274255325752937,0.7274255325752937,0.21118936225338458
720575940598267657,6488,0.25,0.5859375,0.5859375,0.25
720575940598267657,6492,1.0,,,
720575940598267657,6496,0.25,0.6181640625,0.6181640625,0.25
720575940598267657,6504,,,,
720575940598267657,6516,0.25178000808626744,0.5748094746995767,0.5748094746995767,0.25178000808626744
720575940598267657,6520,1.0,,,
720575940598267657,6531,1.0,,,
720575940598267657,6533,,,,
720575940598267657,6534,0.8665342127329678,0.08897719151135476,0.08897719151135476,0.8665342127329678
720575940598267657,6543,,,,
720575940598267657,6545,1.0,0.0,0.0,1.0
720575940598267657,6554,0.2239233328106961,0.6446885562395527,0.6446885562395527,0.2239233328106961
720575940598267657,6556,1.0,,,
720575940598267657,6560,1.0,,,
720575940598267657,6562,,,,
720575940598267657,6567,0.24435997470615223,0.6430724348559049,0.6430724348559049,0.24435997470615223
720575940598267657,6571,1.0,,,
720575940598267657,6579,,,,
720575940598267657,6583,0.2183007490036436,0.7124499451393967,0.7124499451393967,0.2183007490036436
720575940598267657,6586,0.24574798260179986,0.58269158496789,0.58269158496789,0.24574798260179986
720575940598267657,6590,,,,
720575940598267657,6591,,,,
720575940598267657,6593,,,,
720575940598267657,6599,1.0,,,
720575940598267657,6626,,,,
720575940598267657,6632,1.0,,,
720575940598267657,6637,-0.2727922061357857,1.021161628924479,1.021161628924479,1.0
720575940598267657,6639,1.0,,,
720575940598267657,6645,0.3085383051883368,0.6258194686417602,0.6258194686417602,0.3085383051883368
720575940598267657,6652,1.0,,,
720575940598267657,6662,,,,
720575940598267657,6663,1.0,,,
720575940598267657,6672,0.14437108491114303,0.5865448330984127,0.5865448330984127,0.14437108491114303
720575940598267657,6675,0.23495447921629098,0.5975414634487198,0.5975414634487198,0.23495447921629098
720575940598267657,6686,0.239768550108172,0.5905789761746721,0.5905789761746721,0.239768550108172
720575940598267657,6688,0.45566894604818264,0.32319656328389157,0.32319656328389157,1.0
720575940598267657,6690,0.09523809523809534,0.6455368768601188,0.6455368768601188,0.09523809523809534
720575940598267657,6696,0.6391560817564839,0.33829117335329634,0.33829117335329634,1.0
720575940598267657,6697,1.0,,,
720575940598267657,6698,1.0,,,
720575940598267657,6706,0.31253320228669124,0.6212361542802298,0.6212361542802298,0.31253320228669124
720575940598267657,6711,,,,
720575940598267657,6716,1.0,,,
720575940598267657,6721,0.06060606060606055,0.6565974109828999,0.6565974109828999,0.06060606060606055
720575940598267657,6729,1.0,,,
720575940598267657,6739,0.06487322977836141,0.6398033960252033,0.6398033960252033,0.06487322977836141
720575940598267657,6744,1.0,,,
720575940598267657,6752,1.0,,,
720575940598267657,6755,1.0,,,
720575940598267657,6765,,,,
720575940598267657,6766,1.0,,,
720575940598267657,6771,0.18055652830363877,0.5958904759239182,0.5958904759239182,0.18055652830363877
720575940598267657,6772,1.0,0.5625,0.5625,1.0
720575940598267657,6777,0.2984754889513288,0.6263861574335045,0.6263861574335045,0.2984754889513288
720575940598267657,6783,1.0,,,
720575940598267657,6785,1.0,,,
720575940598267657,6791,1.0,,,
720575940598267657,6793,,,,
720575940598267657,6797,0.4107443490112105,0.5192935308707806,0.5192935308707806,0.4107443490112105
720575940598267657,6811,,,,1.0
720575940598267657,6822,,,,
720575940598267657,6824,1.0,,,
720575940598267657,6825,1.0,,,
720575940598267657,6831,1.0,,,
720575940598267657,6837,1.0,,,
720575940598267657,6846,-0.154891445305972,0.900454423762,0.900454423762,1.0
720575940598267657,6871,,,,
720575940598267657,6872,,,,
720575940598267657,6876,0.4250110915000541,0.4559482360370665,0.4559482360370665,0.4250110915000541
720575940598267657,6877,1.0,,,
720575940598267657,6880,0.42099469844878623,0.5046349103065035,0.5046349103065035,0.42099469844878623
720575940598267657,6884,,,,
720575940598267657,6899,1.0,,,
720575940598267657,6900,0.5227272727272727,0.4076704545454546,0.4076704545454546,0.5227272727272727
720575940598267657,6907,1.0,,,
720575940598267657,6924,0.26515307716504644,0.6594964082864474,0.6594964082864474,0.26515307716504644
720575940598267657,6925,-0.0206207261596576,0.782741676703175,0.782741676703175,1.0
720575940598267657,6940,0.625,0.20312499999999997,0.20312499999999997,1.0
720575940598267657,6944,1.0,,,
720575940598267657,6945,1.0,,,
720575940598267657,6954,0.31675700687506425,0.600506536926213,0.600506536926213,0.31675700687506425
720575940598267657,6958,1.0,0.7660323462854264,0.7660323462854264,0.057190958417936644
720575940598267657,6962,0.43298407044933285,0.4895172923696495,0.4895172923696495,0.43298407044933285
720575940598267657,6980,1.0,,,
720575940598267657,6981,0.4418329275483631,0.4809596711771115,0.4809596711771115,0.4418329275483631
720575940598267657,6983,1.0,,,
720575940598267657,6984,1.0,,,
720575940598267657,6989,1.0,,,
720575940598267657,6993,,,,
720575940598267657,6997,1.0,0.5625,0.5625,1.0
720575940598267657,7000,,,,
720575940598267657,7006,,,,
720575940598267657,7007,1.0,,,
720575940598267657,7008,0.12518223472029355,0.7016767492347646,0.7016767492347646,1.0
720575940598267657,7012,0.375,0.533447265625,0.533447265625,0.375
720575940598267657,7016,1.0,,,
720575940598267657,7019,,,,
720575940598267657,7021,,,,
720575940598267657,7024,1.0,,,
720575940598267657,7063,,,,
720575940598267657,7065,1.0,,,
720575940598267657,7066,,,,
720575940598267657,7076,,,,
720575940598267657,7080,1.0,,,
720575940598267657,7086,,,,
720575940598267657,7087,0.4157765133200215,0.5149610537864732,0.5149610537864732,0.4157765133200215
720575940598267657,7094,,,,
720575940598267657,7096,1.0,,,
720575940598267657,7099,,,,
720575940598267657,7112,0.32130782749800346,0.6038006850455527,0.6038006850455527,0.32130782749800346
720575940598267657,7113,1.0,,,
720575940598267657,7117,0.29999999999999993,0.5541666666666667,0.5541666666666667,1.0
720575940598267657,7127,1.0,,,
720575940598267657,7130,1.0,,,
720575940598267657,7134,1.0,,,
720575940598267657,7139,,,,
720575940598267657,7140,,,,
720575940598267657,7142,0.5834022095494691,0.412800675172987,0.412800675172987,0.5834022095494691
720575940598267657,7143,0.22328909944804054,0.6453882726607153,0.6453882726607153,0.22328909944804054
720575940598267657,7145,,,,
720575940598267657,7148,1.0,,,
720575940598267657,7151,0.31790408778737955,0.6068416477625035,0.6068416477625035,0.31790408778737955
720575940598267657,7153,0.6385968388378995,0.3571679678672321,0.3571679678672321,0.6385968388378995
720575940598267657,7163,1.0,,,
720575940598267657,7165,1.0,,,
720575940598267657,7166,0.7391254026250246,0.2567984317909915,0.2567984317909915,1.0
720575940598267657,7174,,,,
720575940598267657,7175,1.0,,,
720575940598267657,7182,0.4908249227826844,0.45771060408060443,0.45771060408060443,0.4908249227826844
720575940598267657,7188,0.31615350742702,0.6095839780886942,0.6095839780886942,0.31615350742702
720575940598267657,7190,,,,
720575940598267657,7193,0.22862655927597908,0.6020020296607999,0.6020020296607999,0.22862655927597908
720575940598267657,7197,0.6391560817564839,0.33829117335329634,0.33829117335329634,1.0
720575940598267657,7205,0.22366243580261003,0.6452584928035167,0.6452584928035167,0.22366243580261003
720575940598267657,7216,1.0,,,
720575940598267657,7220,1.0,,,
720575940598267657,7226,0.316525353698038,0.6076708812423133,0.6076708812423133,0.316525353698038
720575940598267657,7235,,,,
720575940598267657,7236,1.0,,,
720575940598267657,7242,1.0,,,
720575940598267657,7252,1.0,,,
720575940598267657,7259,0.30632423957412813,0.6109447817701049,0.6109447817701049,0.30632423957412813
720575940598267657,7267,1.0,,,
720575940598267657,7270,1.0,,,
720575940598267657,7272,,,,
720575940598267657,7281,0.29684173066555286,0.6177247271290105,0.6177247271290105,0.29684173066555286
720575940598267657,7288,0.4432693832814324,0.45524326471257875,0.45524326471257875,0.4432693832814324
720575940598267657,7294,,,,
720575940598267657,7296,0.5285954792089683,0.36091908623063357,0.36091908623063357,0.5285954792089683
720575940598267657,7310,0.6499999999999999,0.24062500000000003,0.24062500000000003,1.0
720575940598267657,7319,1.0,,,
720575940598267657,7333,1.0,,,
720575940598267657,7340,1.0,,,
720575940598267657,7349,1.0,,,
720575940598267657,7359,0.28752479095764993,0.6263599653897037,0.6263599653897037,0.28752479095764993
720575940598267657,7375,,,,
720575940598267657,7383,0.23809523809523814,0.669642857142857,0.669642857142857,0.23809523809523814
720575940598267657,7413,0.2595524372548409,0.6219724938811174,0.6219724938811174,0.2595524372548409
720575940598267657,7416,0.26941481890772667,0.6433011561316989,0.6433011561316989,0.26941481890772667
720575940598267657,7418,0.33333333333333337,0.6180555555555555,0.6180555555555555,0.33333333333333337
720575940598267657,7419,0.5285954792089683,0.41247895569215265,0.41247895569215265,1.0
720575940598267657,7420,,,,
720575940598267657,7424,0.375,0.56640625,0.56640625,0.375
720575940598267657,7442,1.0,,,
720575940598267657,7456,1.0,,,
720575940598267657,7458,,,,
720575940598267657,7461,,,,
720575940598267657,7473,,,,
720575940598267657,7497,0.23141941225342044,0.6011538074538862,0.6011538074538862,0.23141941225342044
720575940598267657,7505,,,,
720575940598267657,7506,,,,
720575940598267657,7515,1.0,,,
720575940598267657,7538,0.25832513832712456,0.6232739567268115,0.6232739567268115,0.25832513832712456
720575940598267657,7545,1.0,,,
720575940598267657,7548,0.2546544932613677,0.6272718354481316,0.6272718354481316,0.2546544932613677
720575940598267657,7576,0.25709971971584167,0.62459834504451,0.62459834504451,0.25709971971584167
720575940598267657,7582,0.2601785351069261,0.5906903262625625,0.5906903262625625,0.2601785351069261
720575940598267657,7593,0.25587617386416484,0.625933066286128,0.625933066286128,0.25587617386416484
720575940598267657,7604,0.26959964681320203,0.5843154499793175,0.5843154499793175,0.26959964681320203
720575940598267657,7612,0.4445977316507431,0.4971690568054453,0.4971690568054453,0.4445977316507431
720575940598267657,7633,0.340171120926142,0.640497954882241,0.640497954882241,0.340171120926142
720575940598267657,7639,0.49220364036639364,0.4692267576649079,0.4692267576649079,0.49220364036639364
720575940598267657,7647,1.0,,,
720575940598267657,7649,0.33708739263761167,0.6468576926528304,0.6468576926528304,0.33708739263761167
720575940598267657,7650,1.0,0.688387416862894,0.688387416862894,0.28556549168823964
720575940598267657,7653,,,,
720575940598267657,7657,0.2614880357494017,0.6507683068769299,0.6507683068769299,0.2614880357494017
720575940598267657,7661,1.0,,,
720575940598267657,7671,1.0,0.5115005498530769,0.5115005498530769,0.46334368540005044
720575940598267657,7676,0.24569973559007086,0.6604826461456386,0.6604826461456386,0.24569973559007086
720575940598267657,7677,1.0,0.29296875,0.29296875,0.6875
720575940598267657,7678,,,,1.0
720575940598267657,7679,,,,1.0
720575940598267657,7684,,,,1.0
720575940598267657,7687,,,,
720575940598267657,7700,1.0,,,
720575940598267657,7702,0.264420862796384,0.5887354355650241,0.5887354355650241,0.264420862796384
720575940598267657,7706,1.0,,,
720575940598267657,7714,0.24475559448561357,0.6603447965113677,0.6603447965113677,0.24475559448561357
720575940598267657,7715,0.2669120406818063,0.5879841010359774,0.5879841010359774,0.2669120406818063
720575940598267657,7729,0.22930812962325964,0.6381652470747926,0.6381652470747926,0.22930812962325964
720575940598267657,7740,0.23090672376387333,0.6382051377755694,0.6382051377755694,0.23090672376387333
720575940598267657,7746,,,,
720575940598267657,7754,,,,
720575940598267657,7776,0.23042667095303881,0.6382957943456086,0.6382957943456086,0.23042667095303881
720575940598267657,7800,1.0,,,
720575940598267657,7814,,,,
720575940598267657,7831,,,,
720575940598267657,7841,0.2285356228047688,0.6390513937529054,0.6390513937529054,0.2285356228047688
720575940598267657,7856,0.22944004656735262,0.6387307615088169,0.6387307615088169,0.22944004656735262
720575940598267657,7955,0.2299617031790443,0.6383718783192608,0.6383718783192608,0.2299617031790443
720575940599333574,0,0.45112231231850775,0.4943976583832627,0.4943976583832627,0.45112231231850775
720575940599333574,2,,,,1.0
720575940599333574,11,0.5039064353629883,0.48123218019527564,0.48123218019527564,0.5039064353629883
720575940599333574,13,,,,1.0
720575940599333574,14,,,,1.0
720575940599333574,15,,,,1.0
720575940599333574,16,0.47589653540657717,0.5114387238142576,0.5114387238142576,0.47589653540657717
720575940599333574,19,,,,1.0
720575940599333574,20,0.4540807156802843,0.5313018675017136,0.5313018675017136,0.4540807156802843
720575940599333574,22,0.5557918938699893,0.4291685198079645,0.4291685198079645,0.5557918938699893
720575940599333574,24,1.0,0.310337740793278,0.310337740793278,0.6574199201484257
720575940599333574,29,0.6099498360021078,0.3749884124665609,0.3749884124665609,0.6099498360021078
720575940599333574,34,0.6666272119309739,0.31863308789341566,0.31863308789341566,0.6666272119309739
720575940599333574,35,1.0,0.15900213068181818,0.15900213068181818,0.8181818181818181
720575940599333574,39,,,,1.0
720575940599333574,43,,,,1.0
720575940599333574,44,0.4854592953398762,0.5032218526625035,0.5032218526625035,0.4854592953398762
720575940599333574,45,1.0,0.17375542241149794,0.17375542241149794,0.8260747286907391
720575940599333574,46,0.4502862347318505,0.5386212913412736,0.5386212913412736,0.4502862347318505
720575940599333574,47,,,,1.0
720575940599333574,52,,,,1.0
720575940599333574,53,0.41631534282811833,0.5728089686829173,0.5728089686829173,0.41631534282811833
720575940599333574,61,,,,1.0
720575940599333574,67,,,,1.0
720575940599333574,68,,,,1.0
720575940599333574,70,,,,1.0
720575940599333574,71,,,,1.0
720575940599333574,73,,,,1.0
720575940599333574,80,,,,1.0
720575940599333574,81,,,,1.0
720575940599333574,83,,,,
720575940599333574,84,,,,1.0
720575940599333574,87,,,,1.0
720575940599333574,89,,,,
720575940599333574,147,0.3834502253282942,0.6058804651350861,0.6058804651350861,0.3834502253282942
720575940599333574,217,0.45269124895446766,0.4940718210895302,0.4940718210895302,0.45269124895446766
720575940599333574,227,0.45426048766281324,0.49333040192722316,0.49333040192722316,0.45426048766281324
720575940599333574,237,0.4551651915055809,0.4923581952114918,0.4923581952114918,0.4551651915055809
720575940599333574,258,0.4560716004106332,0.49139013414550803,0.49139013414550803,0.4560716004106332
720575940599333574,261,0.3979809653932238,0.5922948688557076,0.5922948688557076,0.3979809653932238
720575940599333574,397,0.4064249363494157,0.5845861409924078,0.5845861409924078,0.4064249363494157
720575940599333574,469,0.29210379968698985,0.7015432365893486,0.7015432365893486,0.29210379968698985
720575940599333574,477,0.2733004424262523,0.7080983149734429,0.7080983149734429,0.2733004424262523
720575940599333574,487,,,,
720575940599333574,492,0.29776190662396584,0.6961609859158582,0.6961609859158582,0.29776190662396584
720575940599333574,501,0.3808578453678322,0.6103173982306863,0.6103173982306863,0.3808578453678322
720575940599333574,502,1.0,,,
720575940599333574,508,0.35601533543500574,0.6353156658075595,0.6353156658075595,0.35601533543500574
720575940599333574,512,,,,
720575940599333574,514,1.0,1.0,1.0,1.0
720575940599333574,518,0.27832372429880914,0.6978053998815593,0.6978053998815593,0.27832372429880914
720575940599333574,522,,,,1.0
720575940599333574,524,,,,
720575940599333574,526,,,,
720575940599333574,530,,,,1.0
720575940599333574,531,1.0,,,
720575940599333574,539,1.0,0.0,0.0,1.0
720575940599333574,540,1.0,,,
720575940599333574,542,-0.06066017177982119,1.0606601717798212,1.0606601717798212,1.0
720575940599333574,545,0.30673093143972574,0.6394336098759256,0.6394336098759256,0.30673093143972574
720575940599333574,546,1.0,1.0,1.0,1.0
720575940599333574,547,0.2928932188134524,0.7071067811865476,0.7071067811865476,1.0
720575940599333574,549,,,,1.0
720575940599333574,550,0.582404309511837,0.3983108895038139,0.3983108895038139,0.582404309511837
720575940599333574,553,,,,
720575940599333574,557,0.6325952832429654,0.34731227130938425,0.34731227130938425,0.6325952832429654
720575940599333574,560,0.7278344730240913,0.2523201239672486,0.2523201239672486,0.7278344730240913
720575940599333574,561,0.4654775161751512,0.5345224838248488,0.5345224838248488,0.4654775161751512
720575940599333574,563,0.6703898406558785,0.30824653790515066,0.30824653790515066,0.6703898406558785
720575940599333574,564,,,,
720575940599333574,566,0.5384615384615384,0.4433092948717949,0.4433092948717949,0.5384615384615384
720575940599333574,567,1.0,,,
720575940599333574,570,0.40152298249270346,0.5984770175072965,0.5984770175072965,0.40152298249270346
720575940599333574,571,0.3643465408030744,0.6356534591969256,0.6356534591969256,0.3643465408030744
720575940599333574,573,,,,
720575940599333574,574,0.3825559621166503,0.6174440378833497,0.6174440378833497,0.3825559621166503
720575940599333574,579,1.0,0.4330127018922193,0.4330127018922193,0.5669872981077807
720575940599333574,580,0.3815151906097156,0.6184848093902844,0.6184848093902844,0.3815151906097156
720575940599333574,581,,,,1.0
720575940599333574,584,,,,1.0
720575940599333574,588,,,,1.0
720575940599333574,589,0.5232687053772038,0.46242832121099026,0.46242832121099026,0.5232687053772038
720575940599333574,592,0.28195813006195314,0.6921620295206404,0.6921620295206404,0.28195813006195314
720575940599333574,593,1.0,1.0,1.0,1.0
720575940599333574,594,,,,
720575940599333574,599,0.39697731084447274,0.6030226891555273,0.6030226891555273,0.39697731084447274
720575940599333574,603,0.34680273525781913,0.6531972647421809,0.6531972647421809,0.34680273525781913
720575940599333574,604,0.26482893181520817,0.7021526278910978,0.7021526278910978,0.26482893181520817
720575940599333574,606,0.2617554909683957,0.7017706798732187,0.7017706798732187,0.2617554909683957
720575940599333574,607,,,,
720575940599333574,612,1.0,1.0,1.0,1.0
720575940599333574,613,1.0,1.0,1.0,1.0
720575940599333574,614,0.5154016398003942,0.47289354303593034,0.47289354303593034,0.5154016398003942
720575940599333574,616,0.3298497002944718,0.6701502997055282,0.6701502997055282,0.3298497002944718
720575940599333574,617,0.23019950223885255,0.7185971225669452,0.7185971225669452,0.23019950223885255
720575940599333574,618,,,,
720575940599333574,620,,,,
720575940599333574,621,,,,
720575940599333574,622,0.24029397923887186,0.7119470404923569,0.7119470404923569,0.24029397923887186
720575940599333574,626,0.5107754510036732,0.47845970431946905,0.47845970431946905,0.5107754510036732
720575940599333574,627,0.1339745962155614,0.8660254037844386,0.8660254037844386,0.1339745962155614
720575940599333574,628,,,,
720575940599333574,641,0.4326434180127453,0.5592702152620099,0.5592702152620099,0.4326434180127453
720575940599333574,642,0.26346426641497434,0.69724029861009,0.69724029861009,0.26346426641497434
720575940599333574,649,1.0,,,
720575940599333574,656,,,,
720575940599333574,659,0.2588184732989529,0.708150931868347,0.708150931868347,0.2588184732989529
720575940599333574,660,0.26033417466041087,0.6841034131531509,0.6841034131531509,0.26033417466041087
720575940599333574,670,0.2641062866766777,0.6809942805586003,0.6809942805586003,0.2641062866766777
720575940599333574,671,,,,
720575940599333574,672,0.25286524104541763,0.7142465544927042,0.7142465544927042,0.25286524104541763
720575940599333574,675,,,,
720575940599333574,679,,,,
720575940599333574,680,0.26046631748169136,0.6848368255552465,0.6848368255552465,0.26046631748169136
720575940599333574,681,,,,
720575940599333574,682,0.23453445538025686,0.6697823515422753,0.6697823515422753,0.23453445538025686
720575940599333574,685,0.2510890878268004,0.7169494548747363,0.7169494548747363,0.2510890878268004
720575940599333574,686,1.0,0.4330127018922193,0.4330127018922193,0.5669872981077807
720575940599333574,690,0.2637806334334176,0.7062367796905985,0.7062367796905985,0.2637806334334176
720575940599333574,691,,,,1.0
720575940599333574,693,,,,
720575940599333574,694,0.2606785855405809,0.709658123559211,0.709658123559211,0.2606785855405809
720575940599333574,699,,,,
720575940599333574,700,,,,
720575940599333574,703,0.2618492020360632,0.6763175668338992,0.6763175668338992,0.2618492020360632
720575940599333574,705,0.33333333333333337,0.5833333333333333,0.5833333333333333,0.33333333333333337
720575940599333574,709,0.25882443768269103,0.7118797676704217,0.7118797676704217,0.25882443768269103
720575940599333574,713,0.2519210144144546,0.708268033943312,0.708268033943312,0.2519210144144546
720575940599333574,715,,,,1.0
720575940599333574,716,0.24760342946832437,0.7123807371300632,0.7123807371300632,0.24760342946832437
720575940599333574,717,,,,
720575940599333574,720,0.5,0.5,0.5,0.5
720575940599333574,723,0.32758885186461106,0.5926766302982264,0.5926766302982264,0.32758885186461106
720575940599333574,724,,,,
720575940599333574,725,0.25944987887542137,0.689229467959236,0.689229467959236,0.25944987887542137
720575940599333574,726,,,,
720575940599333574,730,,,,1.0
720575940599333574,731,1.0,0.0,0.0,1.0
720575940599333574,732,,,,
720575940599333574,733,0.3147119831426808,0.593618847241249,0.593618847241249,0.3147119831426808
720575940599333574,736,0.2658998288894834,0.6565118084798218,0.6565118084798218,0.2658998288894834
720575940599333574,738,1.0,,,
720575940599333574,739,0.2889675607754387,0.6208908977461636,0.6208908977461636,0.2889675607754387
720575940599333574,743,0.25577282551899994,0.7152455185716088,0.7152455185716088,0.25577282551899994
720575940599333574,744,0.3024362653455015,0.638497895708745,0.638497895708745,0.3024362653455015
720575940599333574,745,0.4035024147557459,0.5888868223736179,0.5888868223736179,0.4035024147557459
720575940599333574,747,0.24395278661754383,0.7170632542678507,0.7170632542678507,0.24395278661754383
720575940599333574,749,0.3420799989279465,0.5684459268521852,0.5684459268521852,0.3420799989279465
720575940599333574,754,0.31838424323840386,0.6303314838051255,0.6303314838051255,0.31838424323840386
720575940599333574,755,0.4178182635725406,0.5743423229348636,0.5743423229348636,0.4178182635725406
720575940599333574,756,,,,
720575940599333574,757,0.25043631326474236,0.7208013430539698,0.7208013430539698,0.25043631326474236
720575940599333574,758,0.30608387506500756,0.613007123410955,0.613007123410955,0.30608387506500756
720575940599333574,760,0.40909090909090906,0.5163859577922079,0.5163859577922079,0.40909090909090906
720575940599333574,761,,,,
720575940599333574,765,0.5101020514433643,0.44684051167177513,0.44684051167177513,0.5101020514433643
720575940599333574,766,0.26955503590331287,0.668329022390976,0.668329022390976,0.26955503590331287
720575940599333574,768,0.3105370832030203,0.6382549000293171,0.6382549000293171,0.3105370832030203
720575940599333574,770,0.3091511724218414,0.6392670208022899,0.6392670208022899,0.3091511724218414
720575940599333574,771,,,,
720575940599333574,772,0.578125,0.375732421875,0.375732421875,0.578125
720575940599333574,773,,,,
720575940599333574,775,0.3077429303707164,0.6403164531288992,0.6403164531288992,0.3077429303707164
720575940599333574,778,0.28556549168823964,0.634715125746002,0.634715125746002,0.28556549168823964
720575940599333574,779,0.26405583487238093,0.6804801258510396,0.6804801258510396,0.26405583487238093
720575940599333574,782,0.6785714285714286,0.27622767857142855,0.27622767857142855,0.6785714285714286
720575940599333574,792,0.444507940136469,0.4759293950393272,0.4759293950393272,0.444507940136469
720575940599333574,804,0.44213443217066406,0.46721241305706873,0.46721241305706873,0.44213443217066406
720575940599333574,806,0.30701738150488955,0.6398455014781045,0.6398455014781045,0.30701738150488955
720575940599333574,821,0.5304257247250441,0.4239212207343351,0.4239212207343351,0.5304257247250441
720575940599333574,823,,,,1.0
720575940599333574,824,0.36810181139841847,0.5746355472566508,0.5746355472566508,0.36810181139841847
720575940599333574,825,0.23019964108049895,0.6254627916220945,0.6254627916220945,1.0
720575940599333574,829,0.3039204435043409,0.6367901653619306,0.6367901653619306,0.3039204435043409
720575940599333574,830,0.5669872981077807,0.3788861141556919,0.3788861141556919,0.5669872981077807
720575940599333574,831,,,,
720575940599333574,832,0.3609382749416058,0.5786807043286795,0.5786807043286795,0.3609382749416058
720575940599333574,834,,,,
720575940599333574,837,0.30801408907169103,0.6398510733169687,0.6398510733169687,0.30801408907169103
720575940599333574,839,0.7,0.24375000000000002,0.24375000000000002,1.0
720575940599333574,842,1.0,,,
720575940599333574,843,0.3099132726910433,0.6379626038196721,0.6379626038196721,0.3099132726910433
720575940599333574,845,,,,1.0
720575940599333574,846,1.0,,,
720575940599333574,847,,,,
720575940599333574,848,0.26764171149687044,0.6696825286653377,0.6696825286653377,0.26764171149687044
720575940599333574,850,0.2645173046780721,0.672629874152136,0.672629874152136,0.2645173046780721
720575940599333574,851,1.0,,,
720575940599333574,852,,,,
720575940599333574,853,0.3118189555534562,0.6362359897502464,0.6362359897502464,0.3118189555534562
720575940599333574,854,1.0,,,
720575940599333574,855,0.31713287331459195,0.6317887427369703,0.6317887427369703,0.31713287331459195
720575940599333574,856,,,,
720575940599333574,867,0.44098300562505255,0.45856862819819905,0.45856862819819905,0.44098300562505255
720575940599333574,868,0.060851449450088135,0.8021893869280496,0.8021893869280496,1.0
720575940599333574,869,,,,1.0
720575940599333574,872,,,,1.0
720575940599333574,878,,,,
720575940599333574,879,,,,
720575940599333574,883,0.3163322204512298,0.6319007698383833,0.6319007698383833,0.3163322204512298
720575940599333574,885,0.4696699141100894,0.397747564417433,0.397747564417433,1.0
720575940599333574,887,0.31748136140513417,0.6310435321099017,0.6310435321099017,0.31748136140513417
720575940599333574,889,0.31439736788689987,0.6339471146237515,0.6339471146237515,0.31439736788689987
720575940599333574,891,0.3168982443380549,0.6310464564709616,0.6310464564709616,0.3168982443380549
720575940599333574,896,0.31373120603259164,0.6348418862695357,0.6348418862695357,0.31373120603259164
720575940599333574,897,1.0,,,
720575940599333574,898,,,,1.0
720575940599333574,900,0.3149402161880064,0.6329744104030592,0.6329744104030592,0.3149402161880064
720575940599333574,901,0.3188632408546537,0.6293041234742148,0.6293041234742148,0.3188632408546537
720575940599333574,903,,,,
720575940599333574,904,,,,
720575940599333574,911,,,,1.0
720575940599333574,917,,,,
720575940599333574,918,,,,
720575940599333574,928,0.6597930912801142,0.2835057572665715,0.2835057572665715,0.6597930912801142
720575940599333574,932,1.0,0.0,0.0,1.0
720575940599333574,935,0.3763586195347751,0.5621383073157393,0.5621383073157393,0.3763586195347751
720575940599333574,937,,,,
720575940599333574,938,,,,
720575940599333574,941,,,,
720575940599333574,954,0.387197306628422,0.5496952290547353,0.5496952290547353,0.387197306628422
720575940599333574,957,0.44213443217066417,0.47366919046250083,0.47366919046250083,0.44213443217066417
720575940599333574,960,0.31146962734090367,0.5809475019311126,0.5809475019311126,0.31146962734090367
720575940599333574,961,0.3988924247195984,0.535990900941026,0.535990900941026,0.3988924247195984
720575940599333574,962,,,,1.0
720575940599333574,964,0.5097096621545398,0.3994958308370415,0.3994958308370415,0.5097096621545398
720575940599333574,965,0.47474054853864744,0.4377162095511271,0.4377162095511271,0.47474054853864744
720575940599333574,967,0.2928932188134524,0.7071067811865476,0.7071067811865476,1.0
720575940599333574,968,0.6273220037500351,0.24845199749997662,0.24845199749997662,0.6273220037500351
720575940599333574,969,0.5475248114025518,0.3591072925376572,0.3591072925376572,0.5475248114025518
720575940599333574,973,0.44767468519764186,0.4763108459722356,0.4763108459722356,0.44767468519764186
720575940599333574,976,0.4244107822760782,0.5084576405143121,0.5084576405143121,0.4244107822760782
720575940599333574,977,,,,
720575940599333574,978,0.3937822173508928,0.48834210268955847,0.48834210268955847,0.3937822173508928
720575940599333574,979,1.0,,,
720575940599333574,980,,,,
720575940599333574,981,,,,1.0
720575940599333574,983,0.4178534307417302,0.5086296028215902,0.5086296028215902,0.4178534307417302
720575940599333574,987,,,,
720575940599333574,990,0.5669872981077807,0.0,0.0,1.0
720575940599333574,991,1.0,0.2381448361039201,0.2381448361039201,0.7618551638960799
720575940599333574,995,,,,1.0
720575940599333574,998,0.38762756430420553,0.4592793267718459,0.4592793267718459,0.38762756430420553
720575940599333574,1003,0.5833333333333335,0.2777777777777778,0.2777777777777778,0.5833333333333335
720575940599333574,1007,1.0,0.0,0.0,1.0
720575940599333574,1010,,,,
720575940599333574,1011,,,,
720575940599333574,1032,,,,
720575940599333574,1034,,,,
720575940599333574,1041,0.2843882776433777,0.7089425084448141,0.7089425084448141,0.2843882776433777
720575940599333574,1064,0.45697972314593294,0.49043236457866546,0.49043236457866546,0.45697972314593294
720575940599333574,1078,0.273989898989899,0.7189733337736195,0.7189733337736195,0.273989898989899
720575940599333574,1130,0.304050125349987,0.6405937888308753,0.6405937888308753,0.304050125349987
720575940599333574,1135,0.3022541587074742,0.6417495667875135,0.6417495667875135,0.3022541587074742
720575940599333574,1182,0.2600045313164038,0.732524303930645,0.732524303930645,0.2600045313164038
720575940599333574,1190,,,,
720575940599333574,1197,1.0,,,
720575940599333574,1204,,,,
720575940599333574,1205,1.0,,,
720575940599333574,1221,0.3004639673034909,0.6433037535532519,0.6433037535532519,0.3004639673034909
720575940599333574,1222,1.0,0.5625,0.5625,1.0
720575940599333574,1234,1.0,0.7660323462854264,0.7660323462854264,0.057190958417936644
720575940599333574,1235,0.2986794938248415,0.6450530339532807,0.6450530339532807,0.2986794938248415
720575940599333574,1238,0.2957207316335142,0.6481399124463828,0.6481399124463828,0.2957207316335142
720575940599333574,1239,1.0,0.9246625404990101,0.9246625404990101,-0.08253175473054841
720575940599333574,1249,1.0,,,
720575940599333574,1254,0.3001038844865457,0.6439489423681763,0.6439489423681763,0.3001038844865457
720575940599333574,1257,0.29833875696739476,0.6458267148103494,0.6458267148103494,0.29833875696739476
720575940599333574,1260,1.0,1.0593750000000002,1.0593750000000002,-0.20000000000000018
720575940599333574,1266,1.0,,,
720575940599333574,1267,0.2965791555244761,0.6477225875595256,0.6477225875595256,0.2965791555244761
720575940599333574,1269,0.2974481346615888,0.6465677966025157,0.6465677966025157,0.2974481346615888
720575940599333574,1271,0.44492917901109363,0.5006704143295629,0.5006704143295629,0.44492917901109363
720575940599333574,1274,0.32759374293623345,0.6540216684877704,0.6540216684877704,1.0
720575940599333574,1276,0.33184689521893906,0.6596321034374771,0.6596321034374771,0.33184689521893906
720575940599333574,1278,0.28001705199618676,0.712397787115706,0.712397787115706,0.28001705199618676
720575940599333574,1280,0.3083071924781917,0.6833126405906471,0.6833126405906471,0.3083071924781917
720575940599333574,1281,,,,
720575940599333574,1282,0.4307900211696917,0.5657512376394992,0.5657512376394992,1.0
720575940599333574,1283,1.0,,,
720575940599333574,1286,1.0,,,
720575940599333574,1288,0.46399830827219246,0.48470654867105056,0.48470654867105056,0.46399830827219246
720575940599333574,1289,0.2853553947837386,0.7063986530448518,0.7063986530448518,0.2853553947837386
720575940599333574,1296,0.23334812200007227,0.7640314858387952,0.7640314858387952,1.0
720575940599333574,1302,1.0,,,
720575940599333574,1303,1.0,,,
720575940599333574,1306,0.3988541886576652,0.588640576985604,0.588640576985604,1.0
720575940599333574,1308,0.296875,0.700286865234375,0.700286865234375,1.0
720575940599333574,1309,1.0,,,
720575940599333574,1316,1.0,,,
720575940599333574,1320,1.0,,,
720575940599333574,1321,1.0,,,
720575940599333574,1323,,,,
720575940599333574,1325,1.0,,,
720575940599333574,1327,0.4,0.5970703124999999,0.5970703124999999,1.0
720575940599333574,1328,1.0,1.1780118537713733,1.1780118537713733,-0.30437298687487724
720575940599333574,1331,1.0,,,
720575940599333574,1334,1.0,,,
720575940599333574,1335,0.2971294562130108,0.6469822116972018,0.6469822116972018,0.2971294562130108
720575940599333574,1339,0.5925925925925926,0.40422453703703703,0.40422453703703703,1.0
720575940599333574,1341,0.7790291308792039,0.21866908923412115,0.21866908923412115,1.0
720575940599333574,1342,0.46313381605805015,0.4856151592012029,0.4856151592012029,0.46313381605805015
720575940599333574,1347,,,,
720575940599333574,1351,1.0,,,
720575940599333574,1353,1.0,,,
720575940599333574,1355,1.0,,,
720575940599333574,1356,0.46155161950820345,0.4873454462320484,0.4873454462320484,0.46155161950820345
720575940599333574,1357,0.4622065908275972,0.48659900898935776,0.48659900898935776,0.4622065908275972
720575940599333574,1358,1.0,,,
720575940599333574,1360,0.375,0.5338541666666667,0.5338541666666667,0.375
720575940599333574,1365,0.4896896369201712,0.45050836740641137,0.45050836740641137,0.4896896369201712
720575940599333574,1366,0.33333333333333337,0.5416666666666666,0.5416666666666666,0.33333333333333337
720575940599333574,1369,0.4622422807124619,0.4868776669862374,0.4868776669862374,0.4622422807124619
720575940599333574,1370,1.0,,,
720575940599333574,1372,1.0,1.0,1.0,1.0
720575940599333574,1377,,,,
720575940599333574,1381,1.0,,,
720575940599333574,1387,1.0,,,
720575940599333574,1389,0.48595114602986733,0.44262197227897765,0.44262197227897765,0.48595114602986733
720575940599333574,1390,0.2954201879829954,0.6487710353237086,0.6487710353237086,0.2954201879829954
720575940599333574,1391,0.0,1.0,1.0,0.0
720575940599333574,1393,,,,
720575940599333574,1394,1.0,1.0606601717798212,1.0606601717798212,-0.06066017177982119
720575940599333574,1395,0.4458111346706167,0.4997212028518788,0.4997212028518788,0.4458111346706167
720575940599333574,1396,0.4861433937469348,0.44209769330376275,0.44209769330376275,0.4861433937469348
720575940599333574,1401,,,,
720575940599333574,1403,0.4696699141100894,0.397747564417433,0.397747564417433,1.0
720575940599333574,1417,1.0,,,
720575940599333574,1420,0.4488929248644481,0.5008759615164261,0.5008759615164261,0.4488929248644481
720575940599333574,1423,,,,
720575940599333574,1429,,,,
720575940599333574,1430,0.48351684433257314,0.46268282695206986,0.46268282695206986,0.48351684433257314
720575940599333574,1438,1.0,,,
720575940599333574,1439,,,,
720575940599333574,1441,,,,
720575940599333574,1442,,,,
720575940599333574,1449,0.2629545969634839,0.7289275377877761,0.7289275377877761,0.2629545969634839
720575940599333574,1451,,,,
720575940599333574,1452,,,,
720575940599333574,1459,1.0,,,
720575940599333574,1464,1.0,,,
720575940599333574,1469,1.0,,,
720575940599333574,1479,1.0,,,
720575940599333574,1480,1.0,1.3827630927840016,1.3827630927840016,-0.4882351124738322
720575940599333574,1481,0.34119215413158765,0.6011192682191274,0.6011192682191274,0.34119215413158765
720575940599333574,1484,1.0,1.2848885927545688,1.2848885927545688,-0.3997084244475302
720575940599333574,1486,0.35602775284796573,0.5828855664928883,0.5828855664928883,0.35602775284796573
720575940599333574,1490,0.40463790974019986,0.5339358428520431,0.5339358428520431,0.40463790974019986
720575940599333574,1493,0.2595358743821128,0.6801486180049078,0.6801486180049078,0.2595358743821128
720575940599333574,1494,0.4895019336570856,0.4391870931341948,0.4391870931341948,0.4895019336570856
720575940599333574,1497,1.0,,,
720575940599333574,1506,1.0,,,
720575940599333574,1509,0.46135536211420436,0.4877693630132904,0.4877693630132904,0.46135536211420436
720575940599333574,1513,1.0,,,
720575940599333574,1519,1.0,,,
720575940599333574,1520,0.4848927521625377,0.4420259164783708,0.4420259164783708,0.4848927521625377
720575940599333574,1524,0.2458847253620411,0.6935480277598761,0.6935480277598761,0.2458847253620411
720575940599333574,1526,1.0,,,
720575940599333574,1527,0.20665586871464747,0.7361673223066266,0.7361673223066266,0.20665586871464747
720575940599333574,1534,0.4858820678863993,0.441690881609633,0.441690881609633,0.4858820678863993
720575940599333574,1539,1.0,,,
720575940599333574,1541,0.45761198784629464,0.4500703042855223,0.4500703042855223,0.45761198784629464
720575940599333574,1542,1.0,,,
720575940599333574,1543,0.2090906680596194,0.7072864620041274,0.7072864620041274,0.2090906680596194
720575940599333574,1544,0.4585071110559874,0.48887480705717357,0.48887480705717357,0.4585071110559874
720575940599333574,1549,0.21946518200644105,0.7219842696736661,0.7219842696736661,0.21946518200644105
720575940599333574,1550,0.23253507972927268,0.7076891358783614,0.7076891358783614,0.23253507972927268
720575940599333574,1554,0.20595211241026468,0.7390835770194812,0.7390835770194812,0.20595211241026468
720575940599333574,1557,0.4637376955955611,0.48531288442447446,0.48531288442447446,0.4637376955955611
720575940599333574,1559,1.0,,,
720575940599333574,1560,,,,
720575940599333574,1562,,,,
720575940599333574,1564,,,,
720575940599333574,1574,,,,
720575940599333574,1577,1.0,,,
720575940599333574,1579,,,,
720575940599333574,1581,0.3797506083951142,0.5574572168688442,0.5574572168688442,0.3797506083951142
720575940599333574,1582,1.0,,,
720575940599333574,1587,0.4850144152099811,0.4416164783426557,0.4416164783426557,0.4850144152099811
720575940599333574,1590,0.08144134645630818,0.4592793267718459,0.4592793267718459,0.08144134645630818
720575940599333574,1591,1.0,,,
720575940599333574,1592,0.18333607745014968,0.7643962257543407,0.7643962257543407,0.18333607745014968
720575940599333574,1597,0.037749551350623745,0.36084391824351614,0.36084391824351614,1.0
720575940599333574,1599,0.19455883338718538,0.7518592862262544,0.7518592862262544,0.19455883338718538
720575940599333574,1600,,,,
720575940599333574,1602,,,,
720575940599333574,1604,1.0,,,
720575940599333574,1605,0.4885414697166718,0.4387247327244,0.4387247327244,0.4885414697166718
720575940599333574,1610,1.0,,,
720575940599333574,1623,1.0,,,
720575940599333574,1626,1.0,,,
720575940599333574,1628,1.0,,,
720575940599333574,1632,1.0,,,
720575940599333574,1637,0.525759140942806,0.4116623413323239,0.4116623413323239,0.525759140942806
720575940599333574,1639,0.5210438899403281,0.4172787334851207,0.4172787334851207,0.5210438899403281
720575940599333574,1641,,,,
720575940599333574,1643,1.0,,,
720575940599333574,1650,0.4628839509557474,0.4858849214886537,0.4858849214886537,0.4628839509557474
720575940599333574,1651,1.0,,,
720575940599333574,1652,0.5213705558180085,0.41469745219049886,0.41469745219049886,0.5213705558180085
720575940599333574,1653,1.0,,,
720575940599333574,1660,0.5216638358144972,0.4159842701810011,0.4159842701810011,0.5216638358144972
720575940599333574,1668,0.5219875457346863,0.413395039979813,0.413395039979813,0.5219875457346863
720575940599333574,1671,0.2172016384557215,0.6997334424394387,0.6997334424394387,0.2172016384557215
720575940599333574,1672,1.0,,,
720575940599333574,1677,1.0,,,
720575940599333574,1687,,,,
720575940599333574,1698,,,,
720575940599333574,1701,0.5225626818786672,0.4121621649649062,0.4121621649649062,0.5225626818786672
720575940599333574,1705,1.0,,,
720575940599333574,1708,,,,
720575940599333574,1709,,,,
720575940599333574,1714,1.0,,,
720575940599333574,1718,0.5230927288842278,0.4110545114405902,0.4110545114405902,0.5230927288842278
720575940599333574,1724,1.0,,,
720575940599333574,1725,1.0,,,
720575940599333574,1730,1.0,,,
720575940599333574,1733,1.0,,,
720575940599333574,1735,1.0,,,
720575940599333574,1736,1.0,,,
720575940599333574,1745,,,,
720575940599333574,1747,,,,
720575940599333574,1748,0.4447092317343103,0.4590544298918242,0.4590544298918242,0.4447092317343103
720575940599333574,1749,1.0,,,
720575940599333574,1751,1.0,,,
720575940599333574,1756,0.03443349879354196,0.7859916179222629,0.7859916179222629,0.03443349879354196
720575940599333574,1761,1.0,0.0,0.0,1.0
720575940599333574,1762,,,,
720575940599333574,1765,,,,
720575940599333574,1766,1.0,,,
720575940599333574,1767,1.0,,,
720575940599333574,1771,0.431866428122614,0.4666413954008723,0.4666413954008723,0.431866428122614
720575940599333574,1782,0.4558844584456574,0.44868510930804606,0.44868510930804606,0.4558844584456574
720575940599333574,1798,1.0,,,
720575940599333574,1799,1.0,,,
720575940599333574,1802,0.45942257264845454,0.48808177651684226,0.48808177651684226,0.45942257264845454
720575940599333574,1803,0.09273529127344537,0.7235982754794069,0.7235982754794069,0.09273529127344537
720575940599333574,1807,1.0,,,
720575940599333574,1818,1.0,,,
720575940599333574,1819,,,,
720575940599333574,1821,0.4447217955192462,0.454953161766353,0.454953161766353,0.4447217955192462
720575940599333574,1822,0.15357395540707197,0.6587716408955484,0.6587716408955484,0.15357395540707197
720575940599333574,1826,1.0,,,
720575940599333574,1827,0.6959962015388608,0.23084598935677178,0.23084598935677178,0.6959962015388608
720575940599333574,1830,,,,
720575940599333574,1831,1.0,,,
720575940599333574,1844,0.6762157274139261,0.2449100723092987,0.2449100723092987,0.6762157274139261
720575940599333574,1845,1.0,,,
720575940599333574,1846,0.46122629947964244,0.48686222694752485,0.48686222694752485,0.46122629947964244
720575940599333574,1847,,,,
720575940599333574,1848,0.4603397873573606,0.48748465468935015,0.48748465468935015,0.4603397873573606
720575940599333574,1851,0.31220030812265864,0.5936955106265669,0.5936955106265669,0.31220030812265864
720575940599333574,1852,0.5920537800846841,0.31370811074511745,0.31370811074511745,0.5920537800846841
720575940599333574,1854,0.45687073950402457,0.44539301075510446,0.44539301075510446,0.45687073950402457
720575940599333574,1855,,,,
720575940599333574,1857,,,,
720575940599333574,1858,0.5104279846648946,0.2902750090110469,0.2902750090110469,1.0
720575940599333574,1859,1.0,,,
720575940599333574,1861,0.21723016311542143,0.5916533026810291,0.5916533026810291,0.21723016311542143
720575940599333574,1862,1.0,,,
720575940599333574,1864,,,,
720575940599333574,1867,0.6953615436277203,0.2252753964164219,0.2252753964164219,0.6953615436277203
720575940599333574,1871,,,,
720575940599333574,1876,,,,
720575940599333574,1877,,,,
720575940599333574,1880,0.28403245617589357,0.5228244032126209,0.5228244032126209,0.28403245617589357
720575940599333574,1888,0.6155376882373305,0.2974876436916713,0.2974876436916713,0.6155376882373305
720575940599333574,1890,,,,
720575940599333574,1892,0.35436831104895594,0.45382467421593686,0.45382467421593686,0.35436831104895594
720575940599333574,1893,,,,
720575940599333574,1895,,,,
720575940599333574,1896,,,,
720575940599333574,1898,0.6422645372127616,0.28142018912037015,0.28142018912037015,0.6422645372127616
720575940599333574,1904,0.534224179046813,0.25722287768459695,0.25722287768459695,0.534224179046813
720575940599333574,1906,0.6926349244463528,0.23619875053250788,0.23619875053250788,0.6926349244463528
720575940599333574,1910,,,,
720575940599333574,1912,0.6669546402148205,0.26111639053960156,0.26111639053960156,0.6669546402148205
720575940599333574,1917,1.0,,,
720575940599333574,1918,0.5851670596899456,0.29698804395691936,0.29698804395691936,0.5851670596899456
720575940599333574,1919,1.0,,,
720575940599333574,1923,1.0,,,
720575940599333574,1925,0.569269507746052,0.28412625616021125,0.28412625616021125,0.569269507746052
720575940599333574,1926,1.0,,,
720575940599333574,1930,,,,
720575940599333574,1933,,,,
720575940599333574,1934,0.6273793432374504,0.16690300250822537,0.16690300250822537,0.6273793432374504
720575940599333574,1935,0.5188747756753118,0.0,0.0,1.0
720575940599333574,1936,1.0,,,
720575940599333574,1938,0.622315189976167,0.19118517645719602,0.19118517645719602,1.0
720575940599333574,1939,0.4225406011866438,0.392429276776047,0.392429276776047,0.4225406011866438
720575940599333574,1942,,,,
720575940599333574,1945,0.125,0.24609375,0.24609375,1.0
720575940599333574,1946,1.0,,,
720575940599333574,1950,0.6869504831500295,0.0,0.0,1.0
720575940599333574,1951,1.0,,,
720575940599333574,1953,0.7381385317168092,0.1063812214900463,0.1063812214900463,1.0
720575940599333574,1958,0.48550424457247343,0.3232681338301471,0.3232681338301471,0.48550424457247343
720575940599333574,1963,1.0,,,
720575940599333574,1964,1.0,,,
720575940599333574,1968,1.0,,,
720575940599333574,1973,1.0,,,
720575940599333574,1974,,,,
720575940599333574,1977,1.0,,,
720575940599333574,1979,,,,
720575940599333574,1981,,,,
720575940599333574,1987,1.0,,,
720575940599333574,1988,1.0,,,
720575940599333574,1991,1.0,,,
720575940599333574,1994,,,,
720575940599333574,1996,1.0,,,
720575940599333574,1999,0.3415413476099468,0.5644302075165837,0.5644302075165837,0.3415413476099468
720575940599333574,2000,1.0,,,
720575940599333574,2004,1.0,,,
720575940599333574,2007,,,,
720575940599333574,2008,1.0,,,
720575940599333574,2009,1.0,,,
720575940599333574,2010,,,,
720575940599333574,2011,1.0,,,
720575940599333574,2014,,,,
720575940599333574,2015,1.0,,,
720575940599333574,2019,1.0,,,
720575940599333574,2024,1.0,,,
720575940599333574,2031,1.0,,,
720575940599333574,2043,0.34524012043795227,0.5568013817030849,0.5568013817030849,0.34524012043795227
720575940599333574,2044,1.0,,,
720575940599333574,2048,,,,
720575940599333574,2051,1.0,,,
720575940599333574,2052,1.0,,,
720575940599333574,2054,1.0,,,
720575940599333574,2055,,,,
720575940599333574,2056,1.0,,,
720575940599333574,2057,0.37854527575146346,0.5247691859234053,0.5247691859234053,0.37854527575146346
720575940599333574,2060,1.0,,,
720575940599333574,2061,,,,
720575940599333574,2064,,,,
720575940599333574,2065,1.0,,,
720575940599333574,2068,0.45788956854839136,0.48949720627007376,0.48949720627007376,0.45788956854839136
720575940599333574,2078,1.0,,,
720575940599333574,2084,,,,
720575940599333574,2085,1.0,,,
720575940599333574,2097,0.41045031739815185,0.4959654821804366,0.4959654821804366,0.41045031739815185
720575940599333574,2099,1.0,,,
720575940599333574,2100,1.0,,,
720575940599333574,2103,,,,
720575940599333574,2104,,,,
720575940599333574,2106,1.0,,,
720575940599333574,2107,,,,
720575940599333574,2111,1.0,,,
720575940599333574,2117,1.0,,,
720575940599333574,2118,1.0,,,
720575940599333574,2121,1.0,,,
720575940599333574,2125,,,,
720575940599333574,2134,1.0,,,
720575940599333574,2138,0.4300516573384464,0.4741892848812886,0.4741892848812886,0.4300516573384464
720575940599333574,2147,,,,
720575940599333574,2155,,,,
720575940599333574,2161,1.0,,,
720575940599333574,2163,1.0,,,
720575940599333574,2165,1.0,,,
720575940599333574,2167,1.0,,,
720575940599333574,2168,1.0,,,
720575940599333574,2171,1.0,,,
720575940599333574,2180,,,,
720575940599333574,2183,,,,
720575940599333574,2187,,,,
720575940599333574,2189,1.0,,,
720575940599333574,2192,,,,
720575940599333574,2193,0.4381574781129923,0.4623567194999566,0.4623567194999566,0.4381574781129923
720575940599333574,2195,0.3508622000633237,0.534569137214692,0.534569137214692,0.3508622000633237
720575940599333574,2197,1.0,,,
720575940599333574,2207,0.39514561040872387,0.49502946232827433,0.49502946232827433,0.39514561040872387
720575940599333574,2209,1.0,,,
720575940599333574,2210,1.0,,,
720575940599333574,2212,1.0,,,
720575940599333574,2213,1.0,,,
720575940599333574,2214,1.0,,,
720575940599333574,2215,0.29662005154667015,0.5939086448608617,0.5939086448608617,0.29662005154667015
720575940599333574,2227,,,,
720575940599333574,2232,1.0,,,
720575940599333574,2233,1.0,,,
720575940599333574,2235,1.0,,,
720575940599333574,2236,,,,
720575940599333574,2237,1.0,,,
720575940599333574,2238,,,,
720575940599333574,2244,1.0,,,
720575940599333574,2253,1.0,,,
720575940599333574,2254,1.0,,,
720575940599333574,2255,,,,
720575940599333574,2256,1.0,,,
720575940599333574,2257,1.0,,,
720575940599333574,2262,1.0,,,
720575940599333574,2265,1.0,,,
720575940599333574,2269,,,,
720575940599333574,2272,1.0,,,
720575940599333574,2281,1.0,,,
720575940599333574,2284,1.0,,,
720575940599333574,2285,1.0,,,
720575940599333574,2286,1.0,,,
720575940599333574,2288,1.0,,,
720575940599333574,2290,,,,
720575940599333574,2292,,,,
720575940599333574,2294,,,,
720575940599333574,2300,0.353125,0.5553400993347168,0.5553400993347168,0.353125
720575940599333574,2304,1.0,,,
720575940599333574,2305,1.0,,,
720575940599333574,2306,1.0,,,
720575940599333574,2309,1.0,,,
720575940599333574,2315,1.0,,,
720575940599333574,2321,1.0,,,
720575940599333574,2323,0.586211547170696,0.3899067169287065,0.3899067169287065,0.586211547170696
720575940599333574,2324,1.0,,,
720575940599333574,2325,0.399862040047139,0.5282815367845753,0.5282815367845753,0.399862040047139
720575940599333574,2327,0.5283625142721923,0.4273127225630945,0.4273127225630945,0.5283625142721923
720575940599333574,2328,,,,
720575940599333574,2331,,,,
720575940599333574,2332,,,,
720575940599333574,2333,0.661553290475047,0.3183128761376858,0.3183128761376858,0.661553290475047
720575940599333574,2336,,,,
720575940599333574,2341,,,,
720575940599333574,2344,,,,
720575940599333574,2354,0.7873949839323097,0.19599524918740202,0.19599524918740202,1.0
720575940599333574,2362,,,,
720575940599333574,2363,0.4654775161751513,0.47140774230039895,0.47140774230039895,0.4654775161751513
720575940599333574,2371,,,,
720575940599333574,2372,0.7030430645417507,0.27955711502124253,0.27955711502124253,0.7030430645417507
720575940599333574,2375,1.0,,,
720575940599333574,2376,1.0,,,
720575940599333574,2377,,,,
720575940599333574,2384,0.7393436846547354,0.24877744680739444,0.24877744680739444,0.7393436846547354
720575940599333574,2385,1.0,,,
720575940599333574,2386,1.0,,,
720575940599333574,2396,1.0,,,
720575940599333574,2409,1.0,,,
720575940599333574,2412,,,,
720575940599333574,2413,1.0,,,
720575940599333574,2417,,,,
720575940599333574,2419,,,,
720575940599333574,2421,,,,
720575940599333574,2425,1.0,,,
720575940599333574,2427,1.0,,,
720575940599333574,2428,,,,
720575940599333574,2434,1.0,,,
720575940599333574,2436,1.0,,,
720575940599333574,2438,1.0,,,
720575940599333574,2440,1.0,,,
720575940599333574,2442,1.0,,,
720575940599333574,2446,,,,
720575940599333574,2449,1.0,,,
720575940599333574,2450,1.0,,,
720575940599333574,2451,,,,
720575940599333574,2455,,,,
720575940599333574,2458,1.0,,,
720575940599333574,2463,1.0,,,
720575940599333574,2464,1.0,,,
720575940599333574,2466,,,,
720575940599457990,0,0.2827251302918887,0.619768074167638,0.619768074167638,0.2827251302918887
720575940599457990,3,1.0,,,
720575940599457990,4,0.23334812200007216,0.49113635934370375,0.49113635934370375,1.0
720575940599457990,5,0.2884875264621146,0.49333384395693225,0.49333384395693225,0.2884875264621146
720575940599457990,7,0.7,0.24375000000000002,0.24375000000000002,1.0
720575940599457990,8,0.2827808618134412,0.5306300967677118,0.5306300967677118,0.2827808618134412
720575940599457990,9,0.41666666666666674,0.35546875,0.35546875,1.0
720575940599457990,15,0.2620975674250693,0.5733636414571484,0.5733636414571484,0.2620975674250693
720575940599457990,17,1.0,,,
720575940599457990,18,0.3028985631752432,0.5620185830650488,0.5620185830650488,0.3028985631752432
720575940599457990,20,,,,
720575940599457990,21,0.2777777777777779,0.5989278157552083,0.5989278157552083,0.2777777777777779
720575940599457990,24,1.0,,,
720575940599457990,25,1.0,,,
720575940599457990,26,,,,
720575940599457990,28,0.5669872981077807,0.3247595264191645,0.3247595264191645,1.0
720575940599457990,32,0.4284523933505917,0.45247518859744823,0.45247518859744823,0.4284523933505917
720575940599457990,34,0.2522222271067853,0.6339193571149592,0.6339193571149592,0.2522222271067853
720575940599457990,36,0.33333333333333337,0.5555555555555555,0.5555555555555555,0.33333333333333337
720575940599457990,38,0.2267630323353227,0.667096224239515,0.667096224239515,0.2267630323353227
720575940599457990,39,0.3571428571428572,0.5558035714285714,0.5558035714285714,0.3571428571428572
720575940599457990,40,,,,
720575940599457990,41,1.0,,,
720575940599457990,43,0.3012287570313157,0.6201594781347073,0.6201594781347073,0.3012287570313157
720575940599457990,44,0.2016477875373346,0.6986423516765208,0.6986423516765208,0.2016477875373346
720575940599457990,47,0.16432834950680741,0.7750092878434588,0.7750092878434588,0.16432834950680741
720575940599457990,50,0.17699103893092394,0.7287456183270006,0.7287456183270006,0.17699103893092394
720575940599457990,51,0.2515448008162512,0.6769881228728005,0.6769881228728005,0.2515448008162512
720575940599457990,53,0.2062746066806228,0.7281721800318394,0.7281721800318394,0.2062746066806228
720575940599457990,57,,,,
720575940599457990,61,0.125,0.8184136284722222,0.8184136284722222,0.125
720575940599457990,65,0.08780452110527515,0.85904346368569,0.85904346368569,0.08780452110527515
720575940599457990,66,0.1524344586176386,0.8026439657249334,0.8026439657249334,0.1524344586176386
720575940599457990,67,0.12212377485965209,0.8352135933765965,0.8352135933765965,0.12212377485965209
720575940599457990,70,0.1528409150245924,0.7575746129733026,0.7575746129733026,0.1528409150245924
720575940599457990,73,0.09049064998604162,0.787709479287629,0.787709479287629,0.09049064998604162
720575940599457990,74,0.09299600331641311,0.8663107772560573,0.8663107772560573,0.09299600331641311
720575940599457990,75,0.06959634054401631,0.798600970030227,0.798600970030227,0.06959634054401631
720575940599457990,79,0.06490938210897446,0.896131226593279,0.896131226593279,0.06490938210897446
720575940599457990,80,0.037749551350623856,0.9248309030042668,0.9248309030042668,0.037749551350623856
720575940599457990,83,0.09755641055356601,0.8695425740060483,0.8695425740060483,0.09755641055356601
720575940599457990,84,0.04888729131853953,0.8173646382710654,0.8173646382710654,0.04888729131853953
720575940599457990,85,0.07421204731680953,0.8940209960009847,0.8940209960009847,0.07421204731680953
720575940599457990,86,0.028410822044510065,0.8394255091902655,0.8394255091902655,0.028410822044510065
720575940599457990,89,0.051495986331329235,0.9177655916796181,0.9177655916796181,0.051495986331329235
720575940599457990,90,0.02935652254260812,0.9408430847759985,0.9408430847759985,0.02935652254260812
720575940599457990,91,0.008194733856281,0.8626644546513937,0.8626644546513937,0.008194733856281
720575940599457990,92,0.007748990026873015,0.9633103870583876,0.9633103870583876,0.007748990026873015
720575940599457990,93,-0.011745763323486536,0.8861098118929291,0.8861098118929291,-0.011745763323486536
720575940599457990,94,0.045105732262279874,0.8418736871578547,0.8418736871578547,0.045105732262279874
720575940599457990,96,0.027169079438775223,0.8629893865693259,0.8629893865693259,0.027169079438775223
720575940599457990,97,0.009493611735908902,0.8836646824245812,0.8836646824245812,0.009493611735908902
720575940599457990,100,0.14012585833474822,0.8087395630037416,0.8087395630037416,0.14012585833474822
720575940599457990,112,0.12306596597748287,0.8139688969922956,0.8139688969922956,0.12306596597748287
720575940599457990,132,0.21519876784889636,0.7337962661916078,0.7337962661916078,0.21519876784889636
720575940599457990,133,0.04268231873784811,0.9319342648117863,0.9319342648117863,0.04268231873784811
720575940599457990,134,0.18459792468287795,0.7793487283349153,0.7793487283349153,0.18459792468287795
720575940599457990,137,0.12178543041738088,0.8156414699584978,0.8156414699584978,0.12178543041738088
720575940599457990,139,0.17814012210912233,0.7862780555647406,0.7862780555647406,0.17814012210912233
720575940599457990,142,-0.01336554225127573,0.9852165147509735,0.9852165147509735,-0.01336554225127573
720575940599457990,143,0.224973808796325,0.7223669891270627,0.7223669891270627,0.224973808796325
720575940599457990,154,0.12034337791539762,0.8182640492331276,0.8182640492331276,0.12034337791539762
720575940599457990,157,0.12416132584414497,0.8140463053823375,0.8140463053823375,0.12416132584414497
720575940599457990,170,0.1456343878516383,0.8042455322584692,0.8042455322584692,0.1456343878516383
720575940599457990,172,0.2346609890689666,0.7108617781155487,0.7108617781155487,0.2346609890689666
720575940599457990,175,0.17180099316246789,0.7933589054676011,0.7933589054676011,0.17180099316246789
720575940599457990,179,0.1777820742408156,0.7872031316350234,0.7872031316350234,0.1777820742408156
720575940599457990,180,0.1838034569996767,0.7812531296923223,0.7812531296923223,0.1838034569996767
720575940599457990,182,0.15117449811502248,0.8013503549887928,0.8013503549887928,0.15117449811502248
720575940599457990,185,0.15721539094988946,0.7999248385771432,0.7999248385771432,0.15721539094988946
720575940599457990,186,,,,
720575940599457990,187,0.15142857142857136,0.8022265635472204,0.8022265635472204,0.15142857142857136
720575940599457990,188,0.19414240631034085,0.7716805988357301,0.7716805988357301,0.19414240631034085
720575940599457990,189,0.24058901707260305,0.7026529707666962,0.7026529707666962,0.24058901707260305
720575940599457990,199,0.24583621087105134,0.6948313770576848,0.6948313770576848,0.24583621087105134
720575940599457990,201,0.264750997180784,0.6705997908780683,0.6705997908780683,0.264750997180784
720575940599457990,202,0.24562806685199512,0.6136638870237189,0.6136638870237189,0.24562806685199512
720575940599457990,203,1.0,0.0,0.0,1.0
720575940599457990,204,0.2783946468364542,0.6018597889160651,0.6018597889160651,0.2783946468364542
720575940599457990,205,0.32362394490843005,0.5844832263473287,0.5844832263473287,0.32362394490843005
720575940599457990,206,0.26729511137739015,0.6642532477026171,0.6642532477026171,0.26729511137739015
720575940599457990,207,0.3036069579223395,0.5923421285641038,0.5923421285641038,0.3036069579223395
720575940599457990,212,0.3042045894359301,0.6091324161086411,0.6091324161086411,0.3042045894359301
720575940599457990,214,,,,
720575940599457990,216,-0.06066017177982119,0.397747564417433,0.397747564417433,1.0
720575940599457990,217,0.12079576175955187,0.8185307248354659,0.8185307248354659,0.12079576175955187
720575940599457990,218,,,,
720575940599457990,219,0.27083333333333326,0.5740017361111112,0.5740017361111112,0.27083333333333326
720575940599457990,220,,,,
720575940599457990,223,0.2851853810033206,0.6326268679255155,0.6326268679255155,0.2851853810033206
720575940599457990,225,0.25018889308950887,0.6875440191078576,0.6875440191078576,0.25018889308950887
720575940599457990,226,0.2665630738799748,0.6551293860082461,0.6551293860082461,0.2665630738799748
720575940599457990,228,0.29578528320764363,0.5299949300859141,0.5299949300859141,0.29578528320764363
720575940599457990,231,0.25,0.5296875000000001,0.5296875000000001,0.25
720575940599457990,232,,,,
720575940599457990,235,0.16666666666666663,0.5338541666666667,0.5338541666666667,0.16666666666666663
720575940599457990,243,0.0,0.5416666666666666,0.5416666666666666,0.0
720575940599457990,253,,,,
720575940599457990,255,1.0,,,
720575940599457990,330,0.28344437649874477,0.6185557663013906,0.6185557663013906,0.28344437649874477
720575940599457990,332,0.28167281672816724,0.6194996499999458,0.6194996499999458,0.28167281672816724
720575940599457990,500,0.2852920104618162,0.6153067546873453,0.6153067546873453,0.2852920104618162
720575940599457990,504,0.28347997109225764,0.6173785961907248,0.6173785961907248,0.28347997109225764
720575940599457990,528,0.2871089717434484,0.6133425859883683,0.6133425859883683,0.2871089717434484
720575940599457990,568,0.122917214940641,0.8155483946778126,0.8155483946778126,0.122917214940641
720575940599457990,685,,,,
720575940599457990,698,1.0,,,
720575940599457990,731,1.0,,,
720575940599457990,734,,,,
720575940599457990,738,1.0,,,
720575940599457990,739,,,,
720575940599457990,750,1.0,,,
720575940599457990,756,,,,
720575940599457990,780,1.0,,,
720575940599457990,789,,,,
720575940599457990,809,1.0,,,
720575940599457990,813,,,,
720575940599457990,823,,,,
720575940599457990,827,,,,
720575940599457990,834,0.5909090909090909,0.3547585227272727,0.3547585227272727,0.5909090909090909
720575940599457990,835,0.6160091412652683,0.33936692104973853,0.33936692104973853,0.6160091412652683
720575940599457990,843,1.0,,,
720575940599457990,845,0.7,0.26015625000000003,0.26015625000000003,0.7
720575940599457990,846,0.5520106648094796,0.3894240627255096,0.3894240627255096,0.5520106648094796
720575940599457990,853,1.0,,,
720575940599457990,856,1.0,,,
720575940599457990,857,0.4911996060250239,0.44536596985635113,0.44536596985635113,0.4911996060250239
720575940599457990,863,,,,
720575940599457990,869,1.0,,,
720575940599457990,872,1.0,,,
720575940599457990,879,0.43538539851308666,0.5004705598466357,0.5004705598466357,0.43538539851308666
720575940599457990,891,1.0,,,
720575940599457990,896,,,,
720575940599457990,900,0.4347826086956522,0.47203793733016297,0.47203793733016297,0.4347826086956522
720575940599457990,907,0.390625,0.49812020195855033,0.49812020195855033,0.390625
720575940599457990,910,,,,
720575940599457990,921,1.0,0.5625,0.5625,1.0
720575940599457990,936,,,,
720575940599457990,948,1.0,0.7660323462854264,0.7660323462854264,0.057190958417936644
720575940599457990,950,1.0,,,
720575940599457990,964,1.0,,,
720575940599457990,968,,,,
720575940599457990,977,1.0,,,
720575940599457990,982,1.0,,,
720575940599457990,985,,,,
720575940599457990,990,1.0,,,
720575940599457990,997,0.2648492854700588,0.5668486285383649,0.5668486285383649,0.2648492854700588
720575940599457990,1017,0.2861241402828305,0.6143993418590933,0.6143993418590933,0.2861241402828305
720575940599457990,1030,1.0,,,
720575940599457990,1035,0.3282419006586471,0.5558644361126994,0.5558644361126994,0.3282419006586471
720575940599457990,1038,1.0,,,
720575940599457990,1041,1.0,,,
720575940599457990,1056,1.0,,,
720575940599457990,1063,0.2715187223676836,0.5643457077335168,0.5643457077335168,0.2715187223676836
720575940599457990,1074,1.0,,,
720575940599457990,1076,0.24813315988801143,0.5829574497577515,0.5829574497577515,0.24813315988801143
720575940599457990,1077,1.0,,,
720575940599457990,1086,1.0,,,
720575940599457990,1097,1.0,,,
720575940599457990,1103,1.0,,,
720575940599457990,1106,1.0,,,
720575940599457990,1108,1.0,,,
720575940599457990,1130,1.0,,,
720575940599457990,1131,,,,
720575940599457990,1140,0.7,0.28125,0.28125,1.0
720575940599457990,1154,,,,
720575940599457990,1162,,,,
720575940599457990,1167,0.27882892508209556,0.5846114316761393,0.5846114316761393,0.27882892508209556
720575940599457990,1169,,,,
720575940599457990,1174,1.0,,,
720575940599457990,1180,0.2483277571213064,0.6085978014122474,0.6085978014122474,0.2483277571213064
720575940599457990,1181,0.5875210443078474,0.393144004644083,0.393144004644083,0.5875210443078474
720575940599457990,1190,,,,
720575940599457990,1193,1.0,,,
720575940599457990,1200,1.0,,,
720575940599457990,1206,,,,
720575940599457990,1212,,,,
720575940599457990,1217,1.0,,,
720575940599457990,1220,,,,
720575940599457990,1225,1.0,,,
720575940599457990,1237,1.0,,,
720575940599457990,1245,1.0,,,
720575940599457990,1248,,,,
720575940599457990,1250,,,,
720575940599457990,1252,1.0,,,
720575940599457990,1255,1.0,,,
720575940599457990,1258,,,,
720575940599457990,1259,1.0,,,
720575940599457990,1262,1.0,,,
720575940599457990,1269,,,,
720575940599457990,1271,1.0,,,
720575940599457990,1283,1.0,,,
720575940599457990,1289,,,,
720575940599457990,1293,1.0,,,
720575940599457990,1296,,,,
720575940599457990,1298,1.0,,,
720575940599457990,1300,1.0,,,
720575940599457990,1302,1.0,,,
720575940599457990,1324,0.8192984194189498,0.1574080174592742,0.1574080174592742,1.0
720575940599457990,1333,,,,
720575940599457990,1337,0.7465789625500239,0.22892037074338667,0.22892037074338667,0.7465789625500239
720575940599457990,1340,1.0,,,
720575940599457990,1343,1.0,,,
720575940599457990,1345,0.6919060614033441,0.28492671860452456,0.28492671860452456,0.6919060614033441
720575940599457990,1353,0.2872603187413659,0.6133354409999796,0.6133354409999796,0.2872603187413659
720575940599457990,1357,0.4216458172210523,0.4907162035850676,0.4907162035850676,0.4216458172210523
720575940599457990,1363,0.6465689673929458,0.33207503149127143,0.33207503149127143,0.6465689673929458
720575940599457990,1364,1.0,,,
720575940599457990,1365,1.0,,,
720575940599457990,1374,0.6254445208537543,0.35584599403068845,0.35584599403068845,0.6254445208537543
720575940599457990,1376,,,,
720575940599457990,1381,1.0,,,
720575940599457990,1385,1.0,,,
720575940599457990,1390,1.0,,,
720575940599457990,1391,0.5158770817240729,0.4664726035471173,0.4664726035471173,0.5158770817240729
720575940599457990,1399,0.36782324942404476,0.536600259784307,0.536600259784307,0.36782324942404476
720575940599457990,1406,1.0,,,
720575940599457990,1408,1.0,,,
720575940599457990,1421,0.28395260844056947,0.585097291799676,0.585097291799676,0.28395260844056947
720575940599457990,1424,0.7422969502209815,0.236227795630767,0.236227795630767,1.0
720575940599457990,1425,0.25491383818600133,0.5813696770859313,0.5813696770859313,0.25491383818600133
720575940599457990,1426,0.6482758620689655,0.33684713429418106,0.33684713429418106,0.6482758620689655
720575940599457990,1427,0.6436516774501009,0.2944822943294305,0.2944822943294305,0.6436516774501009
720575940599457990,1428,0.2675187338801891,0.5965697933990479,0.5965697933990479,0.2675187338801891
720575940599457990,1436,,,,
720575940599457990,1439,0.5719572153063227,0.35967483991621496,0.35967483991621496,0.5719572153063227
720575940599457990,1444,0.6033333333333333,0.3793184181495949,0.3793184181495949,0.6033333333333333
720575940599457990,1445,0.47510934083217626,0.4533560814860978,0.4533560814860978,0.47510934083217626
720575940599457990,1451,0.44391859903040976,0.4917844889824814,0.4917844889824814,0.44391859903040976
720575940599457990,1453,,,,
720575940599457990,1461,0.40371520600005617,0.5613462318515097,0.5613462318515097,0.40371520600005617
720575940599457990,1469,0.503795777037825,0.46900444118144885,0.46900444118144885,0.503795777037825
720575940599457990,1471,0.5592709347974366,0.4224208353351335,0.4224208353351335,0.5592709347974366
720575940599457990,1474,1.0,,,
720575940599457990,1481,1.0,,,
720575940599457990,1492,0.26515307716504644,0.6812643347115714,0.6812643347115714,0.26515307716504644
720575940599457990,1493,0.4783494066295084,0.49005140293632365,0.49005140293632365,0.4783494066295084
720575940599457990,1501,0.375,0.56640625,0.56640625,0.375
720575940599457990,1504,0.5285954792089683,0.41247895569215265,0.41247895569215265,1.0
720575940599457990,1510,0.45226983852250235,0.5142900946338821,0.5142900946338821,0.45226983852250235
720575940599457990,1529,1.0,,,
720575940599457990,1530,1.0,,,
720575940599457990,1534,0.4534056055000515,0.5131439562948735,0.5131439562948735,0.4534056055000515
720575940599457990,1540,1.0,,,
720575940599457990,1544,0.2770468042376465,0.5587657831827536,0.5587657831827536,0.2770468042376465
720575940599457990,1554,,,,
720575940599457990,1568,,,,
720575940599457990,1591,1.0,,,
720575940599457990,1602,0.35849970090041583,0.5380142581722089,0.5380142581722089,0.35849970090041583
720575940599457990,1605,,,,
720575940599457990,1614,1.0,,,
720575940599457990,1615,0.28963095595928334,0.5523891250910967,0.5523891250910967,0.28963095595928334
720575940599457990,1618,,,,
720575940599457990,1621,0.3656399116314155,0.5366537160080248,0.5366537160080248,0.3656399116314155
720575940599457990,1625,-0.1627553482998907,0.5030279485320817,0.5030279485320817,1.0
720575940599457990,1634,0.37200507242721415,0.5216795008056102,0.5216795008056102,0.37200507242721415
720575940599457990,1636,1.0,0.0,0.0,1.0
720575940599457990,1637,0.426224689450753,0.5397201648035603,0.5397201648035603,0.426224689450753
720575940599457990,1663,0.28534865739982407,0.6146847225870776,0.6146847225870776,0.28534865739982407
720575940599457990,1676,,,,
720575940599457990,1679,1.0,,,
720575940599457990,1681,1.0,,,
720575940599457990,1697,-0.08253175473054841,0.4228639666916204,0.4228639666916204,1.0
720575940599457990,1698,,,,
720575940599457990,1702,,,,
720575940599457990,1707,0.340171120926142,0.34795663544910477,0.34795663544910477,1.0
720575940599457990,1709,,,,
720575940599457990,1727,0.6632123429727184,0.23680382134730743,0.23680382134730743,1.0
720575940599457990,1730,1.0,,,
720575940599457990,1748,1.0,,,
720575940599457990,1755,,,,
720575940599457990,1761,1.0,,,
720575940599457990,1762,1.0,,,
720575940599457990,1763,1.0,,,
720575940599459782,0,0.3042367600668009,0.6121542623429324,0.6121542623429324,0.3042367600668009
720575940599459782,5,,,,
720575940599459782,10,1.0,,,
720575940599459782,11,1.0,,,
720575940599459782,12,1.0,,,
720575940599459782,16,1.0,,,
720575940599459782,25,1.0,,,
720575940599459782,30,1.0,,,
720575940599459782,40,,,,
720575940599459782,43,1.0,,,
720575940599459782,45,1.0,,,
720575940599459782,52,,,,
720575940599459782,56,1.0,,,
720575940599459782,57,0.5429310368915463,0.3291134591132486,0.3291134591132486,0.5429310368915463
720575940599459782,63,0.6215621836957019,0.2844196713161991,0.2844196713161991,0.6215621836957019
720575940599459782,67,1.0,,,
720575940599459782,72,1.0,0.5,0.5,1.0
720575940599459782,74,1.0,,,
720575940599459782,76,1.0,,,
720575940599459782,79,0.2575378797541249,0.4021669817998489,0.4021669817998489,0.2575378797541249
720575940599459782,80,0.634344829513237,0.2590057457614571,0.2590057457614571,0.634344829513237
720575940599459782,82,,,,
720575940599459782,83,0.38762756430420553,0.22963966338592295,0.22963966338592295,0.38762756430420553
720575940599459782,85,0.2622888864366826,0.47259618212650023,0.47259618212650023,0.2622888864366826
720575940599459782,90,1.0,0.7365695637359869,0.7365695637359869,-0.17851130197757903
720575940599459782,94,0.23135163273444725,0.5188376479042481,0.5188376479042481,0.23135163273444725
720575940599459782,100,0.47482831118717905,0.391478282951712,0.391478282951712,0.47482831118717905
720575940599459782,107,,,,
720575940599459782,115,1.0,,,
720575940599459782,118,,,,
720575940599459782,119,,,,1.0
720575940599459782,126,0.5188747756753118,0.0,0.0,1.0
720575940599459782,128,1.0,,,
720575940599459782,133,,,,
720575940599459782,139,,,,
720575940599459782,160,,,,
720575940599459782,161,1.0,,,
720575940599459782,164,,,,
720575940599459782,176,,,,
720575940599459782,178,0.44565210625313345,0.42008135254995144,0.42008135254995144,0.44565210625313345
720575940599459782,182,1.0,,,
720575940599459782,186,1.0,,,
720575940599459782,197,1.0,,,
720575940599459782,200,0.4770236396315092,0.4036033702807762,0.4036033702807762,0.4770236396315092
720575940599459782,202,,,,
720575940599459782,206,,,,
720575940599459782,208,,,,
720575940599459782,211,,,,
720575940599459782,212,1.0,,,
720575940599459782,221,0.31439655533731947,0.6112665043329081,0.6112665043329081,0.31439655533731947
720575940599459782,222,1.0,,,
720575940599459782,224,0.29254377140828836,0.6375754791601446,0.6375754791601446,0.29254377140828836
720575940599459782,225,0.6875,0.2213541666666667,0.2213541666666667,1.0
720575940599459782,226,1.0,,,
720575940599459782,227,,,,
720575940599459782,229,0.35602775284796573,0.5647800581938125,0.5647800581938125,0.35602775284796573
720575940599459782,230,0.4185161953704196,0.515764020460508,0.515764020460508,0.4185161953704196
720575940599459782,231,0.33592169136464034,0.5858860524288525,0.5858860524288525,0.33592169136464034
720575940599459782,233,0.4714748416818678,0.456265859329325,0.456265859329325,0.4714748416818678
720575940599459782,238,,,,
720575940599459782,240,,,,
720575940599459782,242,0.5352419984551099,0.385684591559822,0.385684591559822,0.5352419984551099
720575940599459782,253,0.6134993970905314,0.30195359602302235,0.30195359602302235,0.6134993970905314
720575940599459782,257,1.0,,,
720575940599459782,260,0.47274556128803047,0.40970990973007615,0.40970990973007615,0.47274556128803047
720575940599459782,261,,,,
720575940599459782,264,1.0,,,
720575940599459782,269,,,,
720575940599459782,272,0.4482066754611842,0.4245415959622016,0.4245415959622016,0.4482066754611842
720575940599459782,279,1.0,,,
720575940599459782,294,0.2650690802598359,0.6688022885341602,0.6688022885341602,0.2650690802598359
720575940599459782,295,,,,
720575940599459782,304,1.0,,,
720575940599459782,309,0.2388280961607282,0.6985349255130094,0.6985349255130094,0.2388280961607282
720575940599459782,312,1.0,,,
720575940599459782,318,,,,
720575940599459782,320,,,,
720575940599459782,321,1.0,,,
720575940599459782,322,0.4382183908045977,0.43413397056998576,0.43413397056998576,0.4382183908045977
720575940599459782,325,1.0,,,
720575940599459782,330,1.0,,,
720575940599459782,335,,,,
720575940599459782,336,1.0,,,
720575940599459782,343,1.0,,,
720575940599459782,347,,,,
720575940599459782,348,1.0,,,
720575940599459782,351,,,,
720575940599459782,355,,,,
720575940599459782,365,,,,
720575940599459782,367,1.0,,,
720575940599459782,370,1.0,,,
720575940599459782,386,,,,
720575940599459782,396,,,,
720575940599459782,397,1.0,,,
720575940599459782,399,1.0,,,
720575940599459782,406,0.6938137821521028,0.2679129406169101,0.2679129406169101,0.6938137821521028
720575940599459782,409,0.3857143900438572,0.48947578022451743,0.48947578022451743,0.3857143900438572
720575940599459782,411,0.7214427831689358,0.2176228256492689,0.2176228256492689,0.7214427831689358
720575940599459782,415,0.37848904604308997,0.49429516390305955,0.49429516390305955,0.37848904604308997
720575940599459782,420,0.6169838268572868,0.279282626249895,0.279282626249895,0.6169838268572868
720575940599459782,423,0.36794605363122124,0.4978862120939278,0.4978862120939278,0.36794605363122124
720575940599459782,431,0.4561267030826526,0.4357408174743076,0.4357408174743076,0.4561267030826526
720575940599459782,441,1.0,,,
720575940599459782,446,1.0,,,
720575940599459782,450,1.0,1.0,1.0,1.0
720575940599459782,454,0.5299922364147855,0.3525058226889108,0.3525058226889108,0.5299922364147855
720575940599459782,457,,,,
720575940599459782,458,,,,1.0
720575940599459782,462,,,,1.0
720575940599459782,464,0.5189959506487296,0.37578441355567993,0.37578441355567993,0.5189959506487296
720575940599459782,465,0.38369693396226423,0.5007563935635725,0.5007563935635725,0.38369693396226423
720575940599459782,466,1.0,,,
720575940599459782,468,0.21367202242849803,0.7268362921029514,0.7268362921029514,0.21367202242849803
720575940599459782,469,,,,
720575940599459782,480,1.0,,,
720575940599459782,484,0.35824633416162055,0.5507534347212922,0.5507534347212922,0.35824633416162055
720575940599459782,486,,,,
720575940599459782,489,1.0,,,
720575940599459782,492,0.5244436456592698,0.3661296297396223,0.3661296297396223,0.5244436456592698
720575940599459782,493,,,,
720575940599459782,501,0.5314815386656453,0.36864454825973214,0.36864454825973214,0.5314815386656453
720575940599459782,506,,,,
720575940599459782,513,1.0,,,
720575940599459782,525,0.3946428571428572,0.4947450907772812,0.4947450907772812,0.3946428571428572
720575940599459782,527,1.0,,,
720575940599459782,530,1.0,,,
720575940599459782,533,1.0,,,
720575940599459782,534,0.4516553837395517,0.42411028913894044,0.42411028913894044,0.4516553837395517
720575940599459782,535,,,,
720575940599459782,542,1.0,,,
720575940599459782,547,0.4100414600132902,0.504414031570024,0.504414031570024,0.4100414600132902
720575940599459782,557,,,,
720575940599459782,561,0.31214378820789035,0.6052486227323142,0.6052486227323142,0.31214378820789035
720575940599459782,594,,,,
720575940599459782,598,0.1750420886156947,0.7766205337641312,0.7766205337641312,0.1750420886156947
720575940599459782,601,0.26515307716504644,0.6812643347115714,0.6812643347115714,0.26515307716504644
720575940599459782,603,1.0,,,
720575940599459782,604,1.0,,,
720575940599459782,607,,,,
720575940599459782,611,0.375,0.56640625,0.56640625,0.375
720575940599459782,615,0.19312846954012142,0.7677886907032282,0.7677886907032282,0.19312846954012142
720575940599459782,616,,,,
720575940599459782,618,1.0,,,
720575940599459782,619,1.0,,,
720575940599459782,624,1.0,,,
720575940599459782,625,1.0,,,
720575940599459782,626,1.0,,,
720575940599459782,635,0.5285954792089683,0.41247895569215265,0.41247895569215265,1.0
720575940599459782,637,1.0,,,
720575940599459782,639,1.0,,,
720575940599459782,642,,,,
720575940599459782,648,1.0,,,
720575940599459782,652,,,,
720575940599459782,655,1.0,,,
720575940599459782,659,1.0,,,
720575940599459782,661,0.40983110914934606,0.43597478081842544,0.43597478081842544,0.40983110914934606
720575940599459782,676,1.0,,,
720575940599459782,680,,,,
720575940599459782,682,1.0,,,
720575940599459782,684,,,,
720575940599459782,685,0.2515448008162512,0.6971288443786133,0.6971288443786133,0.2515448008162512
720575940599459782,694,0.23318841949276736,0.7124672330047668,0.7124672330047668,0.23318841949276736
720575940599459782,697,1.0,,,
720575940599459782,700,,,,
720575940599459782,702,0.21212121212121215,0.7348534169823232,0.7348534169823232,0.21212121212121215
720575940599459782,707,0.18990741269901745,0.7597255026087666,0.7597255026087666,0.18990741269901745
720575940599459782,708,,,,
720575940599459782,711,1.0,,,
720575940599459782,716,,,,
720575940599459782,719,0.1672832655918859,0.7852394114811672,0.7852394114811672,0.1672832655918859
720575940599459782,736,0.6850816713511132,0.27432338784649124,0.27432338784649124,0.6850816713511132
720575940599459782,740,0.6169838268572868,0.34461481203335265,0.34461481203335265,0.6169838268572868
720575940599459782,741,,,,
720575940599459782,743,1.0,,,
720575940599459782,747,,,,
720575940599459782,748,1.0,,,
720575940599459782,750,0.5170547115837049,0.3552288976905796,0.3552288976905796,0.5170547115837049
720575940599459782,752,0.7754634402448753,0.18594433854721262,0.18594433854721262,1.0
720575940599459782,754,1.0,,,
720575940599459782,758,1.0,,,
720575940599459782,760,,,,
720575940599459782,771,0.1273835308538357,0.8247163563867671,0.8247163563867671,0.1273835308538357
720575940599459782,780,0.5001730403235765,0.3679552959987734,0.3679552959987734,0.5001730403235765
720575940599459782,782,1.0,,,
720575940599459782,783,0.4529226482398817,0.4034008569654165,0.4034008569654165,0.4529226482398817
720575940599459782,788,,,,
720575940599459782,803,,,,
720575940599459782,809,1.0,,,
720575940599459782,813,0.20943058495790512,0.7526590123879969,0.7526590123879969,0.20943058495790512
720575940599459782,823,0.19392922387864842,0.7702264016335584,0.7702264016335584,0.19392922387864842
720575940599459782,824,,,,
720575940599459782,827,0.22133888544943303,0.746435293364268,0.746435293364268,0.22133888544943303
720575940599459782,831,0.20724366676883854,0.7620994970292839,0.7620994970292839,0.20724366676883854
720575940599459782,832,0.19310662223753305,0.7776233931262069,0.7776233931262069,0.19310662223753305
720575940599459782,835,0.17899300969229825,0.792968932075918,0.792968932075918,0.17899300969229825
720575940599459782,837,0.1649466785966438,0.8081160546910044,0.8081160546910044,0.1649466785966438
720575940599459782,844,0.15099719341131557,0.8230551430847991,0.8230551430847991,0.15099719341131557
720575940599459782,859,0.30584688925008974,0.6099049815311184,0.6099049815311184,0.30584688925008974
720575940599459782,878,0.3079134445523347,0.6078935263398678,0.6078935263398678,0.3079134445523347
720575940599459782,880,,,,
720575940599459782,902,0.3099871322842762,0.606239972080291,0.606239972080291,0.3099871322842762
720575940599459782,906,,,,1.0
720575940599459782,914,,,,1.0
720575940599459782,945,,,,
720575940599459782,958,,,,1.0
720575940599459782,986,1.0,0.33829117335329634,0.33829117335329634,0.6391560817564839
720575940599459782,993,1.0,0.571875,0.571875,0.3999999999999999
720575940599459782,994,1.0,0.7540906330370384,0.7540906330370384,0.2173762078750736
720575940599459782,1002,0.3063331124793377,0.6098514981701109,0.6098514981701109,0.3063331124793377
720575940599459782,1003,1.0,0.9058008944666961,0.9058008944666961,0.06686105036831314
720575940599459782,1005,,,,
720575940599459782,1007,0.1517239880125285,0.8236459573041975,0.8236459573041975,0.1517239880125285
720575940599459782,1051,1.0,1.2605957031250001,1.2605957031250001,-0.28333333333333344
720575940599459782,1055,1.0,1.0372799416740046,1.0372799416740046,-0.06302508033845156
720575940599459782,1056,1.0,1.154342613167492,1.154342613167492,-0.17851130197757903
720575940599459782,1061,0.13692952826405747,0.8201113100862183,0.8201113100862183,0.13692952826405747
720575940599459782,1062,0.14356748789726437,0.822553720727639,0.822553720727639,0.14356748789726437
720575940599459782,1069,0.13140448892158718,0.8308619848493954,0.8308619848493954,0.13140448892158718
720575940599459782,1076,,,,
720575940599459782,1084,,,,
720575940599459782,1094,1.0,1.3584262175298951,1.3584262175298951,-0.3799029789825654
720575940599459782,1095,1.0,,,
720575940599459782,1098,0.052018650471827965,0.9348406575357434,0.9348406575357434,0.052018650471827965
720575940599459782,1100,0.7316718427000253,0.25155764746872633,0.25155764746872633,1.0
720575940599459782,1101,0.07984800847903395,0.8770222069859449,0.8770222069859449,0.07984800847903395
720575940599459782,1102,0.1463491795919184,0.8146629627973512,0.8146629627973512,0.1463491795919184
720575940599459782,1104,0.021924004455060597,0.9414100851162467,0.9414100851162467,0.021924004455060597
720575940599459782,1107,0.11685886088069808,0.8447013252751128,0.8447013252751128,0.11685886088069808
720575940599459782,1110,-0.021255581606760554,0.974840539942271,0.974840539942271,-0.021255581606760554
720575940599459782,1112,0.08839431180585411,0.8740971443153059,0.8740971443153059,0.08839431180585411
720575940599459782,1114,1.0,,,
720575940599459782,1126,1.0,,,
720575940599459782,1131,0.21902037550558817,0.7306227898100552,0.7306227898100552,0.21902037550558817
720575940599459782,1140,0.060851449450088246,0.9026924565633865,0.9026924565633865,0.060851449450088246
720575940599459782,1141,,,,
720575940599459782,1145,0.09116154384830488,0.8755297447840924,0.8755297447840924,0.09116154384830488
720575940599459782,1146,0.08118783058529533,0.8805319001876422,0.8805319001876422,0.08118783058529533
720575940599459782,1147,0.21098744222507426,0.7310852927940268,0.7310852927940268,0.21098744222507426
720575940599459782,1148,,,,
720575940599459782,1151,0.19781531335907843,0.7432444240348608,0.7432444240348608,0.19781531335907843
720575940599459782,1155,,,,
720575940599459782,1156,0.0683611754719472,0.899340823553028,0.899340823553028,0.0683611754719472
720575940599459782,1160,0.14338511424327915,0.810556573781331,0.810556573781331,0.14338511424327915
720575940599459782,1162,0.03609710224717333,0.9322203490385443,0.9322203490385443,0.03609710224717333
720575940599459782,1170,0.08426421061681777,0.879209989320344,0.879209989320344,0.08426421061681777
720575940599459782,1174,0.1413471724056342,0.8123259826770243,0.8123259826770243,0.1413471724056342
720575940599459782,1197,0.14273794694411113,0.8112219521685469,0.8112219521685469,0.14273794694411113
720575940599459782,1205,0.13904522685078824,0.8151054583261265,0.8151054583261265,0.13904522685078824
720575940599459782,1210,0.13536085728451286,0.8190650063988449,0.8190650063988449,0.13536085728451286
720575940599459782,1213,0.13681598632719072,0.8181902830666816,0.8181902830666816,0.13681598632719072
720575940599459782,1214,0.13918849305244807,0.8169647433572469,0.8169647433572469,0.13918849305244807
720575940599459782,1217,0.1380874756146948,0.817497990960888,0.817497990960888,0.1380874756146948
720575940599459782,1228,,,,
720575940599459782,1239,1.0,,,
720575940599459782,1247,,,,
720575940599459782,1259,1.0,,,
720575940599459782,1261,0.031754163448145745,0.837129212852124,0.837129212852124,0.031754163448145745
720575940599459782,1264,0.07211563880238725,0.780969337341324,0.780969337341324,0.07211563880238725
720575940599459782,1266,0.25,0.5625,0.5625,0.25
720575940599459782,1267,0.14267859002588745,0.6668055410909763,0.6668055410909763,0.14267859002588745
720575940599459782,1268,0.11111111111111116,0.7222222222222221,0.7222222222222221,0.11111111111111116
720575940599459782,1270,-0.0082818916919285,0.8897487526388599,0.8897487526388599,-0.0082818916919285
720575940599459782,1276,,,,
720575940599459782,1280,0.10096670274943798,0.8644583774044936,0.8644583774044936,0.10096670274943798
720575940599459782,1281,0.05986939319515838,0.8533535050771958,0.8533535050771958,0.05986939319515838
720575940599459782,1282,0.14013101491666746,0.8165741757872325,0.8165741757872325,0.14013101491666746
720575940599459782,1285,-0.04744587313276338,0.9390188589217549,0.9390188589217549,-0.04744587313276338
720575940599459782,1291,1.0,,,
720575940599459782,1295,0.02777777777777779,0.8913302951388888,0.8913302951388888,0.02777777777777779
720575940599459782,1297,0.10251831618630503,0.8295437651585271,0.8295437651585271,0.10251831618630503
720575940599459782,1298,0.11611652351681556,0.8398068642684716,0.8398068642684716,0.11611652351681556
720575940599459782,1303,,,,
720575940599459782,1305,0.12346135282008253,0.834855360394192,0.834855360394192,0.12346135282008253
720575940599459782,1309,0.10989644698040868,0.8496728534725244,0.8496728534725244,0.10989644698040868
720575940599459782,1311,0.08076118445748814,0.8603362682424996,0.8603362682424996,0.08076118445748814
720575940599459782,1312,0.11334572891968975,0.8511929125234499,0.8511929125234499,0.11334572891968975
720575940599459782,1313,0.1258641766963069,0.8377214053427556,0.8377214053427556,0.1258641766963069
720575940599459782,1315,0.1385223979636352,0.8240362867143041,0.8240362867143041,0.1385223979636352
720575940599459782,1318,0.13179276255109795,0.8227527491571631,0.8227527491571631,0.13179276255109795
720575940599459782,1319,0.16649307363627974,0.7839031089802582,0.7839031089802582,0.16649307363627974
720575940599459782,1322,0.1477272727272726,0.8054203457302516,0.8054203457302516,0.1477272727272726
720575940599459782,1324,0.18039885813523193,0.770514617178806,0.770514617178806,0.18039885813523193
720575940599459782,1325,0.14844309742630624,0.7995234740722471,0.7995234740722471,0.14844309742630624
720575940599459782,1327,0.16392740462824018,0.7879197885188272,0.7879197885188272,0.16392740462824018
720575940599704006,0,0.3998705003090617,0.51466650243632,0.51466650243632,0.3998705003090617
720575940599704006,19,1.0,,,
720575940599704006,24,,,,
720575940599704006,25,1.0,,,
720575940599704006,26,1.0,,,
720575940599704006,30,,,,
720575940599704006,49,1.0,,,
720575940599704006,54,0.6535898384862244,0.2513362463359428,0.2513362463359428,0.6535898384862244
720575940599704006,58,0.7105263157894737,0.21906052974232454,0.21906052974232454,0.7105263157894737
720575940599704006,60,0.6157754616857721,0.2857200979617448,0.2857200979617448,0.6157754616857721
720575940599704006,64,0.76185516389608,0.16366643399231812,0.16366643399231812,0.76185516389608
720575940599704006,65,1.0,,,
720575940599704006,71,1.0,,,
720575940599704006,72,,,,
720575940599704006,74,1.0,,,
720575940599704006,77,,,,
720575940599704006,80,1.0,,,
720575940599704006,85,0.8301910972971689,0.09899991690780291,0.09899991690780291,1.0
720575940599704006,88,1.0,0.0,0.0,1.0
720575940599704006,90,1.0,,,
720575940599704006,92,0.5821641747534039,0.3221597068008314,0.3221597068008314,0.5821641747534039
720575940599704006,95,,,,
720575940599704006,96,1.0,,,
720575940599704006,97,,,,
720575940599704006,106,,,,
720575940599704006,113,0.6070810668015046,0.2851529811963218,0.2851529811963218,0.6070810668015046
720575940599704006,117,,,,
720575940599704006,121,,,,
720575940599704006,122,1.0,,,
720575940599704006,129,1.0,,,
720575940599704006,137,0.5668290621434665,0.31020337236843015,0.31020337236843015,0.5668290621434665
720575940599704006,142,1.0,,,
720575940599704006,147,1.0,,,
720575940599704006,149,,,,
720575940599704006,154,1.0,,,
720575940599704006,155,,,,
720575940599704006,158,1.0,,,
720575940599704006,166,1.0,,,
720575940599704006,175,,,,
720575940599704006,176,1.0,,,
720575940599704006,179,1.0,,,
720575940599704006,186,0.6366240166670919,0.3238978796749139,0.3238978796749139,0.6366240166670919
720575940599704006,188,1.0,,,
720575940599704006,198,1.0,,,
720575940599704006,199,,,,
720575940599704006,200,1.0,,,
720575940599704006,202,1.0,,,
720575940599704006,207,,,,
720575940599704006,209,1.0,,,
720575940599704006,215,,,,
720575940599704006,220,,,,
720575940599704006,224,,,,
720575940599704006,225,0.7790291308792039,0.21924453420578988,0.21924453420578988,1.0
720575940599704006,227,1.0,,,
720575940599704006,233,0.5632500200325623,0.36351758586547567,0.36351758586547567,0.5632500200325623
720575940599704006,237,,,,
720575940599704006,238,1.0,,,
720575940599704006,246,0.80400161697999,0.19484995499450222,0.19484995499450222,0.80400161697999
720575940599704006,248,0.7173913043478262,0.27064934329710144,0.27064934329710144,0.7173913043478262
720575940599704006,257,,,,
720575940599704006,263,1.0,,,
720575940599704006,264,,,,
720575940599704006,268,1.0,,,
720575940599704006,274,,,,
720575940599704006,284,1.0,,,
720575940599704006,285,1.0,,,
720575940599704006,290,1.0,,,
720575940599704006,293,,,,
720575940599704006,295,0.5274498859746908,0.33096430185769354,0.33096430185769354,0.5274498859746908
720575940599704006,298,0.4103381058392128,0.43427581184616754,0.43427581184616754,0.4103381058392128
720575940599704006,307,1.0,,,
720575940599704006,309,1.0,,,
720575940599704006,310,1.0,,,
720575940599704006,316,,,,
720575940599704006,317,,,,
720575940599704006,318,1.0,,,
720575940599704006,324,1.0,,,
720575940599704006,327,1.0,,,
720575940599704006,333,1.0,,,
720575940599704006,341,1.0,,,
720575940599704006,342,1.0,,,
720575940599704006,347,1.0,,,
720575940599704006,353,0.6500288030284814,0.2821039933487391,0.2821039933487391,0.6500288030284814
720575940599704006,360,1.0,,,
720575940599704006,361,1.0,,,
720575940599704006,362,1.0,,,
720575940599704006,367,1.0,,,
720575940599704006,370,1.0,,,
720575940599704006,375,1.0,,,
720575940599704006,379,1.0,,,
720575940599704006,383,,,,
720575940599704006,384,0.6320555740214775,0.3032207103514935,0.3032207103514935,0.6320555740214775
720575940599704006,390,1.0,,,
720575940599704006,397,,,,
720575940599704006,401,0.700879318827762,0.2376266492079389,0.2376266492079389,0.700879318827762
720575940599704006,402,1.0,,,
720575940599704006,403,,,,
720575940599704006,404,1.0,,,
720575940599704006,411,0.5469106021263759,0.3710773554834713,0.3710773554834713,0.5469106021263759
720575940599704006,416,,,,
720575940599704006,420,0.47466935198644344,0.3797865099957145,0.3797865099957145,0.47466935198644344
720575940599704006,421,0.7550510257216823,0.18263529478661683,0.18263529478661683,0.7550510257216823
720575940599704006,429,1.0,,,
720575940599704006,432,0.8607213915844679,0.1047536538880491,0.1047536538880491,1.0
720575940599704006,434,1.0,,,
720575940599704006,436,1.0,,,
720575940599704006,439,,,,
720575940599704006,443,1.0,,,
720575940599704006,446,,,,
720575940599704006,450,0.3779073669122087,0.5037202780804207,0.5037202780804207,0.3779073669122087
720575940599704006,454,0.4680672423304788,0.40852120261775826,0.40852120261775826,0.4680672423304788
720575940599704006,455,1.0,,,
720575940599704006,456,1.0,,,
720575940599704006,457,1.0,,,
720575940599704006,463,1.0,,,
720575940599704006,464,,,,
720575940599704006,468,0.3151430675994126,0.5629086690746661,0.5629086690746661,0.3151430675994126
720575940599704006,469,1.0,,,
720575940599704006,471,0.4432604648180605,0.4484463298711505,0.4484463298711505,0.4432604648180605
720575940599704006,474,0.4985180499925733,0.38764232855641695,0.38764232855641695,0.4985180499925733
720575940599704006,479,,,,
720575940599704006,481,0.511453496634749,0.40384204979919736,0.40384204979919736,0.511453496634749
720575940599704006,484,0.7831931543208718,0.1987396085392009,0.1987396085392009,0.7831931543208718
720575940599704006,487,0.51762361105728,0.3621552226717987,0.3621552226717987,0.51762361105728
720575940599704006,495,1.0,,,
720575940599704006,496,0.5690690690690692,0.31979147115865864,0.31979147115865864,0.5690690690690692
720575940599704006,498,1.0,,,
720575940599704006,499,0.6203703703703705,0.2892533918467078,0.2892533918467078,0.6203703703703705
720575940599704006,507,1.0,,,
720575940599704006,509,1.0,,,
720575940599704006,510,1.0,,,
720575940599704006,515,1.0,,,
720575940599704006,519,,,,
720575940599704006,521,1.0,,,
720575940599704006,524,,,,
720575940599704006,525,1.0,,,
720575940599704006,535,0.3807330141951567,0.5175376236355459,0.5175376236355459,0.3807330141951567
720575940599704006,537,1.0,,,
720575940599704006,542,1.0,,,
720575940599704006,548,,,,
720575940599704006,549,0.8122397639275025,0.1021924201540416,0.1021924201540416,1.0
720575940599704006,550,0.6855859272387338,0.29148804662242384,0.29148804662242384,0.6855859272387338
720575940599704006,551,0.5065453891093217,0.38177662078334923,0.38177662078334923,0.5065453891093217
720575940599704006,554,0.5448677804180555,0.37068973913510966,0.37068973913510966,0.5448677804180555
720575940599704006,557,0.8450806661517034,0.1452368754827781,0.1452368754827781,1.0
720575940599704006,559,1.0,,,
720575940599704006,563,0.4904906441812408,0.3927129255733922,0.3927129255733922,0.4904906441812408
720575940599704006,567,0.4617004965060941,0.42071016023053004,0.42071016023053004,0.4617004965060941
720575940599704006,575,,,,
720575940599704006,582,,,,
720575940599704006,584,,,,
720575940599704006,587,1.0,,,
720575940599704006,592,0.5519443885585826,0.3632269785599437,0.3632269785599437,0.5519443885585826
720575940599704006,608,1.0,,,
720575940599704006,612,,,,
720575940599704006,623,,,,
720575940599704006,626,0.4729537233052701,0.43381524451356845,0.43381524451356845,0.4729537233052701
720575940599704006,628,1.0,,,
720575940599704006,638,,,,
720575940599704006,643,,,,
720575940599704006,644,1.0,,,
720575940599704006,645,,,,
720575940599704006,653,0.4452891036427067,0.4575891018244983,0.4575891018244983,0.4452891036427067
720575940599704006,658,0.803030303030303,0.1301590119949495,0.1301590119949495,1.0
720575940599704006,659,,,,
720575940599704006,665,1.0,,,
720575940599704006,673,1.0,,,
720575940599704006,674,1.0,,,
720575940599704006,688,1.0,,,
720575940599704006,690,,,,
720575940599704006,700,,,,
720575940599704006,706,,,,
720575940599704006,710,0.4965649007849775,0.43240889441402186,0.43240889441402186,0.4965649007849775
720575940599704006,714,1.0,,,
720575940599704006,717,1.0,,,
720575940599704006,729,1.0,,,
720575940599704006,740,,,,
720575940599704006,743,0.4917768046157962,0.4361366761777986,0.4361366761777986,0.4917768046157962
720575940599704006,746,1.0,,,
720575940599704006,752,1.0,,,
720575940599704006,753,1.0,,,
720575940599704006,759,,,,
720575940599704006,764,1.0,,,
720575940599704006,767,,,,
720575940599704006,770,,,,
720575940599704006,777,,,,
720575940599704006,792,1.0,,,
720575940599704006,798,0.6350194162822111,0.30509567631119977,0.30509567631119977,0.6350194162822111
720575940599704006,801,1.0,,,
720575940599704006,806,1.0,,,
720575940599704006,807,1.0,,,
720575940599704006,814,1.0,,,
720575940599704006,816,0.4290065960018802,0.49550792708007274,0.49550792708007274,0.4290065960018802
720575940599704006,819,1.0,,,
720575940599704006,820,1.0,,,
720575940599704006,821,0.7592592592592593,0.2190072016460905,0.2190072016460905,1.0
720575940599704006,822,,,,
720575940599704006,823,0.5621461701305321,0.39028030176877776,0.39028030176877776,0.5621461701305321
720575940599704006,827,0.6700168354462779,0.2826244696409195,0.2826244696409195,0.6700168354462779
720575940599704006,832,1.0,,,
720575940599704006,844,0.6063520891888916,0.34307508893607025,0.34307508893607025,0.6063520891888916
720575940599704006,846,,,,
720575940599704006,857,1.0,,,
720575940599704006,864,,,,
720575940599704006,869,1.0,,,
720575940599704006,874,1.0,,,
720575940599704006,878,,,,
720575940599704006,890,,,,
720575940599704006,893,0.6821002151817244,0.27040875190832125,0.27040875190832125,0.6821002151817244
720575940599704006,895,,,,
720575940599704006,902,0.6725936101824831,0.29434364964207893,0.29434364964207893,0.6725936101824831
720575940599704006,912,1.0,,,
720575940599704006,917,,,,
720575940599704006,918,,,,
720575940599704006,920,1.0,,,
720575940599704006,925,1.0,,,
720575940599704006,936,,,,
720575940599704006,937,1.0,,,
720575940599704006,945,,,,
720575940599704006,955,,,,
720575940599704006,967,1.0,,,
720575940599704006,972,,,,
720575940599704006,984,0.7717822677061807,0.20382872309420966,0.20382872309420966,0.7717822677061807
720575940599704006,992,1.0,,,
720575940599704006,1001,1.0,,,
720575940599704006,1004,1.0,,,
720575940599704006,1011,,,,
720575940599704006,1024,,,,
720575940599704006,1027,,,,
720575940599704006,1032,,,,
720575940599704006,1033,1.0,,,
720575940599704006,1036,1.0,,,
720575940599704006,1046,0.836927017001793,0.15731635570486754,0.15731635570486754,1.0
720575940599704006,1056,1.0,,,
720575940599704006,1061,1.0,,,
720575940599704006,1067,,,,
720575940599704006,1071,1.0,,,
720575940599704006,1073,,,,
720575940599704006,1074,1.0,,,
720575940599704006,1075,1.0,,,
720575940599704006,1092,1.0,,,
720575940599704006,1095,1.0,,,
720575940599704006,1098,1.0,,,
720575940599704006,1105,1.0,,,
720575940599704006,1109,1.0,,,
720575940599704006,1110,0.42694592426829114,0.4964551002553341,0.4964551002553341,0.42694592426829114
720575940599704006,1115,1.0,,,
720575940599704006,1129,1.0,,,
720575940599704006,1137,,,,
720575940599704006,1143,,,,
720575940599704006,1168,1.0,,,
720575940599704006,1181,1.0,,,
720575940599704006,1197,1.0,,,
720575940599704006,1201,,,,
720575940599704006,1215,,,,
720575940599704006,1255,0.40320337329670086,0.5130577945708673,0.5130577945708673,0.40320337329670086
720575940599704006,1310,1.0,,,
720575940599704006,1317,,,,
720575940599704006,1325,,,,
720575940599704006,1341,0.09621208313617746,0.8390975076128976,0.8390975076128976,0.09621208313617746
720575940599704006,1386,,,,
720575940599704006,1389,,,,1.0
720575940599704006,1396,,,,1.0
720575940599704006,1398,,,,1.0
720575940599704006,1418,1.0,0.29296875,0.29296875,0.6875
720575940599704006,1422,1.0,0.5115005498530769,0.5115005498530769,0.46334368540005044
720575940599704006,1425,1.0,0.688387416862894,0.688387416862894,0.28556549168823964
720575940599704006,1429,,,,
720575940599704006,1434,1.0,0.8386086744892229,0.8386086744892229,0.1360812045503378
720575940599704006,1453,,,,
720575940599704006,1455,,,,1.0
720575940599704006,1456,0.2483277571213064,0.7334676807464752,0.7334676807464752,0.2483277571213064
720575940599704006,1458,0.3526915229484401,0.634033596174526,0.634033596174526,0.3526915229484401
720575940599704006,1465,0.20450487116513405,0.795495128834866,0.795495128834866,0.20450487116513405
720575940599704006,1468,0.11456225515285379,0.8854377448471462,0.8854377448471462,0.11456225515285379
720575940599704006,1472,0.2709851956002447,0.7290148043997553,0.7290148043997553,0.2709851956002447
720575940599704006,1480,,,,
720575940599704006,1484,0.30773954537541515,0.6676334434737381,0.6676334434737381,0.30773954537541515
720575940599704006,1485,0.22044827441846881,0.7578975109820442,0.7578975109820442,0.22044827441846881
720575940599704006,1489,0.33333333333333337,0.6666666666666666,0.6666666666666666,0.33333333333333337
720575940599704006,1490,0.1750420886156947,0.795495128834866,0.795495128834866,0.1750420886156947
720575940599704006,1493,0.4696699141100894,0.5303300858899106,0.5303300858899106,1.0
720575940599704006,1496,1.0,,,
720575940599704006,1503,0.09328491306990827,0.8414636998024724,0.8414636998024724,0.09328491306990827
720575940599704006,1508,0.1333333333333333,0.8350694444444445,0.8350694444444445,0.1333333333333333
720575940599704006,1514,0.2501270204985323,0.7206268348541631,0.7206268348541631,0.2501270204985323
720575940599704006,1515,1.0,1.0,1.0,0.0
720575940599704006,1517,0.09443867004269135,0.8741182282226799,0.8741182282226799,0.09443867004269135
720575940599704006,1518,1.0,1.118033988749895,1.118033988749895,-0.1180339887498949
720575940599704006,1519,0.16069701592788554,0.76064109686592,0.76064109686592,0.16069701592788554
720575940599704006,1522,0.13037364345369562,0.8053173176308075,0.8053173176308075,0.13037364345369562
720575940599704006,1523,0.15725017192094737,0.8155360315473332,0.8155360315473332,0.15725017192094737
720575940599704006,1529,0.12888032913447656,0.8204575620051239,0.8204575620051239,0.12888032913447656
720575940599704006,1530,1.0,0.7071067811865476,0.7071067811865476,0.2928932188134524
720575940599704006,1534,,,,
720575940599704006,1537,0.41135749388954246,0.5043473541861097,0.5043473541861097,0.41135749388954246
720575940599704006,1542,0.4093083856736811,0.5064619858032826,0.5064619858032826,0.4093083856736811
720575940599704006,1546,1.0,0.8660254037844386,0.8660254037844386,0.1339745962155614
720575940599704006,1563,0.42352674625240305,0.49745800746041363,0.49745800746041363,0.42352674625240305
720575940599704006,1564,1.0,,,
720575940599704006,1567,0.4229767269843734,0.49720672529898025,0.49720672529898025,0.4229767269843734
720575940599704006,1568,,,,
720575940599704006,1575,,,,
720575940599704006,1594,1.0,,,
720575940599704006,1596,0.42094075688663557,0.4984041213270526,0.4984041213270526,0.42094075688663557
720575940599704006,1602,0.19961744950161142,0.755139066657178,0.755139066657178,0.19961744950161142
720575940599704006,1608,0.4072663725318889,0.508639391007189,0.508639391007189,0.4072663725318889
720575940599704006,1609,0.41754805050077226,0.49952839418549916,0.49952839418549916,0.41754805050077226
720575940599704006,1621,0.4154772592112753,0.5006647519757953,0.5006647519757953,0.4154772592112753
720575940599704006,1635,0.4052313896960228,0.510843909406469,0.510843909406469,0.4052313896960228
720575940599704006,1662,0.4134137628632151,0.502367075841514,0.502367075841514,0.4134137628632151
720575940599704006,1707,0.17414380717465183,0.7709191548826121,0.7709191548826121,0.17414380717465183
720575940599704006,1710,0.15026399272992907,0.7896464047677009,0.7896464047677009,0.15026399272992907
720575940599704006,1715,0.16210638416923306,0.7791380054240276,0.7791380054240276,0.16210638416923306
720575940599704006,1722,0.07516183252020214,0.8506944381664481,0.8506944381664481,0.07516183252020214
720575940599704006,1723,0.08600594594949551,0.839260344477041,0.839260344477041,0.08600594594949551
720575940599704006,1724,0.10815005352414797,0.8182082442959988,0.8182082442959988,0.10815005352414797
720575940599704006,1726,0.11946467301643648,0.8104679684108501,0.8104679684108501,0.11946467301643648
720575940599704006,1729,0.09699968056358055,0.8282267275233561,0.8282267275233561,0.09699968056358055
720575940599704006,1751,0.06446085143018843,0.8622319556394212,0.8622319556394212,0.06446085143018843
720575940599704006,1761,0.09547542406508025,0.8394071735199233,0.8394071735199233,0.09547542406508025
720575940599704006,1763,0.004269308715245668,0.9325916679149021,0.9325916679149021,0.004269308715245668
720575940599704006,1766,-0.10267062767445356,1.0492132765594815,1.0492132765594815,-0.10267062767445356
720575940599704006,1769,-0.11677018941977324,1.0632060436165118,1.0632060436165118,-0.11677018941977324
720575940599704006,1770,-0.08838902138132076,1.0363040191240056,1.0363040191240056,-0.08838902138132076
720575940599704006,1772,-0.09242319169453106,1.0541206641423824,1.0541206641423824,-0.09242319169453106
720575940599704006,1773,-0.06915725639194825,1.0295975853455364,1.0295975853455364,-0.06915725639194825
720575940599704006,1774,-0.11519386096212392,1.0780434386661,1.0780434386661,-0.11519386096212392
720575940599704006,1775,-0.04536177948115183,1.004427406929259,1.004427406929259,-0.04536177948115183
720575940599704006,1777,-0.07391842392706893,1.025870613595411,1.025870613595411,-0.07391842392706893
720575940599704006,1778,-0.13749999999999996,1.1014087339242298,1.1014087339242298,-0.13749999999999996
720575940599704006,1779,-0.0675031406300135,1.0287402413766775,1.0287402413766775,-0.0675031406300135
720575940599704006,1781,-0.09741606654073975,1.0571926632740187,1.0571926632740187,-0.09741606654073975
720575940599704006,1782,,,,
720575940599704006,1783,0.16666666666666674,0.7638888888888888,0.7638888888888888,0.16666666666666674
720575940599704006,1787,0.2928932188134524,0.7071067811865476,0.7071067811865476,1.0
720575940599704006,1791,-0.10526315789473673,1.0593233108520508,1.0593233108520508,-0.10526315789473673
720575940599704006,1792,-0.07582870727983781,1.0282249504548273,1.0282249504548273,-0.07582870727983781
720575940599704006,1795,-0.04546309336330712,0.9960939015576536,0.9960939015576536,-0.04546309336330712
720575940599704006,1796,0.24670831643865543,0.6783242323084612,0.6783242323084612,0.24670831643865543
720575940599704006,1797,1.0,,,
720575940599704006,1800,0.21929580942761373,0.6995267137480781,0.6995267137480781,0.21929580942761373
720575940599704006,1802,,,,
720575940599704006,1803,-0.01406129622424701,0.9628992681235401,0.9628992681235401,-0.01406129622424701
720575940599704006,1805,0.23061157631271767,0.6858383683942554,0.6858383683942554,0.23061157631271767
720575940599704006,1808,,,,
720575940599704006,1811,0.018504542377636102,0.928705198328724,0.928705198328724,0.018504542377636102
720575940599704006,1813,0.052392917041314435,0.8938078349515763,0.8938078349515763,0.052392917041314435
720575940599704006,1814,0.24200611215988277,0.6722840585916078,0.6722840585916078,0.24200611215988277
720575940599704006,1818,0.2534562211981567,0.6593832337911228,0.6593832337911228,0.2534562211981567
720575940599704006,1819,0.2649277609777414,0.6482567795478212,0.6482567795478212,0.2649277609777414
720575940599704006,1821,0.08780452110527515,0.85904346368569,0.85904346368569,0.08780452110527515
720575940599704006,1823,0.2763704967295,0.6413047675149982,0.6413047675149982,0.2763704967295
720575940599704006,1824,0.125,0.8264838324652777,0.8264838324652777,0.125
720575940599704006,1825,,,,
720575940599704006,1826,,,,1.0
720575940599704006,1827,0.28430919152658285,0.6513955570429187,0.6513955570429187,0.28430919152658285
720575940599704006,1830,,,,
720575940599704006,1831,,,,
720575940599704006,1839,0.3027804816141606,0.6364749016690076,0.6364749016690076,0.3027804816141606
720575940599704006,1844,-0.11111111111111116,1.0419379340277777,1.0419379340277777,-0.11111111111111116
720575940599704006,1846,,,,
720575940599704006,1847,-0.052341140030170985,0.9777611596820506,0.9777611596820506,-0.052341140030170985
720575940599704006,1848,1.0,1.2848885927545688,1.2848885927545688,-0.3997084244475302
720575940599704006,1851,0.3284306980096263,0.6221857967566846,0.6221857967566846,0.3284306980096263
720575940599704006,1857,0.33742753786948254,0.6094452801821132,0.6094452801821132,0.33742753786948254
720575940599704006,1858,0.3571304564688105,0.5862187249837629,0.5862187249837629,0.3571304564688105
720575940599704006,1859,1.0,,,
720575940599704006,1860,1.0,1.1780118537713733,1.1780118537713733,-0.30437298687487724
720575940599704006,1861,0.37722298776786856,0.5619093187775659,0.5619093187775659,0.37722298776786856
720575940599704006,1863,0.39753592392329073,0.5364615515068278,0.5364615515068278,0.39753592392329073
720575940599704006,1864,0.417676768434608,0.5099441015259402,0.5099441015259402,0.417676768434608
720575940599704006,1865,1.0,1.0593750000000002,1.0593750000000002,-0.20000000000000018
720575940599704006,1869,,,,
720575940599704006,1872,0.43671929178250746,0.48279730136097704,0.48279730136097704,0.43671929178250746
720575940599704006,1873,1.0,0.7660323462854264,0.7660323462854264,0.057190958417936644
720575940599704006,1874,1.0,0.9246625404990101,0.9246625404990101,-0.08253175473054841
720575940599704006,1878,1.0,,,
720575940599704006,1880,0.4522774424948339,0.4566048449358253,0.4566048449358253,0.4522774424948339
720575940599704006,1882,1.0,0.5625,0.5625,1.0
720575940599704006,1884,0.4569549197500511,0.43704787769627845,0.43704787769627845,0.4569549197500511
720575940599704006,1886,0.41619489350737604,0.4517268027776586,0.4517268027776586,1.0
720575940599704006,1889,0.5783629786442162,0.32158057976451876,0.32158057976451876,1.0
720575940599704006,1890,,,,
720575940599704006,1893,1.0,,,
720575940599704006,1894,0.7480236846605152,0.17224943431410095,0.17224943431410095,1.0
720575940599704006,1897,1.0,,,
720575940599704006,1900,,,,
720575940599704006,1911,,,,
720575940599704006,1914,1.0,,,
720575940599704006,1919,1.0,,,
720575940599704006,1925,1.0,,,
720575940599704006,1932,1.0,,,
720575940599704006,1938,1.0,,,
720575940599704006,1941,,,,
720575940599704006,1943,,,,
720575940599729862,0,0.4562888946922612,0.47045989021670587,0.47045989021670587,0.4562888946922612
720575940599729862,3,,,,
720575940599729862,4,1.0,,,
720575940599729862,7,1.0,,,
720575940599729862,8,0.770360336614077,0.19196440611166996,0.19196440611166996,0.770360336614077
720575940599729862,9,1.0,,,
720575940599729862,10,0.836417423729606,0.12779888771124528,0.12779888771124528,1.0
720575940599729862,11,0.7205882352941178,0.2437576593137255,0.2437576593137255,0.7205882352941178
720575940599729862,20,1.0,,,
720575940599729862,22,1.0,,,
720575940599729862,24,0.6788577811327621,0.2882125968154215,0.2882125968154215,0.6788577811327621
720575940599729862,33,1.0,,,
720575940599729862,35,,,,
720575940599729862,36,1.0,,,
720575940599729862,45,0.618643615095155,0.32996265334540303,0.32996265334540303,0.618643615095155
720575940599729862,55,,,,
720575940599729862,59,1.0,,,
720575940599729862,60,,,,
720575940599729862,66,1.0,,,
720575940599729862,67,1.0,,,
720575940599729862,73,,,,
720575940599729862,75,,,,
720575940599729862,79,,,,
720575940599729862,80,,,,
720575940599729862,82,1.0,,,
720575940599729862,83,1.0,,,
720575940599729862,90,0.5598882561127936,0.3810147079648521,0.3810147079648521,0.5598882561127936
720575940599729862,92,1.0,,,
720575940599729862,94,,,,
720575940599729862,99,1.0,,,
720575940599729862,103,,,,
720575940599729862,107,0.5497127353681261,0.41160233599309776,0.41160233599309776,0.5497127353681261
720575940599729862,110,1.0,,,
720575940599729862,115,1.0,,,
720575940599729862,123,,,,
720575940599729862,128,,,,
720575940599729862,131,,,,
720575940599729862,141,,,,
720575940599729862,149,1.0,,,
720575940599729862,152,1.0,,,
720575940599729862,157,0.6289091143658294,0.359172167953212,0.359172167953212,1.0
720575940599729862,162,1.0,,,
720575940599729862,163,0.8023576462394763,0.19764235376052372,0.19764235376052372,1.0
720575940599729862,165,0.6116701237808524,0.375857475680859,0.375857475680859,0.6116701237808524
720575940599729862,166,,,,
720575940599729862,169,0.5129619549022109,0.4236621490167592,0.4236621490167592,0.5129619549022109
720575940599729862,170,,,,
720575940599729862,171,,,,
720575940599729862,176,1.0,,,
720575940599729862,178,,,,
720575940599729862,180,1.0,,,
720575940599729862,182,0.50970966215454,0.47651156207484646,0.47651156207484646,0.50970966215454
720575940599729862,195,0.6032401995709229,0.36813075666981754,0.36813075666981754,0.6032401995709229
720575940599729862,212,1.0,,,
720575940599729862,214,1.0,,,
720575940599729862,217,1.0,,,
720575940599729862,221,1.0,,,
720575940599729862,222,0.5489451021956049,0.42539592994897146,0.42539592994897146,0.5489451021956049
720575940599729862,224,1.0,,,
720575940599729862,226,1.0,,,
720575940599729862,228,,,,
720575940599729862,229,1.0,,,
720575940599729862,239,1.0,,,
720575940599729862,243,,,,
720575940599729862,245,,,,
720575940599729862,255,0.48840032943902034,0.4404779509962593,0.4404779509962593,0.48840032943902034
720575940599729862,258,,,,
720575940599729862,260,,,,
720575940599729862,261,,,,
720575940599729862,276,1.0,,,
720575940599729862,277,,,,
720575940599729862,279,1.0,0.0,0.0,1.0
720575940599729862,286,0.4651926830930082,0.45268291061300014,0.45268291061300014,0.4651926830930082
720575940599729862,289,1.0,0.41666666666666663,0.41666666666666663,1.0
720575940599729862,290,,,,
720575940599729862,291,1.0,,,
720575940599729862,292,1.0,,,
720575940599729862,293,1.0,,,
720575940599729862,299,1.0,,,
720575940599729862,301,1.0,,,
720575940599729862,307,0.776703121730564,0.16049463125615718,0.16049463125615718,0.776703121730564
720575940599729862,308,,,,
720575940599729862,312,0.7293670613173628,0.20419631102686472,0.20419631102686472,0.7293670613173628
720575940599729862,315,1.0,,,
720575940599729862,320,1.0,,,
720575940599729862,321,0.6904761904761905,0.24580543154761902,0.24580543154761902,0.6904761904761905
720575940599729862,337,1.0,,,
720575940599729862,338,0.6607997373500158,0.27992129120889114,0.27992129120889114,0.6607997373500158
720575940599729862,344,,,,
720575940599729862,347,1.0,,,
720575940599729862,352,,,,
720575940599729862,355,1.0,,,
720575940599729862,360,,,,
720575940599729862,365,,,,
720575940599729862,367,-0.06066017177982119,0.397747564417433,0.397747564417433,1.0
720575940599729862,369,,,,
720575940599729862,376,1.0,,,
720575940599729862,377,0.62792830250108,0.3075598911981957,0.3075598911981957,0.62792830250108
720575940599729862,379,0.6461429358774857,0.2731238069332751,0.2731238069332751,0.6461429358774857
720575940599729862,389,1.0,,,
720575940599729862,411,0.6699244227780272,0.2554830990605701,0.2554830990605701,0.6699244227780272
720575940599729862,414,1.0,,,
720575940599729862,415,,,,
720575940599729862,416,-0.15470053837925146,0.6254627916220945,0.6254627916220945,1.0
720575940599729862,420,,,,
720575940599729862,427,1.0,,,
720575940599729862,431,0.46734373097741944,0.4331224098334239,0.4331224098334239,0.46734373097741944
720575940599729862,445,1.0,,,
720575940599729862,451,,,,
720575940599729862,457,0.6195652173913043,0.3016224091095721,0.3016224091095721,0.6195652173913043
720575940599729862,461,1.0,,,
720575940599729862,464,1.0,,,
720575940599729862,476,1.0,,,
720575940599729862,487,1.0,,,
720575940599729862,488,1.0,,,
720575940599729862,498,0.60431654676259,0.3144174016507871,0.3144174016507871,0.60431654676259
720575940599729862,503,0.41732841768324924,0.4561756199048346,0.4561756199048346,0.41732841768324924
720575940599729862,504,,,,
720575940599729862,505,0.46081242659916044,0.43824223987538224,0.43824223987538224,0.46081242659916044
720575940599729862,508,1.0,,,
720575940599729862,509,1.0,,,
720575940599729862,510,,,,
720575940599729862,514,0.42024909563579715,0.457756933545964,0.457756933545964,0.42024909563579715
720575940599729862,521,1.0,,,
720575940599729862,528,1.0,,,
720575940599729862,529,,,,
720575940599729862,531,1.0,,,
720575940599729862,537,1.0,,,
720575940599729862,546,0.7057299244683928,0.24242477153413858,0.24242477153413858,0.7057299244683928
720575940599729862,547,,,,
720575940599729862,548,0.4602319166264318,0.4476104141908089,0.4476104141908089,0.4602319166264318
720575940599729862,550,,,,
720575940599729862,555,0.4392798264356046,0.44378819136997477,0.44378819136997477,0.4392798264356046
720575940599729862,557,-0.40000000000000013,0.721875,0.721875,1.0
720575940599729862,570,1.0,,,
720575940599729862,574,1.0,,,
720575940599729862,575,0.7759721942792913,0.18328393697436307,0.18328393697436307,0.7759721942792913
720575940599729862,586,0.5695871766690581,0.36666352820868336,0.36666352820868336,0.5695871766690581
720575940599729862,588,,,,
720575940599729862,590,0.8461223152625436,0.12502561884918337,0.12502561884918337,0.8461223152625436
720575940599729862,598,,,,
720575940599729862,603,0.4850328980619717,0.41233538484301563,0.41233538484301563,0.4850328980619717
720575940599729862,606,0.47860400471636,0.4181413660079234,0.4181413660079234,0.47860400471636
720575940599729862,613,0.6271824823551697,0.3249081087785857,0.3249081087785857,0.6271824823551697
720575940599729862,620,1.0,,,
720575940599729862,624,0.4522944975438209,0.43548349763668587,0.43548349763668587,0.4522944975438209
720575940599729862,626,,,,
720575940599729862,627,,,,
720575940599729862,628,0.4696699141100894,0.397747564417433,0.397747564417433,1.0
720575940599729862,633,0.21786271975947513,0.6647466726601539,0.6647466726601539,0.21786271975947513
720575940599729862,636,1.0,,,
720575940599729862,639,1.0,,,
720575940599729862,640,1.0,,,
720575940599729862,642,0.16357144472990026,0.6989509919789149,0.6989509919789149,0.16357144472990026
720575940599729862,649,1.0,,,
720575940599729862,651,1.0,,,
720575940599729862,661,,,,
720575940599729862,662,1.0,,,
720575940599729862,663,,,,
720575940599729862,664,0.46103194436370454,0.4445565371013731,0.4445565371013731,0.46103194436370454
720575940599729862,669,1.0,,,
720575940599729862,677,0.4616309187796498,0.42706988169241106,0.42706988169241106,0.4616309187796498
720575940599729862,681,,,,
720575940599729862,682,0.5102646032920198,0.4106179874741853,0.4106179874741853,0.5102646032920198
720575940599729862,687,1.0,,,
720575940599729862,688,,,,
720575940599729862,701,,,,
720575940599729862,709,,,,
720575940599729862,711,1.0,,,
720575940599729862,713,1.0,,,
720575940599729862,717,0.25076058915564226,0.6359990025402972,0.6359990025402972,0.25076058915564226
720575940599729862,719,1.0,,,
720575940599729862,721,1.0,,,
720575940599729862,730,,,,
720575940599729862,735,,,,
720575940599729862,746,0.5418378710072725,0.37494127353115786,0.37494127353115786,0.5418378710072725
720575940599729862,748,1.0,,,
720575940599729862,751,,,,
720575940599729862,758,,,,
720575940599729862,761,0.46249131666844157,0.43008679274293743,0.43008679274293743,0.46249131666844157
720575940599729862,762,1.0,,,
720575940599729862,769,0.5,0.39609374999999997,0.39609374999999997,0.5
720575940599729862,770,1.0,,,
720575940599729862,773,0.4740893314925052,0.4522846423011232,0.4522846423011232,0.4740893314925052
720575940599729862,774,1.0,,,
720575940599729862,776,,,,
720575940599729862,782,1.0,,,
720575940599729862,784,1.0,,,
720575940599729862,785,1.0,,,
720575940599729862,788,1.0,,,
720575940599729862,791,1.0,,,
720575940599729862,792,1.0,,,
720575940599729862,798,1.0,,,
720575940599729862,805,1.0,,,
720575940599729862,810,,,,
720575940599729862,811,1.0,,,
720575940599729862,812,1.0,,,
720575940599729862,818,1.0,,,
720575940599729862,820,1.0,,,
720575940599729862,822,0.2810869462612472,0.6168708200368768,0.6168708200368768,0.2810869462612472
720575940599729862,825,,,,
720575940599729862,834,0.31845723754343336,0.5791005845384938,0.5791005845384938,0.31845723754343336
720575940599729862,835,,,,
720575940599729862,836,1.0,,,
720575940599729862,844,1.0,,,
720575940599729862,846,0.352113670257338,0.5465390540851185,0.5465390540851185,0.352113670257338
720575940599729862,850,1.0,,,
720575940599729862,861,1.0,,,
720575940599729862,863,,,,
720575940599729862,868,1.0,,,
720575940599729862,875,1.0,,,
720575940599729862,876,0.4940355743730592,0.4276486429493332,0.4276486429493332,0.4940355743730592
720575940599729862,881,0.737554670416088,0.22417205235292473,0.22417205235292473,1.0
720575940599729862,882,0.2592592592592593,0.6102912808641975,0.6102912808641975,0.2592592592592593
720575940599729862,884,1.0,,,
720575940599729862,895,,,,
720575940599729862,898,1.0,,,
720575940599729862,900,1.0,,,
720575940599729862,901,,,,
720575940599729862,907,1.0,,,
720575940599729862,908,1.0,,,
720575940599729862,913,0.5348129562963357,0.35615883033561796,0.35615883033561796,0.5348129562963357
720575940599729862,916,0.20151437306332687,0.6590179923210602,0.6590179923210602,0.20151437306332687
720575940599729862,917,1.0,,,
720575940599729862,919,1.0,,,
720575940599729862,921,1.0,,,
720575940599729862,929,,,,
720575940599729862,931,,,,
720575940599729862,932,1.0,,,
720575940599729862,933,1.0,,,
720575940599729862,934,0.19812462612551973,0.6189475542093644,0.6189475542093644,0.19812462612551973
720575940599729862,938,1.0,,,
720575940599729862,939,0.2884875264621146,0.5280756639538993,0.5280756639538993,0.2884875264621146
720575940599729862,944,1.0,0.8588085254195684,0.8588085254195684,-0.2124355652982144
720575940599729862,945,,,,
720575940599729862,948,1.0,0.41666666666666663,0.41666666666666663,1.0
720575940599729862,949,1.0,,,
720575940599729862,950,,,,
720575940599729862,952,1.0,,,
720575940599729862,954,1.0,0.6629126073623883,0.6629126073623883,-0.06066017177982119
720575940599729862,959,1.0,,,
720575940599729862,964,0.5535714285714286,0.37266322544642855,0.37266322544642855,0.5535714285714286
720575940599729862,968,0.11803790168899941,0.7062587115381058,0.7062587115381058,0.11803790168899941
720575940599729862,974,1.0,,,
720575940599729862,980,,,,
720575940599729862,983,0.6153846153846154,0.3248948317307693,0.3248948317307693,0.6153846153846154
720575940599729862,984,1.0,,,
720575940599729862,992,0.39013216553895547,0.44469529596117835,0.44469529596117835,0.39013216553895547
720575940599729862,993,,,,
720575940599729862,995,1.0,,,
720575940599729862,996,,,,
720575940599729862,1001,,,,
720575940599729862,1007,0.11611652351681556,0.6076698900821893,0.6076698900821893,1.0
720575940599729862,1016,1.0,,,
720575940599729862,1024,,,,
720575940599729862,1030,,,,
720575940599729862,1046,0.4107443490112105,0.4419417382415922,0.4419417382415922,1.0
720575940599729862,1049,1.0,,,
720575940599729862,1053,1.0,,,
720575940599729862,1057,1.0,,,
720575940599729862,1059,1.0,,,
720575940599729862,1063,1.0,,,
720575940599729862,1066,,,,
720575940599729862,1070,1.0,,,
720575940599729862,1079,1.0,,,
720575940599729862,1094,0.46484692062819444,0.46474514494307084,0.46474514494307084,0.46484692062819444
720575940599729862,1101,1.0,,,
720575940599729862,1103,,,,
720575940599729862,1112,0.6752404735808355,0.2905075451171432,0.2905075451171432,0.6752404735808355
720575940599729862,1129,1.0,,,
720575940599729862,1130,,,,
720575940599729862,1131,1.0,,,
720575940599729862,1142,1.0,,,
720575940599729862,1143,0.744449374000024,0.21961381921872933,0.21961381921872933,1.0
720575940599729862,1149,,,,
720575940599729862,1151,1.0,,,
720575940599729862,1169,1.0,,,
720575940599729862,1171,1.0,,,
720575940599729862,1175,,,,
720575940599729862,1176,,,,
720575940599729862,1182,1.0,,,
720575940599729862,1193,1.0,,,
720575940599729862,1194,,,,
720575940599729862,1198,1.0,,,
720575940599729862,1201,,,,
720575940599729862,1210,1.0,,,
720575940599729862,1218,,,,
720575940599729862,1221,1.0,,,
720575940599729862,1231,1.0,,,
720575940599729862,1236,1.0,,,
720575940599729862,1241,1.0,,,
720575940599729862,1244,,,,
720575940599729862,1262,1.0,,,
720575940599729862,1269,,,,
720575940599729862,1271,1.0,,,
720575940599729862,1276,,,,
720575940599729862,1279,1.0,,,
720575940599729862,1283,,,,
720575940599729862,1290,,,,
720575940599729862,1293,1.0,,,
720575940599729862,1297,1.0,,,
720575940599729862,1302,1.0,,,
720575940599729862,1304,1.0,,,
720575940599729862,1307,0.4591795075576335,0.4691698830016007,0.4691698830016007,0.4591795075576335
720575940599729862,1311,,,,
720575940599729862,1315,1.0,,,
720575940599729862,1317,,,,
720575940599729862,1322,1.0,,,
720575940599729862,1325,1.0,,,
720575940599729862,1330,1.0,,,
720575940599729862,1354,1.0,,,
720575940599729862,1376,1.0,,,
720575940599729862,1394,,,,
720575940599729862,1395,1.0,,,
720575940599729862,1403,1.0,,,
720575940599729862,1410,1.0,,,
720575940599729862,1421,1.0,,,
720575940599729862,1423,,,,
720575940599729862,1424,1.0,,,
720575940599729862,1431,1.0,,,
720575940599729862,1433,1.0,,,
720575940599729862,1446,1.0,,,
720575940599729862,1448,0.16048629521463775,0.788666784293473,0.788666784293473,0.16048629521463775
720575940599729862,1458,1.0,,,
720575940599729862,1461,1.0,,,
720575940599729862,1464,,,,
720575940599729862,1465,1.0,,,
720575940599729862,1471,,,,
720575940599729862,1481,,,,
720575940599729862,1505,1.0,,,
720575940599729862,1510,1.0,,,
720575940599729862,1512,,,,
720575940599729862,1519,1.0,,,
720575940599729862,1530,1.0,,,
720575940599729862,1575,0.4610971404522397,0.46734961927287655,0.46734961927287655,0.4610971404522397
720575940599729862,1647,0.4630206171220591,0.4657640983952063,0.4657640983952063,0.4630206171220591
720575940599729862,1720,,,,
720575940599729862,1721,1.0,,,
720575940599729862,1725,1.0,,,
720575940599729862,1728,1.0,,,
720575940599729862,1730,0.6391560817564839,0.33829117335329634,0.33829117335329634,1.0
720575940599729862,1731,0.16441831741300517,0.7844029806400933,0.7844029806400933,0.16441831741300517
720575940599729862,1732,0.5101020514433643,0.46693398221804333,0.46693398221804333,0.5101020514433643
720575940599729862,1735,0.41666666666666663,0.5620659722222222,0.5620659722222222,0.41666666666666663
720575940599729862,1736,0.09269935089310521,0.8370457939351773,0.8370457939351773,0.09269935089310521
720575940599729862,1738,0.21432579868161383,0.7695617421116614,0.7695617421116614,0.21432579868161383
720575940599729862,1739,0.07033531812977656,0.8569167674461202,0.8569167674461202,0.07033531812977656
720575940599729862,1741,0.27381562258610936,0.708597099523398,0.708597099523398,0.27381562258610936
720575940599729862,1746,0.0824456992717757,0.8488532474693887,0.8488532474693887,0.0824456992717757
720575940599729862,1749,,,,
720575940599729862,1751,0.05835687770329212,0.8677477003554648,0.8677477003554648,0.05835687770329212
720575940599729862,1753,0.340171120926142,0.640497954882241,0.640497954882241,0.340171120926142
720575940599729862,1757,0.0465087614676043,0.8798138077140013,0.8798138077140013,0.0465087614676043
720575940599729862,1758,0.04849742887518016,0.8524663633415377,0.8524663633415377,0.04849742887518016
720575940599729862,1760,0.03478893201800071,0.8923744436580664,0.8923744436580664,0.03478893201800071
720575940599729862,1761,0.06670688818545745,0.8321638517920501,0.8321638517920501,0.06670688818545745
720575940599729862,1764,0.08513323340632584,0.8131332778257111,0.8131332778257111,0.08513323340632584
720575940599729862,1767,0.1110058984825969,0.7933241696314749,0.7933241696314749,0.1110058984825969
720575940599729862,1768,,,,
720575940599729862,1769,0.12167299180013058,0.790370241239285,0.790370241239285,0.12167299180013058
720575940599729862,1770,0.13427431084775399,0.7652245746034441,0.7652245746034441,0.13427431084775399
720575940599729862,1773,0.10374795081645993,0.7974574253103908,0.7974574253103908,0.10374795081645993
720575940599729862,1777,0.12495535828164739,0.7651720560527816,0.7651720560527816,0.12495535828164739
720575940599729862,1779,0.15526320850007946,0.7300703715599899,0.7300703715599899,0.15526320850007946
720575940599729862,1782,0.186842887385274,0.6948069888747935,0.6948069888747935,0.186842887385274
720575940599729862,1783,0.2620975674250693,0.6235659879441797,0.6235659879441797,0.2620975674250693
720575940599729862,1784,1.0,,,
720575940599729862,1785,0.2198576110198308,0.6616735008098407,0.6616735008098407,0.2198576110198308
720575940599729862,1789,1.0,,,
720575940599729862,1790,0.09013194385998058,0.8381840107453034,0.8381840107453034,0.09013194385998058
720575940599729862,1791,1.0,,,
720575940599729862,1796,0.3055555555555556,0.5750868055555556,0.5750868055555556,0.3055555555555556
720575940599729862,1798,0.07654608000187546,0.8574624487029601,0.8574624487029601,0.07654608000187546
720575940599729862,1801,0.350480947161671,0.5328085980314418,0.5328085980314418,0.350480947161671
720575940599729862,1803,0.08481232346820633,0.8481577559332504,0.8481577559332504,0.08481232346820633
720575940599729862,1804,0.09313555312825283,0.8387934021512641,0.8387934021512641,0.09313555312825283
720575940599729862,1805,0.08293931100511887,0.8434206194059348,0.8434206194059348,0.08293931100511887
720575940599729862,1806,0.08076118445748814,0.8470294139788369,0.8470294139788369,0.08076118445748814
720575940599729862,1807,0.0720490055248062,0.8566188512350852,0.8566188512350852,0.0720490055248062
720575940599729862,1808,0.07341402648237683,0.8525821671528367,0.8525821671528367,0.07341402648237683
720575940599729862,1809,0.4432693832814324,0.47554073511377654,0.47554073511377654,0.4432693832814324
720575940599729862,1814,,,,1.0
720575940599729862,1815,0.06833703146200798,0.8666855909115541,0.8666855909115541,0.06833703146200798
720575940599729862,1818,0.3999999999999999,0.48750000000000004,0.48750000000000004,0.3999999999999999
720575940599729862,1819,0.09708651018876535,0.8414295981679352,0.8414295981679352,0.09708651018876535
720575940599729862,1820,,,,1.0
720575940599729862,1828,0.5580582617584078,0.33145630368119416,0.33145630368119416,1.0
720575940599729862,1830,,,,
720575940599729862,1838,1.0,,,
720575940599729862,1846,1.0,,,
720575940599729862,1848,,,,
720575940599729862,1853,,,,
720575940599729862,1858,,,,
720575940599729862,1859,,,,
720575940599729862,1860,,,,
720575940599729862,1876,0.0882010324219098,0.851150350901138,0.851150350901138,0.0882010324219098
720575940599729862,1880,,,,
720575940599729862,1881,0.1536884469030123,0.7911676177552235,0.7911676177552235,0.1536884469030123
720575940599729862,1883,0.16047734148566695,0.7839386611373845,0.7839386611373845,0.16047734148566695
720575940599729862,1884,,,,
720575940599729862,1887,0.1640775395900924,0.7809246549830449,0.7809246549830449,0.1640775395900924
720575940599729862,1888,0.15843141030703134,0.7863325044461827,0.7863325044461827,0.15843141030703134
720575940599729862,1893,0.16463152468119435,0.7792283724513812,0.7792283724513812,0.16463152468119435
720575940599729862,1894,0.15283097562142245,0.7920786514914732,0.7920786514914732,0.15283097562142245
720575940599729862,1901,0.3504247141800637,0.5911973853771887,0.5911973853771887,0.3504247141800637
720575940599729862,1902,0.09607113655709598,0.8451684670373952,0.8451684670373952,0.09607113655709598
720575940599729862,1903,,,,
720575940599729862,1904,0.3337477613887174,0.6081747577040173,0.6081747577040173,0.3337477613887174
720575940599729862,1906,0.3360599977930143,0.6072473714033009,0.6072473714033009,0.3360599977930143
720575940599729862,1908,0.1472750379460005,0.7979635156270535,0.7979635156270535,0.1472750379460005
720575940599729862,1917,0.37715965942051655,0.5844341700247774,0.5844341700247774,0.37715965942051655
720575940599729862,1918,0.11932642965739004,0.7941577471986504,0.7941577471986504,0.11932642965739004
720575940599729862,1919,0.08870980089237257,0.826833195926985,0.826833195926985,0.08870980089237257
720575940599729862,1920,0.15147186257614298,0.7621837703149061,0.7621837703149061,0.15147186257614298
720575940599729862,1921,0.391488936595468,0.5653289632019968,0.5653289632019968,0.391488936595468
720575940599729862,1923,,,,
720575940599729862,1929,0.18543237962507664,0.7338808007255169,0.7338808007255169,0.18543237962507664
720575940599729862,1931,0.12872625787115743,0.812652417250464,0.812652417250464,0.12872625787115743
720575940599729862,1932,0.22159319134316813,0.7162001447488722,0.7162001447488722,0.22159319134316813
720575940599729862,1934,0.12573732565116136,0.8160667276250584,0.8160667276250584,0.12573732565116136
720575940599729862,1936,1.0,,,
720575940599729862,1942,,,,
720575940599729862,1945,,,,
720575940599729862,1951,0.44213443217066406,0.5116673254934689,0.5116673254934689,0.44213443217066406
720575940599729862,1956,0.5,0.451171875,0.451171875,0.5
720575940599729862,1960,0.5178571428571429,0.4268973214285714,0.4268973214285714,0.5178571428571429
720575940599729862,1961,0.2062746066806228,0.7219712003965316,0.7219712003965316,0.2062746066806228
720575940599729862,1966,0.12853829130178418,0.8141236910138542,0.8141236910138542,0.12853829130178418
720575940599729862,1968,0.6150998205402495,0.33678765702728164,0.33678765702728164,0.6150998205402495
720575940599729862,1969,0.2515448008162512,0.6711408166291775,0.6711408166291775,0.2515448008162512
720575940599729862,1972,0.7142261966752959,0.2679129406169101,0.2679129406169101,0.7142261966752959
720575940599729862,1975,,,,
720575940599729862,1976,1.0,,,
720575940599729862,1980,0.3012287570313157,0.615792157866153,0.615792157866153,0.3012287570313157
720575940599729862,1987,0.2576925110419098,0.6417866831616822,0.6417866831616822,0.2576925110419098
720575940599729862,1988,0.33333333333333337,0.5694444444444444,0.5694444444444444,0.33333333333333337
720575940599729862,1991,,,,
720575940599729862,1994,1.0,,,
720575940599729862,2000,1.0,0.7660323462854264,0.7660323462854264,0.057190958417936644
720575940599729862,2012,1.0,0.5625,0.5625,1.0
720575940599729862,2031,1.0,,,
720575940599729862,2053,1.0,,,
720575940599729862,2058,1.0,,,
720575940599729862,2059,,,,
720575940599729862,2068,0.1626889830040602,0.7854473906472708,0.7854473906472708,0.1626889830040602
720575940599729862,2069,,,,
720575940599729862,2070,0.16077999118133046,0.786654938436504,0.786654938436504,0.16077999118133046
720575940599729862,2089,0.16362618307170385,0.7834135395089155,0.7834135395089155,0.16362618307170385
720575940599729862,2092,0.4428855663378716,0.5326318657765856,0.5326318657765856,0.4428855663378716
720575940599729862,2095,1.0,0.5671875000000001,0.5671875000000001,0.3999999999999999
720575940599729862,2112,,,,1.0
720575940599729862,2114,,,,1.0
720575940599729862,2115,,,,1.0
720575940599729862,2117,1.0,0.4017373162210029,0.4017373162210029,0.5678791892748877
720575940599729862,2118,,,,
720575940599729862,2120,1.0,0.21408143979038263,0.21408143979038263,0.763772204369233
720575940599729862,2124,,,,
720575940599729862,2125,,,,1.0
720575940599729862,2126,,,,1.0
720575940599729862,2132,,,,1.0
720575940599733446,0,0.2964213710526412,0.6118755069329975,0.6118755069329975,0.2964213710526412
720575940599733446,4,,,,
720575940599733446,15,1.0,,,
720575940599733446,18,1.0,,,
720575940599733446,23,1.0,,,
720575940599733446,25,,,,
720575940599733446,28,1.0,,,
720575940599733446,34,1.0,,,
720575940599733446,37,,,,
720575940599733446,43,1.0,,,
720575940599733446,47,1.0,,,
720575940599733446,48,1.0,,,
720575940599733446,49,,,,
720575940599733446,50,,,,
720575940599733446,57,,,,
720575940599733446,68,1.0,,,
720575940599733446,80,,,,
720575940599733446,82,1.0,,,
720575940599733446,85,1.0,,,
720575940599733446,86,,,,
720575940599733446,87,1.0,,,
720575940599733446,95,1.0,,,
720575940599733446,98,1.0,,,
720575940599733446,100,0.4696699141100894,0.5303300858899106,0.5303300858899106,1.0
720575940599733446,101,1.0,,,
720575940599733446,103,1.0,,,
720575940599733446,108,1.0,,,
720575940599733446,109,0.057190958417936644,0.7071067811865476,0.7071067811865476,1.0
720575940599733446,112,1.0,,,
720575940599733446,115,0.8398220981930631,0.14938466428283667,0.14938466428283667,1.0
720575940599733446,117,,,,
720575940599733446,118,0.7731953941867428,0.2153425566425189,0.2153425566425189,0.7731953941867428
720575940599733446,125,1.0,,,
720575940599733446,129,0.677698718054845,0.2827742611206638,0.2827742611206638,0.677698718054845
720575940599733446,130,0.3695652173913043,0.43492458177649457,0.43492458177649457,0.3695652173913043
720575940599733446,131,1.0,,,
720575940599733446,134,1.0,,,
720575940599733446,135,,,,
720575940599733446,142,,,,
720575940599733446,152,0.6420271920243102,0.190833377342075,0.190833377342075,0.6420271920243102
720575940599733446,155,0.5454313549515053,0.2655164754097959,0.2655164754097959,0.5454313549515053
720575940599733446,157,0.4696699141100894,0.3093592167691145,0.3093592167691145,1.0
720575940599733446,160,0.6384112609420141,0.1581950733378688,0.1581950733378688,1.0
720575940599733446,163,0.43652428374196994,0.44079589570265826,0.44079589570265826,0.43652428374196994
720575940599733446,164,0.45432268363747186,0.34977880452971105,0.34977880452971105,0.45432268363747186
720575940599733446,168,,,,
720575940599733446,171,1.0,,,
720575940599733446,172,1.0,,,
720575940599733446,178,,,,
720575940599733446,181,1.0,,,
720575940599733446,183,1.0,,,
720575940599733446,198,,,,
720575940599733446,206,0.3989592359914347,0.47692294815605807,0.47692294815605807,0.3989592359914347
720575940599733446,209,0.5833333333333334,0.41666666666666663,0.41666666666666663,1.0
720575940599733446,212,0.4696699141100894,0.5303300858899106,0.5303300858899106,0.4696699141100894
720575940599733446,219,0.3937822173508928,0.6062177826491072,0.6062177826491072,0.3937822173508928
720575940599733446,224,,,,
720575940599733446,227,0.33333333333333337,0.6666666666666666,0.6666666666666666,0.33333333333333337
720575940599733446,235,0.3604538292062406,0.5155909116988788,0.5155909116988788,0.3604538292062406
720575940599733446,237,1.0,,,
720575940599733446,240,,,,
720575940599733446,241,,,,
720575940599733446,242,0.2812638643750677,0.7187361356249323,0.7187361356249323,0.2812638643750677
720575940599733446,244,,,,
720575940599733446,255,1.0,,,
720575940599733446,256,0.3531704786019224,0.6468295213980776,0.6468295213980776,0.3531704786019224
720575940599733446,274,,,,
720575940599733446,275,,,,
720575940599733446,278,0.32211585818650246,0.55487659749291,0.55487659749291,0.32211585818650246
720575940599733446,287,,,,
720575940599733446,297,1.0,,,
720575940599733446,305,1.0,,,
720575940599733446,307,0.30825176183816716,0.6670429439417676,0.6670429439417676,0.30825176183816716
720575940599733446,308,,,,
720575940599733446,310,1.0,,,
720575940599733446,312,1.0,,,
720575940599733446,313,0.26611102276929977,0.6994879314230111,0.6994879314230111,0.26611102276929977
720575940599733446,314,0.39013216553895547,0.4574008758457834,0.4574008758457834,0.39013216553895547
720575940599733446,315,0.2884875264621146,0.5113995903553551,0.5113995903553551,0.2884875264621146
720575940599733446,316,1.0,,,
720575940599733446,317,0.3429649055607441,0.5394543356703124,0.5394543356703124,0.3429649055607441
720575940599733446,318,0.057190958417936644,0.23570226039551584,0.23570226039551584,1.0
720575940599733446,320,1.0,,,
720575940599733446,325,0.34596668087504423,0.4961905857929469,0.4961905857929469,0.34596668087504423
720575940599733446,337,0.3372124169402192,0.5043521237151207,0.5043521237151207,0.3372124169402192
720575940599733446,338,1.0,,,
720575940599733446,347,,,,
720575940599733446,351,,,,
720575940599733446,353,,,,
720575940599733446,354,0.3197314321972471,0.5200514640193373,0.5200514640193373,0.3197314321972471
720575940599733446,359,1.0,,,
720575940599733446,364,1.0,,,
720575940599733446,368,0.22723330341755887,0.7352016488319058,0.7352016488319058,0.22723330341755887
720575940599733446,370,,,,
720575940599733446,377,0.6499999999999999,0.0,0.0,1.0
720575940599733446,380,0.2928932188134524,0.0,0.0,1.0
720575940599733446,381,1.0,,,
720575940599733446,383,,,,
720575940599733446,385,1.0,,,
720575940599733446,395,,,,
720575940599733446,410,1.0,,,
720575940599733446,417,1.0,,,
720575940599733446,418,0.41666666666666674,0.1640625,0.1640625,1.0
720575940599733446,435,,,,
720575940599733446,437,1.0,,,
720575940599733446,440,1.0,,,
720575940599733446,447,,,,
720575940599733446,450,0.19096016504410962,0.7711160926923332,0.7711160926923332,0.19096016504410962
720575940599733446,454,1.0,,,
720575940599733446,455,,,,
720575940599733446,456,,,,
720575940599733446,467,1.0,,,
720575940599733446,471,,,,
720575940599733446,472,,,,
720575940599733446,475,1.0,,,
720575940599733446,476,0.3428698091936847,0.506201428305615,0.506201428305615,0.3428698091936847
720575940599733446,478,1.0,,,
720575940599733446,489,1.0,,,
720575940599733446,491,,,,
720575940599733446,497,,,,
720575940599733446,498,0.23334812200007216,0.3433961536874677,0.3433961536874677,1.0
720575940599733446,500,1.0,,,
720575940599733446,507,,,,
720575940599733446,515,0.15681925066942703,0.8060520515617552,0.8060520515617552,0.15681925066942703
720575940599733446,516,,,,
720575940599733446,519,1.0,,,
720575940599733446,533,1.0,,,
720575940599733446,535,0.1613227668613858,0.8042783622481633,0.8042783622481633,0.1613227668613858
720575940599733446,536,-0.04990131391452013,0.6676716168175151,0.6676716168175151,1.0
720575940599733446,537,0.07638888888888895,0.805691189236111,0.805691189236111,0.07638888888888895
720575940599733446,545,1.0,,,
720575940599733446,556,0.08144134645630818,0.5131011228779215,0.5131011228779215,1.0
720575940599733446,559,,,,
720575940599733446,564,1.0,,,
720575940599733446,571,1.0,,,
720575940599733446,572,0.24055954257057044,0.6197669676608657,0.6197669676608657,0.24055954257057044
720575940599733446,579,,,,
720575940599733446,581,0.23223612107946945,0.6281927338898204,0.6281927338898204,0.23223612107946945
720575940599733446,586,1.0,,,
720575940599733446,595,0.4782241860722173,0.43617196945525577,0.43617196945525577,0.4782241860722173
720575940599733446,598,0.4366569678243757,0.4890741753946582,0.4890741753946582,0.4366569678243757
720575940599733446,607,0.19108575680478002,0.6752981218369841,0.6752981218369841,0.19108575680478002
720575940599733446,611,0.1754462294946766,0.6900115891314259,0.6900115891314259,0.1754462294946766
720575940599733446,614,0.36163971142881135,0.568788991496438,0.568788991496438,0.36163971142881135
720575940599733446,616,1.0,,,
720575940599733446,617,1.0,,,
720575940599733446,619,1.0,,,
720575940599733446,620,0.71875,0.2021484375,0.2021484375,1.0
720575940599733446,622,1.0,,,
720575940599733446,623,0.5525830996622565,0.3121650434045906,0.3121650434045906,0.5525830996622565
720575940599733446,626,0.1524613497962154,0.6999170104674761,0.6999170104674761,0.1524613497962154
720575940599733446,631,0.5030960050000468,0.3920883085546506,0.3920883085546506,1.0
720575940599733446,638,1.0,,,
720575940599733446,643,0.6529889531057164,0.18401074068710543,0.18401074068710543,0.6529889531057164
720575940599733446,650,0.625,0.2364959716796875,0.2364959716796875,0.625
720575940599733446,651,1.0,,,
720575940599733446,653,0.6554156061968416,0.1252932187103281,0.1252932187103281,1.0
720575940599733446,657,1.0,,,
720575940599733446,663,,,,
720575940599733446,667,1.0,,,
720575940599733446,672,1.0,,,
720575940599733446,673,1.0,,,
720575940599733446,684,,,,
720575940599733446,689,0.817560904221055,0.0,0.0,1.0
720575940599733446,694,,,,
720575940599733446,695,1.0,,,
720575940599733446,699,1.0,,,
720575940599733446,700,0.06628744904950623,0.7751328098824389,0.7751328098824389,0.06628744904950623
720575940599733446,711,0.03841234283053574,0.794005209081277,0.794005209081277,0.03841234283053574
720575940599733446,721,0.13706002026650688,0.7102379171913598,0.7102379171913598,0.13706002026650688
720575940599733446,722,1.0,,,
720575940599733446,724,1.0,,,
720575940599733446,726,1.0,,,
720575940599733446,730,,,,
720575940599733446,731,0.19277265003038802,0.6403365620744189,0.6403365620744189,0.19277265003038802
720575940599733446,737,1.0,,,
720575940599733446,742,1.0,,,
720575940599733446,751,0.16579058823863246,0.66953570674374,0.66953570674374,0.16579058823863246
720575940599733446,755,0.002844955978167918,0.8197238639360531,0.8197238639360531,0.002844955978167918
720575940599733446,757,0.3946224364416586,0.5495102005151156,0.5495102005151156,0.3946224364416586
720575940599733446,762,0.15922114030555512,0.6591487459226978,0.6591487459226978,0.15922114030555512
720575940599733446,763,,,,
720575940599733446,767,1.0,,,
720575940599733446,769,0.12364792402064895,0.7162992303365192,0.7162992303365192,0.12364792402064895
720575940599733446,773,-0.043669802752732245,0.8561978090540565,0.8561978090540565,-0.043669802752732245
720575940599733446,774,1.0,,,
720575940599733446,776,1.0,,,
720575940599733446,778,0.14301713621911183,0.700221310163879,0.700221310163879,0.14301713621911183
720575940599733446,782,0.42264973081037427,0.5773502691896257,0.5773502691896257,1.0
720575940599733446,783,-0.1335561013290001,0.8487033913607026,0.8487033913607026,-0.1335561013290001
720575940599733446,791,,,,
720575940599733446,794,1.0,,,
720575940599733446,796,0.13957450569500207,0.6982580945544287,0.6982580945544287,0.13957450569500207
720575940599733446,803,1.0,,,
720575940599733446,804,0.3290398670561715,0.5949997328484161,0.5949997328484161,0.3290398670561715
720575940599733446,808,0.27053172742374243,0.6463211779085231,0.6463211779085231,0.27053172742374243
720575940599733446,812,0.11407343770086886,0.7263427629200292,0.7263427629200292,0.11407343770086886
720575940599733446,817,,,,
720575940599733446,825,0.09193118212752271,0.7317697389728618,0.7317697389728618,0.09193118212752271
720575940599733446,827,1.0,,,
720575940599733446,833,-0.025055002465822485,0.8437899646831277,0.8437899646831277,-0.025055002465822485
720575940599733446,834,,,,
720575940599733446,838,1.0,,,
720575940599733446,839,1.0,,,
720575940599733446,845,0.43191865242056804,0.473398040944299,0.473398040944299,0.43191865242056804
720575940599733446,852,0.29398104036796313,0.5802190344353859,0.5802190344353859,0.29398104036796313
720575940599733446,866,1.0,,,
720575940599733446,868,,,,
720575940599733446,870,-0.08443533693807681,0.8109121917960098,0.8109121917960098,-0.08443533693807681
720575940599733446,871,,,,
720575940599733446,872,,,,
720575940599733446,875,0.2942139820498686,0.5801726230581582,0.5801726230581582,0.2942139820498686
720575940599733446,876,0.4319624425562456,0.47471460449371505,0.47471460449371505,0.4319624425562456
720575940599733446,880,,,,
720575940599733446,885,1.0,,,
720575940599733446,886,-0.3005309373306919,0.9541492938281403,0.9541492938281403,-0.3005309373306919
720575940599733446,891,1.0,,,
720575940599733446,894,0.25104668763202787,0.6149833987695974,0.6149833987695974,0.25104668763202787
720575940599733446,897,-0.2526853175626731,0.9056006866602985,0.9056006866602985,-0.2526853175626731
720575940599733446,899,0.020450322657234787,0.7947789348824197,0.7947789348824197,0.020450322657234787
720575940599733446,904,-0.24728276093044999,0.8731200790071552,0.8731200790071552,-0.24728276093044999
720575940599733446,905,1.0,,,
720575940599733446,907,-0.0022807900333969844,0.8190605981580427,0.8190605981580427,-0.0022807900333969844
720575940599733446,910,0.04370781575125526,0.7710917529356981,0.7710917529356981,0.04370781575125526
720575940599733446,911,0.06752328198448343,0.7492367199757635,0.7492367199757635,0.06752328198448343
720575940599733446,927,,,,
720575940599733446,934,,,,
720575940599733446,940,1.0,,,
720575940599733446,943,1.0,,,
720575940599733446,949,,,,
720575940599733446,953,1.0,,,
720575940599733446,962,1.0,,,
720575940599733446,963,1.0,,,
720575940599733446,965,1.0,,,
720575940599733446,973,0.24652757270239745,0.6192740228338824,0.6192740228338824,0.24652757270239745
720575940599733446,979,1.0,,,
720575940599733446,993,,,,
720575940599733446,1000,0.2501300658495631,0.617198114827282,0.617198114827282,0.2501300658495631
720575940599733446,1001,,,,
720575940599733446,1016,-0.24367084540772765,0.842635578656134,0.842635578656134,-0.24367084540772765
720575940599733446,1021,,,,
720575940599733446,1022,,,,
720575940599733446,1023,-0.18380069397047683,0.7794382173408044,0.7794382173408044,-0.18380069397047683
720575940599733446,1030,1.0,,,
720575940599733446,1033,1.0,,,
720575940599733446,1045,1.0,,,
720575940599733446,1063,1.0,,,
720575940599733446,1068,1.0,,,
720575940599733446,1080,,,,
720575940599733446,1101,,,,
720575940599733446,1104,0.30354218976753555,0.604440534235313,0.604440534235313,0.30354218976753555
720575940599733446,1115,1.0,,,
720575940599733446,1116,,,,
720575940599733446,1120,-0.1180339887498949,0.7304343149157028,0.7304343149157028,-0.1180339887498949
720575940599733446,1125,1.0,,,
720575940599733446,1133,,,,
720575940599733446,1137,,,,
720575940599733446,1142,,,,
720575940599733446,1149,1.0,,,
720575940599733446,1155,-0.0625,0.6569475446428571,0.6569475446428571,-0.0625
720575940599733446,1159,,,,
720575940599733446,1168,0.013189260631048416,0.5807792372327685,0.5807792372327685,0.013189260631048416
720575940599733446,1180,0.10912919362525209,0.5233865987451644,0.5233865987451644,0.10912919362525209
720575940599733446,1187,,,,
720575940599733446,1204,0.08645312039580155,0.5709667997526241,0.5709667997526241,0.08645312039580155
720575940599733446,1219,0.08144134645630818,0.5740991584648074,0.5740991584648074,0.08144134645630818
720575940599733446,1229,,,,
720575940599733446,1230,0.30185107774081965,0.6058347963918929,0.6058347963918929,0.30185107774081965
720575940599733446,1233,0.25,0.5625,0.5625,0.25
720575940599733446,1248,1.0,,,
720575940599733446,1265,,,,
720575940599733446,1268,0.4107443490112105,0.4419417382415922,0.4419417382415922,1.0
720575940599733446,1272,1.0,,,
720575940599733446,1278,,,,
720575940599733446,1286,1.0,,,
720575940599733446,1287,,,,
720575940599733446,1354,1.0,,,
720575940599733446,1395,0.375,0.56640625,0.56640625,0.375
720575940599733446,1409,0.26515307716504644,0.6812643347115714,0.6812643347115714,0.26515307716504644
720575940599733446,1410,1.0,,,
720575940599733446,1434,0.4522774424948339,0.5152015306532969,0.5152015306532969,0.4522774424948339
720575940599733446,1446,0.40909090909090917,0.5591066919191919,0.5591066919191919,0.40909090909090917
720575940599733446,1452,0.3699279876547914,0.599834181395606,0.599834181395606,0.3699279876547914
720575940599733446,1456,0.5285954792089683,0.41247895569215265,0.41247895569215265,1.0
720575940599733446,1462,0.33382661247350864,0.6376571764393385,0.6376571764393385,0.33382661247350864
720575940599733446,1472,1.0,,,
720575940599733446,1490,0.300145787776235,0.6729717913115242,0.6729717913115242,0.300145787776235
720575940599733446,1516,0.2981734160242805,0.6099342990268476,0.6099342990268476,0.2981734160242805
720575940599733446,1524,0.30169282846245316,0.6061654585149413,0.6061654585149413,0.30169282846245316
720575940599733446,1543,0.26843647904971013,0.7061540718339502,0.7061540718339502,0.26843647904971013
720575940599733446,1547,1.0,,,
720575940599733446,1571,0.29993055421289805,0.6080198028522585,0.6080198028522585,0.29993055421289805
720575940599733446,1573,0.23837139956537867,0.7375234338814481,0.7375234338814481,0.23837139956537867
720575940599733446,1592,,,,
720575940599733446,1593,0.20970418573268235,0.7673409194342361,0.7673409194342361,0.20970418573268235
720575940599733446,1611,0.21199095192558304,0.7668688939808489,0.7668688939808489,0.21199095192558304
720575940599733446,1616,0.18895857369409486,0.7908316290924982,0.7908316290924982,0.18895857369409486
720575940599733446,1617,,,,
720575940599733446,1621,0.16662415074442605,0.8139911119416519,0.8139911119416519,0.16662415074442605
720575940599733446,1622,,,,1.0
720575940599733446,1623,0.14492565036890437,0.8364266262399627,0.8364266262399627,0.14492565036890437
720575940599733446,1624,,,,
720575940599733446,1627,0.15070326824876634,0.8318638863011775,0.8318638863011775,0.15070326824876634
720575940599733446,1629,,,,1.0
720575940599733446,1631,0.13821361042889524,0.8331103528768518,0.8331103528768518,0.13821361042889524
720575940599733446,1633,0.12021225821892967,0.846265274914912,0.846265274914912,0.12021225821892967
720575940599733446,1637,,,,1.0
720575940599733446,1641,0.10256410256410253,0.8621461717491475,0.8621461717491475,0.10256410256410253
720575940599733446,1642,,,,
720575940599733446,1643,1.0,,,
720575940599733446,1645,1.0,0.0,0.0,1.0
720575940599733446,1648,0.8192984194189498,0.15811388300841897,0.15811388300841897,0.8192984194189498
720575940599733446,1650,,,,
720575940599733446,1651,0.5199206414808167,0.4519497086059499,0.4519497086059499,0.5199206414808167
720575940599733446,1653,0.46749195798108856,0.5067146837336205,0.5067146837336205,0.46749195798108856
720575940599733446,1654,0.7095262490344437,0.2632418368125354,0.2632418368125354,0.7095262490344437
720575940599733446,1658,0.6071628993408069,0.3641927287361269,0.3641927287361269,0.6071628993408069
720575940599733446,1660,0.3974234986148921,0.5779922170404029,0.5779922170404029,0.3974234986148921
720575940599733446,1680,,,,
720575940599733446,1681,0.08525143084597797,0.8791296738718726,0.8791296738718726,0.08525143084597797
720575940599733446,1682,0.06298103800008814,0.8912106503475276,0.8912106503475276,0.06298103800008814
720575940599733446,1686,0.39697731084447274,0.5818226727399033,0.5818226727399033,0.39697731084447274
720575940599733446,1689,0.04811851328092975,0.902034905418053,0.902034905418053,0.04811851328092975
720575940599733446,1690,0.34566969491842414,0.6341487307305084,0.6341487307305084,0.34566969491842414
720575940599733446,1691,0.03349008585456603,0.9154105445973719,0.9154105445973719,0.03349008585456603
720575940599733446,1692,0.019085417742255806,0.9298636146400246,0.9298636146400246,0.019085417742255806
720575940599733446,1694,0.004894791994333847,0.9446908954617629,0.9446908954617629,0.004894791994333847
720575940599733446,1702,,,,
720575940599733446,1703,-0.009090909090909038,0.9595603811131281,0.9595603811131281,-0.009090909090909038
720575940599733446,1705,0.34643406032749846,0.6356240795664748,0.6356240795664748,0.34643406032749846
720575940599733446,1707,1.0,0.0,0.0,1.0
720575940599733446,1708,0.33240807766656777,0.6424689821532905,0.6424689821532905,0.33240807766656777
720575940599733446,1713,0.3405797101449276,0.6257400881265096,0.6257400881265096,0.3405797101449276
720575940599733446,1715,,,,
720575940599733446,1716,0.33950506341565245,0.6441653173025829,0.6441653173025829,0.33950506341565245
720575940599733446,1718,0.07623956929659881,0.8799047520810024,0.8799047520810024,0.07623956929659881
720575940599733446,1721,,,,
720575940599733446,1723,0.3161842794114502,0.6473134666957324,0.6473134666957324,0.3161842794114502
720575940599733446,1725,0.06508514333477478,0.8920168562820563,0.8920168562820563,0.06508514333477478
720575940599733446,1728,0.054054054054053946,0.9039674260368287,0.9039674260368287,0.054054054054053946
720575940599733446,1732,,,,
720575940599733446,1736,0.2928932188134524,0.6699132151343895,0.6699132151343895,0.2928932188134524
720575940599733446,1739,0.29064544433687756,0.6734510058917185,0.6734510058917185,0.29064544433687756
720575940599733446,1743,0.04314326419546766,0.9157534278253745,0.9157534278253745,0.04314326419546766
720575940599733446,1747,0.03234971214640059,0.9273772176605558,0.9273772176605558,0.03234971214640059
720575940599733446,1752,0.02167034888540753,0.938843488531862,0.938843488531862,0.02167034888540753
720575940599733446,1757,0.011102164293667505,0.9501578153519293,0.9501578153519293,0.011102164293667505
720575940599733446,1759,0.27322825658622063,0.6810172693768688,0.6810172693768688,0.27322825658622063
720575940599733446,1760,0.0006422056353354577,0.961325972006616,0.961325972006616,0.0006422056353354577
720575940599733446,1765,,,,
720575940599733446,1768,0.11084079210190567,0.8474603308605391,0.8474603308605391,0.11084079210190567
720575940599733446,1770,1.0,,,
720575940599733446,1774,0.10678070439460863,0.8510342317812583,0.8510342317812583,0.10678070439460863
720575940599733446,1799,0.25383128575176117,0.6507520577329667,0.6507520577329667,0.25383128575176117
720575940599733446,1800,0.23856887015853423,0.6675926887018158,0.6675926887018158,0.23856887015853423
720575940599733446,1805,,,,
720575940599733446,1806,0.22361014486756092,0.684614281148652,0.684614281148652,0.22361014486756092
720575940599733446,1810,1.0,,,
720575940599733446,1811,0.20893882804312924,0.7014857313196344,0.7014857313196344,0.20893882804312924
720575940599733446,1814,0.33100639199432746,0.5853766984566411,0.5853766984566411,0.33100639199432746
720575940599733446,1817,0.14506729523675133,0.7918356851301297,0.7918356851301297,0.14506729523675133
720575940599733446,1818,0.2407145499245933,0.6769011826215392,0.6769011826215392,0.2407145499245933
720575940599733446,1822,,,,
720575940599733446,1823,0.26941481890772667,0.6348250362467072,0.6348250362467072,0.26941481890772667
720575940599733446,1826,0.2993509502546293,0.615808169832785,0.615808169832785,0.2993509502546293
720575940599733446,1830,0.2853379692597219,0.6213907987569398,0.6213907987569398,0.2853379692597219
720575940599733446,1833,0.15344234153573433,0.7909936726397211,0.7909936726397211,0.15344234153573433
720575940599733446,1838,1.0,,,
720575940599733446,1840,,,,
720575940599733446,1845,1.0,,,
720575940599733446,1846,0.2706523106583171,0.6306004046809048,0.6306004046809048,0.2706523106583171
720575940599733446,1847,0.3158019918123802,0.5986778971788712,0.5986778971788712,0.3158019918123802
720575940599733446,1850,0.2310050173149335,0.6849581929431154,0.6849581929431154,0.2310050173149335
720575940599733446,1854,0.1507820032150834,0.7936612398854369,0.7936612398854369,0.1507820032150834
720575940599733446,1868,0.14107101224254648,0.7979909069136718,0.7979909069136718,0.14107101224254648
720575940599733446,1878,0.2392354141378289,0.6484211205737754,0.6484211205737754,0.2392354141378289
720575940599733446,1879,0.14257258599662792,0.7946454969767266,0.7946454969767266,0.14257258599662792
720575940599733446,1880,0.14390064019734916,0.7928326545130111,0.7928326545130111,0.14390064019734916
720575940599733446,1881,0.26724665814178417,0.6137703712356818,0.6137703712356818,0.26724665814178417
720575940599733446,1892,0.29635435942514365,0.5767893871226945,0.5767893871226945,0.29635435942514365
720575940599733446,1895,0.326676291074508,0.5369657947278124,0.5369657947278124,0.326676291074508
720575940599733446,1897,,,,
720575940599733446,1900,0.29708938453503675,0.5407155599433324,0.5407155599433324,0.29708938453503675
720575940599733446,1902,0.33333333333333337,0.48828125,0.48828125,0.33333333333333337
720575940599733446,1906,1.0,,,
720575940599733446,1908,0.3711058813281841,0.42941676540559925,0.42941676540559925,0.3711058813281841
720575940599733446,1909,0.40983110914934606,0.3619395150920026,0.3619395150920026,0.40983110914934606
720575940599733446,1910,0.4466014094705336,0.28246386391608175,0.28246386391608175,0.4466014094705336
720575940599733446,1911,0.3999999999999999,0.20625000000000002,0.20625000000000002,1.0
720575940599733446,1912,0.625,0.0,0.0,1.0
720575940599733446,1915,,,,
720575940599733446,1916,1.0,,,
