node_id,swc_type,x,y,z,r,parent,post_post,post_pre,pre_post,pre_pre
1,1,724748.0,275601.75,242456.56,1145,-1,0.3604285921399446,0.5547108097023536,0.5547108097023536,0.3604285921399446
2,6,697556.0,266771.84,206129.83,20,3,,,,
3,0,697573.4,266732.6,206099.64,76,4,,,,
4,0,697663.1,266674.2,206146.55,76,5,,,,
5,0,697814.9,266506.38,206228.5,145,6,,,,
6,0,697920.25,266386.06,206186.94,117,7,,,,
7,0,698039.4,266239.44,206147.81,86,8,,,,
8,0,698054.9,266063.22,206029.0,148,9,,,,
9,0,698073.2,265982.66,206005.38,101,13,1.0,,,
10,0,698316.75,267693.84,204298.47,115,12,,,,
11,6,698318.25,267801.38,204237.75,0,10,,,,
12,0,698139.94,267415.44,204692.89,277,14,,,,
13,0,698177.4,265968.84,205967.95,108,15,,,,
14,0,698109.44,267320.97,204696.42,149,16,,,,
15,0,698315.7,265930.5,205917.62,111,18,,,,
16,0,698160.7,267243.62,204657.92,134,17,,,,
17,0,698281.2,267137.97,204676.27,95,19,,,,
18,0,698440.3,265892.06,205887.33,96,20,,,,
19,0,698381.4,266976.97,204845.75,162,21,,,,
20,0,698540.9,265833.5,205820.9,35,23,,,,
21,0,698425.3,266889.5,204855.72,140,22,1.0,0.0,0.0,1.0
22,0,698511.3,266821.12,204828.72,90,24,,,,
23,0,698618.8,265817.6,205766.94,69,25,,,,
24,0,698548.0,266767.8,204860.03,73,28,,,,
25,0,698743.56,265654.7,205688.86,129,26,,,,
26,0,698820.5,265561.16,205562.14,111,29,,,,
27,6,698629.1,264419.62,206938.75,88,30,,,,
28,0,698578.9,266706.72,204880.22,65,31,,,,
29,0,698914.56,265519.62,205465.27,82,32,,,,
30,0,698738.94,264526.88,206835.25,103,34,,,,
31,0,698707.5,266546.16,204926.14,127,33,,,,
32,0,699053.1,265434.03,205397.42,108,36,,,,
33,0,698908.4,266315.16,205007.64,174,35,,,,
34,0,698825.56,264657.62,206712.14,97,37,,,,
35,0,699000.7,266209.16,204969.61,206,44,,,,
36,0,699188.3,265302.12,205391.34,110,42,,,,
37,0,698918.9,264797.88,206576.19,75,41,,,,
38,0,699273.0,264659.1,206029.23,113,40,,,,
39,0,699196.4,264716.12,206180.42,135,38,,,,
40,0,699222.3,264659.8,205867.92,97,43,,,,
41,0,699060.0,264755.2,206358.08,125,39,,,,
42,0,699322.7,265214.72,205455.0,69,46,,,,
43,0,699200.1,264569.38,205773.06,96,45,,,,
44,0,699058.8,266120.7,204931.47,141,47,-0.0606601717798211,0.397747564417433,0.397747564417433,1.0
45,0,699244.3,264427.88,205666.7,123,61,,,,
46,0,699452.9,265130.03,205449.33,94,55,,,,
47,0,699169.8,265934.56,204959.9,123,49,,,,
48,0,699694.75,267980.75,205237.9,85,56,,,,
49,0,699376.7,265731.44,204823.84,170,51,,,,
50,0,700020.0,268642.84,204663.28,52,60,,,,
51,0,699532.5,265480.0,204793.2,194,54,-0.1547005383792514,0.6254627916220945,0.6254627916220945,1.0
52,0,699729.75,268376.7,205043.84,144,57,1.0,,,
53,0,699751.06,268551.56,204949.28,155,52,,,,
54,0,699626.06,265236.88,204869.6,146,63,,,,
55,0,699674.4,265052.84,205506.98,129,64,1.0,,,
56,0,699743.25,267765.0,205275.3,108,69,,,,
57,0,699651.75,268238.06,205098.6,145,59,,,,
58,0,699634.9,268598.88,204910.2,207,53,,,,
59,0,699645.25,268089.16,205173.06,96,48,,,,
60,0,699934.06,268585.06,204692.58,52,58,,,,
61,0,699342.7,264220.4,205696.36,112,67,,,,
62,5,699790.44,264352.7,205602.31,297,66,1.0,,,
63,0,699639.7,265061.84,204899.44,159,65,,,,
64,0,699808.1,264929.78,205540.64,125,68,,,,
65,0,699653.9,264920.78,204959.83,132,73,,,,
66,0,699886.2,264300.1,205584.45,224,71,,,,
67,0,699436.56,264137.06,205726.39,86,62,1.0,,,
68,0,699886.25,264747.97,205520.17,125,62,,,,
69,0,699623.75,267492.8,205356.03,206,74,,,,
70,6,700106.0,268766.28,204583.19,64,50,,,,
71,0,699943.5,264202.88,205503.83,201,81,1.0,,,
72,0,700481.44,264501.88,204838.75,317,81,,,,
73,0,699791.0,264738.06,204954.9,120,82,,,,
74,0,699692.4,267431.97,205250.06,122,76,,,,
75,6,699859.9,267734.84,206060.72,53,78,,,,
76,0,699932.9,267278.22,205242.33,85,77,,,,
77,0,700083.5,267195.22,205220.39,99,79,,,,
78,0,699979.44,267745.12,206121.62,54,86,,,,
79,0,700229.0,267125.0,205222.6,57,89,,,,
80,0,699957.44,264598.28,204992.14,38,72,,,,
81,5,700448.1,264310.5,205016.36,409,85,0.3393435521023348,0.466588616327726,0.466588616327726,0.3393435521023348
82,0,699824.5,264668.2,204972.25,89,80,,,,
83,0,700508.8,263819.16,205252.34,299,84,,,,
84,0,700515.1,263564.56,205267.56,305,88,,,,
85,0,700555.75,264157.78,205027.05,414,90,,,,
86,0,700119.25,267736.44,206182.2,97,91,,,,
87,6,700717.44,263680.25,206512.28,0,92,,,,
88,0,700612.6,263488.44,205236.64,256,93,0.2732779073125683,0.5431490640658668,0.5431490640658668,0.2732779073125683
89,0,700309.1,267039.38,205169.6,76,95,,,,
90,0,700619.6,264081.16,205121.4,345,83,,,,
91,0,700371.7,267708.25,206204.47,64,94,,,,
92,0,700638.6,263757.2,206405.38,85,96,,,,
93,0,700718.3,263464.22,205159.02,184,97,,,,
94,0,700580.44,267701.5,206194.83,63,98,,,,
95,0,700416.2,266995.56,205035.48,78,99,,,,
96,0,700580.56,263645.84,206232.62,123,101,,,,
97,0,700846.1,263461.44,205048.1,154,100,0.1963972998903912,0.6269177314471166,0.6269177314471166,0.1963972998903912
98,0,700666.94,267640.6,206221.77,52,102,,,,
99,0,700613.5,266992.97,204873.08,97,103,,,,
100,0,700977.75,263305.9,204955.28,165,107,,,,
101,0,700695.06,263630.3,206095.3,133,106,,,,
102,0,700745.2,267599.0,206258.1,71,105,,,,
103,0,700759.2,266951.6,204731.9,109,104,,,,
104,0,700967.94,266770.56,204665.42,154,109,1.0,,,
105,0,700872.06,267556.75,206280.88,78,108,,,,
106,0,700837.8,263624.0,205983.16,123,112,,,,
107,0,701190.2,263130.3,204834.61,193,111,,,,
108,0,701012.25,267441.56,206317.64,114,117,,,,
109,0,701061.0,266780.28,204623.33,136,115,,,,
110,6,701044.0,264532.06,207187.89,64,127,,,,
111,0,701277.1,263044.25,204905.66,156,121,,,,
112,0,701007.25,263578.8,205896.31,102,126,,,,
113,0,701202.3,267219.53,206487.8,72,118,,,,
114,0,701543.6,266820.2,206402.58,117,118,,,,
115,0,701106.0,266840.8,204594.2,122,119,,,,
116,0,701521.0,266818.34,206321.78,150,114,1.0,,,
117,0,701114.56,267330.38,206372.17,73,113,,,,
118,5,701337.3,267021.66,206529.2,193,144,1.0,,,
119,0,701204.7,266910.7,204467.62,103,125,,,,
120,6,701291.1,262065.78,205067.03,54,128,,,,
121,0,701417.06,263009.6,204929.19,146,158,,,,
122,0,701649.2,262736.6,205142.27,98,158,,,,
123,0,701797.56,263408.6,204913.8,254,158,1.0,1.0,1.0,1.0
124,5,701817.44,263371.28,205585.62,218,158,1.0,,,
125,0,701334.3,266797.88,204369.34,60,134,,,,
126,0,701154.7,263554.5,205813.02,97,139,,,,
127,0,701157.0,264523.3,207171.17,106,141,,,,
128,0,701355.1,262182.34,205044.16,83,135,,,,
129,0,701547.5,267130.62,205724.19,96,130,,,,
130,0,701593.1,267069.1,205944.39,101,116,,,,
131,0,701557.8,267246.62,205391.75,82,136,,,,
132,0,701594.0,267295.84,205201.2,149,131,,,,
133,0,701594.7,267359.75,204978.16,139,132,,,,
134,0,701392.3,266767.5,204380.84,67,145,,,,
135,0,701404.0,262275.56,205001.08,82,142,,,,
136,0,701548.4,267195.97,205565.61,91,129,,,,
137,0,701525.44,267375.44,204812.78,133,133,,,,
138,6,701412.2,267397.22,204692.58,56,137,,,,
139,0,701297.4,263540.88,205693.31,94,149,,,,
140,6,701408.1,263405.47,204719.67,120,147,,,,
141,0,701276.1,264464.62,207216.22,98,160,,,,
142,0,701493.8,262410.44,205023.48,73,161,,,,
143,6,701486.56,265635.34,205757.47,0,151,,,,
144,0,701322.06,266990.25,206618.03,116,150,1.0,,,
145,0,701445.44,266733.28,204363.25,64,162,1.0,,,
146,6,701743.9,262927.16,206186.0,0,159,,,,
147,0,701449.3,263366.88,204856.72,175,153,,,,
148,0,701797.3,263171.3,206099.66,100,155,,,,
149,0,701474.06,263479.53,205637.34,97,156,,,,
150,0,701370.25,266959.3,206723.81,100,165,,,,
151,0,701549.4,265606.78,205664.95,100,152,,,,
152,0,701707.2,265513.62,205549.02,153,163,,,,
153,0,701657.9,263439.5,204887.5,231,123,,,,
154,6,701572.56,262647.2,205221.9,98,122,,,,
155,0,701881.9,263205.0,205944.16,104,124,1.0,,,
156,0,701651.56,263450.28,205580.23,175,124,,,,
157,6,701997.44,263218.9,204996.34,0,168,,,,
158,5,701864.6,263336.22,205102.64,431,168,0.2434210526315789,0.6392501027960527,0.6392501027960527,0.2434210526315789
159,0,701744.9,263036.2,206148.44,115,148,,,,
160,0,701483.25,264522.25,207300.64,118,174,,,,
161,0,701587.0,262438.66,204923.61,59,171,,,,
162,0,701570.06,266632.38,204321.06,111,167,,,,
163,0,701850.25,265374.1,205570.88,180,164,1.0,,,
164,0,701851.06,265238.62,205611.95,148,166,1.0,,,
165,0,701714.44,266789.97,206888.69,124,173,1.0,,,
166,0,701956.7,265095.38,205636.19,97,170,,,,
167,0,701734.75,266508.75,204276.72,80,176,,,,
168,5,702078.06,263341.34,205108.77,476,185,0.1897734798904141,0.6896899800440404,0.6896899800440404,0.1897734798904141
169,0,702285.3,263106.3,204931.94,303,185,,,,
170,0,701978.75,264903.03,205691.6,88,172,,,,
171,0,701703.3,262387.8,204848.83,78,190,,,,
172,0,702017.0,264746.22,205665.75,123,178,0.5285954792089683,0.4124789556921526,0.4124789556921526,1.0
173,0,701838.6,266787.5,206859.8,105,210,,,,
174,0,701693.3,264653.75,207238.81,113,191,,,,
175,0,702151.9,264302.22,205934.62,111,181,,,,
176,0,701948.9,266498.0,204307.3,88,182,,,,
177,0,702107.25,264472.9,205786.19,90,175,,,,
178,0,702086.06,264590.66,205690.19,97,177,,,,
179,6,702093.7,269621.5,202436.23,87,183,,,,
180,6,702049.2,268030.75,204096.38,0,192,,,,
181,0,702148.75,264192.34,206048.56,76,196,,,,
182,0,702042.7,266427.0,204367.12,89,194,,,,
183,0,702134.06,269529.2,202416.48,68,199,,,,
184,0,702494.6,263035.9,204965.83,272,169,,,,
185,5,702275.6,263391.28,205097.08,455,231,0.1240490161305825,0.7168712137194345,0.7168712137194345,0.1240490161305825
186,0,703123.6,263981.78,205102.53,63,231,,,,
187,0,702487.6,263837.97,205655.7,65,231,,,,
188,0,702639.75,262843.1,204981.39,209,184,,,,
189,6,702059.2,259925.69,205853.39,54,206,,,,
190,0,701898.6,262329.06,204851.34,131,212,,,,
191,0,701894.56,264724.28,207241.1,137,213,,,,
192,0,702110.5,267978.84,204120.16,118,207,,,,
193,0,702663.7,265647.3,203519.8,124,202,,,,
194,0,702148.6,266335.25,204475.2,96,198,,,,
195,0,702370.44,266183.8,204617.53,75,205,,,,
196,0,702148.0,264012.06,206079.97,102,200,0.2783121635129677,0.6540296018163729,0.6540296018163729,1.0
197,0,702656.75,263405.16,206198.62,60,201,,,,
198,0,702250.0,266245.38,204564.67,62,195,,,,
199,0,702183.3,269418.4,202480.73,99,208,,,,
200,0,702232.2,263867.5,206088.3,105,203,0.0999999999999998,0.8343750000000001,0.8343750000000001,1.0
201,0,702534.75,263574.47,206102.58,95,203,,,,
202,0,702530.5,265572.5,203614.42,120,220,,,,
203,5,702386.25,263721.0,206054.98,153,214,-0.0497813183356476,0.9882706942144184,0.9882706942144184,1.0
204,0,702573.0,265442.47,205050.12,108,216,,,,
205,0,702388.7,266043.9,204693.42,71,221,,,,
206,0,702143.4,259919.67,205691.05,71,217,,,,
207,0,702203.3,267919.2,204224.28,59,281,,,,
208,0,702267.9,269263.03,202477.25,96,211,,,,
209,0,702761.25,267253.97,206256.05,85,226,,,,
210,0,701986.25,266786.12,206821.78,93,227,,,,
211,0,702398.94,269078.3,202566.69,102,229,,,,
212,0,702092.3,262319.8,204858.14,93,228,,,,
213,0,702117.0,264818.16,207243.9,118,241,,,,
214,0,702399.75,263767.28,205902.31,137,230,,,,
215,0,702597.7,262499.9,204953.44,68,188,,,,
216,0,702567.8,265310.88,205112.16,73,234,,,,
217,0,702292.06,259928.84,205553.25,97,225,,,,
218,0,702821.8,265709.22,203465.9,119,193,,,,
219,0,702735.9,263348.38,206291.6,68,197,,,,
220,0,702366.4,265509.03,203847.52,116,240,,,,
221,0,702385.44,265939.9,204775.31,83,222,,,,
222,0,702428.4,265843.94,204854.97,78,224,,,,
223,0,702553.1,265563.62,204981.58,95,204,,,,
224,0,702538.6,265670.16,204877.45,91,223,,,,
225,0,702450.0,259937.53,205447.44,74,239,,,,
226,0,702751.5,267100.56,206410.78,94,247,,,,
227,0,702112.44,266801.5,206817.61,74,247,,,,
228,0,702301.5,262348.0,204850.69,80,235,,,,
229,0,702462.8,268967.1,202643.94,97,242,,,,
230,0,702417.2,263808.22,205735.38,70,187,-0.1481983169296148,1.035172545106856,1.035172545106856,1.0
231,5,702600.06,263634.53,205342.17,375,245,0.1141568349400118,0.7309693444361678,0.7309693444361678,0.1141568349400118
232,0,703376.4,264031.03,205087.73,132,186,,,,
233,6,702606.25,271994.34,201987.2,0,237,,,,
234,0,702421.44,265072.12,205185.88,153,251,1.0,,,
235,0,702468.25,262408.38,204891.08,105,215,,,,
236,6,702776.75,263311.22,206375.66,44,219,,,,
237,0,702600.25,271899.7,202073.81,102,249,,,,
238,0,702923.3,265785.03,203333.64,152,218,,,,
239,0,702526.7,260001.77,205343.03,54,263,1.0,,,
240,0,702407.75,265404.7,203980.73,95,244,,,,
241,0,702323.3,264874.3,207174.84,111,253,,,,
242,0,702467.56,268819.75,202766.62,84,258,,,,
243,6,702443.75,273979.6,222794.38,127,259,,,,
244,0,702537.1,265318.34,203995.4,98,252,,,,
245,0,702735.06,263535.62,205324.22,345,270,,,,
246,0,702772.7,263411.03,204562.78,99,270,,,,
247,5,702464.44,266897.75,206711.05,237,257,1.0,,,
248,0,702801.44,267307.34,206150.66,86,209,,,,
249,0,702612.8,271803.66,202215.03,92,254,,,,
250,6,702775.25,267393.16,206015.34,92,248,,,,
251,0,702500.06,264954.56,205223.38,115,262,,,,
252,0,702676.75,265183.03,204045.77,78,260,1.0,,,
253,0,702479.1,264956.5,207158.55,119,272,,,,
254,0,702662.0,271693.47,202258.73,70,275,,,,
255,0,703071.3,265879.25,203324.17,157,238,,,,
256,0,702999.06,270063.44,203317.6,103,299,,,,
257,0,702597.2,266848.5,206772.3,198,280,1.0,,,
258,0,702599.3,268670.28,202810.97,64,294,,,,
259,0,702593.94,273919.62,222842.44,147,301,,,,
260,0,702730.44,264983.78,204156.17,122,279,,,,
261,0,703022.25,270150.2,203218.5,139,256,1.0,,,
262,0,702615.7,264876.1,205194.12,140,297,,,,
263,0,702575.44,260045.53,205288.4,75,267,,,,
264,6,702842.3,259357.08,207002.66,77,285,,,,
265,0,703342.56,266776.56,204561.89,63,276,,,,
266,0,702999.6,267351.44,204551.4,259,276,,,,
267,0,702667.25,260076.45,205212.03,89,289,,,,
268,0,703200.06,266031.4,203206.0,144,255,,,,
269,6,702544.4,263437.0,204574.77,0,246,,,,
270,5,702928.3,263456.34,205066.4,392,317,0.0852637406102104,0.7523340970486959,0.7523340970486959,0.0852637406102104
271,5,702985.06,267895.88,204237.92,248,296,1.0,,,
272,0,702687.0,265095.75,207112.78,117,326,,,,
273,5,703048.25,267480.22,204512.8,267,266,1.0,,,
274,0,703329.4,266761.7,204506.23,87,265,,,,
275,0,702757.75,271568.5,202300.55,106,306,,,,
276,5,702944.25,267191.03,204668.53,302,283,1.0,,,
277,0,702458.6,267760.97,204300.55,70,271,,,,
278,0,703162.25,268041.47,204149.84,142,271,,,,
279,0,702782.06,264861.47,204216.58,169,320,,,,
280,0,702750.5,266827.75,206805.69,205,284,,,,
281,0,702353.0,267800.94,204265.36,67,277,,,,
282,0,703335.75,268168.94,204085.5,167,278,,,,
283,0,702922.3,267113.22,204703.56,213,302,1.0,,,
284,0,702864.0,266772.44,206786.44,168,303,1.0,,,
285,0,702854.0,259292.9,206958.95,121,291,,,,
286,0,703111.25,270212.97,203154.12,154,261,,,,
287,0,702929.1,267682.28,204466.03,210,273,,,,
288,0,703477.2,267482.12,204498.5,129,273,,,,
289,0,702905.6,260260.17,205367.44,212,311,1.0,,,
290,0,703044.44,270367.03,203056.19,76,286,,,,
291,0,702907.44,259149.75,206850.4,89,307,,,,
292,0,703073.5,270465.5,202828.11,125,309,,,,
293,0,703082.6,271143.5,202319.17,66,341,,,,
294,0,702711.56,268547.53,202896.0,107,329,,,,
295,6,703757.6,267652.5,204513.12,56,288,,,,
296,0,702969.44,267801.03,204331.02,218,287,,,,
297,0,702772.4,264771.03,205187.45,102,325,,,,
298,0,703213.06,270546.66,202690.19,145,292,,,,
299,0,702893.8,269948.62,203366.81,99,316,,,,
300,0,703378.9,269919.25,204217.02,165,315,,,,
301,0,702725.25,273863.7,222870.39,215,334,,,,
302,0,702951.1,267030.72,204789.16,175,312,,,,
303,0,702983.4,266727.16,206844.77,170,314,,,,
304,0,703284.06,266142.56,203117.05,204,268,1.0,,,
305,5,703258.44,270528.78,202621.69,200,298,1.0,,,
306,0,702819.3,271442.78,202370.92,103,308,,,,
307,0,702991.4,259020.05,206783.03,90,333,,,,
308,0,702948.0,271296.44,202332.8,75,293,,,,
309,0,703050.9,270449.62,202955.17,69,290,,,,
310,6,702894.2,263136.8,206392.38,48,343,,,,
311,0,702923.06,260287.12,205283.81,190,324,,,,
312,0,702985.25,266829.88,204938.58,130,323,,,,
313,0,703527.56,264051.12,205132.73,145,232,,,,
314,0,702986.25,266557.94,206871.28,279,346,,,,
315,0,703239.75,269871.5,204039.27,157,327,,,,
316,0,702837.9,269851.4,203501.88,120,327,,,,
317,0,703142.2,263400.88,205038.67,374,319,,,,
318,0,703194.0,269499.4,203808.47,93,338,,,,
319,0,703145.3,263236.97,205088.33,363,337,,,,
320,0,702893.0,264786.88,204196.27,207,339,,,,
321,0,703450.0,268338.38,203992.36,122,282,,,,
322,0,703136.8,269665.03,203853.58,147,318,1.0,,,
323,0,703063.7,266759.3,204910.67,139,344,,,,
324,0,703003.0,260340.98,205211.48,167,332,,,,
325,0,702900.2,264669.3,205138.22,92,367,,,,
326,0,702805.5,265201.34,207101.95,67,356,,,,
327,5,703056.8,269775.2,203854.77,213,322,1.0,,,
328,0,703377.56,266266.56,203085.84,270,304,1.0,,,
329,0,702868.75,268421.5,202899.58,119,357,,,,
330,0,703526.5,270467.62,202690.52,105,305,,,,
331,0,703045.4,270813.0,202449.7,112,305,1.0,,,
332,0,703115.56,260449.8,205145.39,131,340,1.0,,,
333,0,703031.7,258910.25,206725.9,71,355,,,,
334,0,702892.5,273855.34,222907.72,280,364,,,,
335,5,703512.4,269995.66,204252.55,184,300,1.0,,,
336,0,702991.4,262829.72,205425.4,96,350,,,,
337,0,703244.44,263058.34,205066.62,354,350,,,,
338,0,703162.75,269360.72,203873.39,55,394,,,,
339,0,702977.7,264679.84,204170.73,167,352,1.0,,,
340,0,703176.94,260555.45,205163.9,92,358,,,,
341,0,703088.5,270911.44,202351.52,99,331,,,,
342,0,703786.6,270625.75,202714.1,108,330,,,,
343,0,702996.25,263166.75,206329.58,81,363,,,,
344,0,703116.9,266675.7,204933.83,177,411,,,,
345,0,703520.25,266312.97,203038.05,236,328,,,,
346,0,703064.9,266405.84,206926.4,321,353,,,,
347,0,703408.6,270386.44,204763.0,76,381,,,,
348,0,703496.94,268472.7,203942.56,149,321,,,,
349,6,702911.56,262849.3,205433.08,0,336,,,,
350,5,703337.2,262939.9,205214.88,315,366,0.0412937639407868,0.7685495320706439,0.7685495320706439,0.0412937639407868
351,6,703375.94,266767.8,204480.1,21,274,,,,
352,0,703149.25,264636.97,204166.78,150,376,,,,
353,0,703133.2,266228.66,206927.23,323,427,,,,
354,0,703417.5,270486.12,204853.22,93,347,,,,
355,0,703085.4,258825.84,206573.66,70,370,,,,
356,0,702940.4,265230.7,207058.83,68,393,,,,
357,0,703047.3,268285.12,202903.33,119,375,,,,
358,0,703217.94,260723.08,205096.6,94,371,,,,
359,0,703467.44,264349.62,205086.48,108,313,,,,
360,5,703667.75,266369.62,203060.03,231,345,1.0,,,
361,0,703795.3,269937.2,204142.95,114,335,,,,
362,0,703319.1,270178.72,204564.5,83,335,,,,
363,0,703114.9,263205.12,206257.73,72,400,,,,
364,0,703061.6,273865.8,223058.6,196,390,,,,
365,6,703412.0,270512.66,204946.48,88,354,,,,
366,0,703416.25,262827.5,205288.14,277,379,0.0137764215898769,0.7828468257858109,0.7828468257858109,0.0137764215898769
367,0,703048.75,264560.3,205079.03,69,372,,,,
368,6,703458.1,264741.38,205162.81,95,373,,,,
369,5,703539.2,268579.5,203944.9,146,348,1.0,,,
370,0,703229.4,258740.06,206496.12,104,421,,,,
371,0,703256.2,260819.1,205114.11,90,397,1.0,,,
372,0,703179.6,264462.9,205071.45,63,386,,,,
373,0,703482.25,264631.88,205198.52,129,386,,,,
374,6,703673.75,272201.5,201813.64,73,389,,,,
375,0,703210.06,268140.38,202900.97,127,380,,,,
376,0,703252.75,264416.0,203929.83,296,396,1.0,,,
377,0,703585.9,268650.6,203695.62,77,369,,,,
378,0,703568.75,268685.66,204063.75,165,369,,,,
379,0,703501.56,262701.4,205210.7,211,402,,,,
380,0,703372.06,268022.4,202868.97,125,398,,,,
381,0,703355.94,270287.12,204721.39,68,362,,,,
382,0,704000.3,269965.8,204073.03,45,361,,,,
383,0,703634.8,266733.94,202905.78,100,360,,,,
384,0,703745.06,266135.4,203417.58,118,360,,,,
385,0,704016.6,270687.06,202662.5,92,342,,,,
386,5,703432.2,264443.03,205130.14,148,359,1.0,,,
387,5,703577.75,268813.75,204081.1,272,378,1.0,,,
388,6,703613.0,268751.12,203610.75,46,377,,,,
389,0,703532.94,272131.66,201853.83,108,406,,,,
390,0,703234.7,273757.78,223115.44,197,417,,,,
391,0,703250.75,269127.47,204042.23,101,387,,,,
392,0,703944.9,268663.38,204134.88,49,387,,,,
393,0,703190.75,265276.44,207067.16,141,428,,,,
394,0,703142.44,269244.5,203939.7,81,391,,,,
395,0,704203.25,268682.8,204191.2,115,392,,,,
396,0,703344.6,264390.1,204001.08,352,412,0.744449374000024,0.2495611582031015,0.2495611582031015,1.0
397,0,703373.5,260872.12,205205.25,74,407,,,,
398,0,703485.4,267889.06,202838.83,102,409,,,,
399,0,703709.94,266790.6,202832.5,75,403,,,,
400,0,703259.2,263148.25,206216.92,61,405,,,,
401,0,703732.8,266900.28,202723.45,145,399,,,,
402,0,703661.1,262543.5,205035.97,210,443,,,,
403,0,703657.6,266775.12,202899.9,118,383,,,,
404,0,703766.75,266034.03,203555.62,108,384,,,,
405,0,703392.3,263037.38,206169.28,99,432,,,,
406,0,703480.06,271994.44,201966.53,68,436,,,,
407,0,703460.4,260903.38,205261.84,69,433,,,,
408,0,703744.9,267144.56,202862.08,74,401,,,,
409,0,703509.56,267780.44,202826.9,96,413,,,,
410,0,704114.9,266315.78,204466.22,95,415,,,,
411,0,703163.56,266541.6,205008.62,183,416,1.0,,,
412,0,703494.2,264222.44,203985.67,377,422,0.6752404735808355,0.3190508628688276,0.3190508628688276,0.6752404735808355
413,0,703629.1,267599.12,202808.9,75,418,,,,
414,0,703731.3,267305.97,202840.05,69,408,,,,
415,0,703999.75,266311.84,204683.47,90,440,,,,
416,0,703281.8,266433.84,205065.53,161,440,,,,
417,0,703405.8,273590.66,223151.67,246,441,1.0,,,
418,0,703719.94,267430.84,202835.69,100,414,,,,
419,6,703808.6,265951.2,203560.56,0,404,,,,
420,0,704229.44,257991.89,206888.75,91,424,,,,
421,0,703364.75,258605.98,206445.0,120,425,1.0,,,
422,0,703616.7,264139.34,204040.47,378,437,,,,
423,0,704094.0,270810.2,202618.16,104,385,,,,
424,0,703989.0,258011.56,206772.69,153,439,,,,
425,0,703452.0,258482.38,206411.14,103,439,,,,
426,0,704068.7,269931.7,204009.28,82,382,,,,
427,0,703303.8,266137.5,206930.33,284,452,,,,
428,0,703368.0,265363.9,206953.12,118,451,,,,
429,6,703494.75,265886.22,206098.11,99,450,,,,
430,0,703739.0,266196.6,205127.11,256,453,,,,
431,0,704246.94,263412.2,205695.27,122,434,,,,
432,0,703635.06,263143.12,206135.45,212,435,,,,
433,0,703616.7,260953.16,205277.67,84,526,,,,
434,0,704124.8,263363.56,205761.78,125,438,,,,
435,0,703670.9,263009.8,206066.36,223,438,1.0,,,
436,0,703553.0,271862.66,202039.27,70,445,,,,
437,0,703724.2,264039.0,204192.4,439,449,0.636303516273346,0.3587240708632035,0.3587240708632035,0.636303516273346
438,5,703826.94,263058.66,205922.42,259,456,1.0,,,
439,5,703762.9,258162.75,206512.47,216,473,1.0,,,
440,5,703720.25,266276.7,204997.69,255,430,1.0,,,
441,0,703559.94,273457.1,222630.38,462,457,1.0,0.5625,0.5625,1.0
442,6,703702.94,265617.12,206690.66,189,458,,,,
443,0,703923.6,262349.72,204987.0,259,468,,,,
444,0,704403.4,268718.6,204280.98,77,395,,,,
445,0,703672.75,271706.34,202066.97,117,454,,,,
446,6,704320.44,258122.1,206891.9,50,420,,,,
447,0,704205.44,266310.16,204365.48,107,410,,,,
448,6,704166.4,269867.8,204014.34,65,426,,,,
449,0,703785.9,263727.62,204165.56,484,469,0.5509268804897507,0.4441394548671924,0.4441394548671924,0.5509268804897507
450,0,703576.75,265906.06,206103.48,174,475,,,,
451,0,703572.4,265675.34,206711.53,250,475,,,,
452,0,703353.44,266023.72,206873.86,212,475,,,,
453,0,703902.9,266128.8,205387.44,316,475,,,,
454,0,703842.25,271522.7,202064.67,101,460,,,,
455,0,704062.3,270988.97,202496.52,129,423,1.0,,,
456,0,703835.0,263004.2,205826.4,198,466,,,,
457,0,703739.06,273523.2,222489.22,539,470,1.0,0.7660323462854264,0.7660323462854264,0.0571909584179366
458,0,703929.56,265564.9,206649.81,205,478,,,,
459,0,704010.94,271242.38,202233.02,89,462,,,,
460,0,703945.1,271387.5,202138.45,90,459,,,,
461,6,704017.44,266251.97,203281.3,103,464,,,,
462,0,704070.4,271127.7,202322.84,83,455,,,,
463,0,704282.7,266354.4,204232.5,111,447,,,,
464,0,704049.06,266311.56,203335.25,86,471,,,,
465,0,704404.25,263287.34,205602.97,70,431,,,,
466,0,703886.94,262938.0,205750.25,151,484,,,,
467,0,703867.1,261839.94,204375.33,99,481,,,,
468,0,704132.8,262188.47,205010.56,286,481,,,,
469,0,703856.25,263680.72,204173.05,419,472,,,,
470,0,703920.75,273591.78,222426.14,557,486,0.2345344553802568,0.6538351526960307,0.6538351526960307,0.2345344553802568
471,0,704078.3,266372.06,203477.77,70,480,,,,
472,0,704002.06,263684.5,204177.33,362,489,,,,
473,0,703789.3,258233.48,206351.75,171,501,,,,
474,0,704336.56,257668.08,206342.42,111,500,,,,
475,5,703805.1,265994.16,205860.86,559,488,1.0,,,
476,0,704514.3,268792.28,204385.22,105,444,,,,
477,0,704264.44,266393.06,204058.36,94,463,,,,
478,0,703923.5,265436.9,206631.56,167,514,,,,
479,6,704501.06,263202.62,205468.62,81,465,,,,
480,0,704118.0,266357.62,203581.23,84,485,,,,
481,5,704251.06,261978.17,204780.25,373,521,-0.0130065534430865,0.8050081971467115,0.8050081971467115,-0.0130065534430865
482,0,704668.1,262590.9,204567.28,175,521,,,,
483,6,703749.06,261921.03,204307.17,0,467,,,,
484,0,704029.25,262867.38,205646.81,108,504,,,,
485,0,704169.1,266417.03,203677.11,101,487,,,,
486,0,704031.06,273556.3,222429.14,522,492,0.1514718625761428,0.749091246319499,0.749091246319499,0.1514718625761428
487,0,704249.4,266412.06,203871.33,107,477,,,,
488,0,704003.1,265906.3,205564.3,453,502,1.0,,,
489,0,704156.1,263557.88,204136.77,270,496,,,,
490,0,704398.3,257574.98,206409.33,129,474,,,,
491,0,704434.25,257490.83,206462.97,136,490,,,,
492,0,704158.7,273583.22,222412.64,498,522,0.0776690157842228,0.8329801701198737,0.8329801701198737,0.0776690157842228
493,6,704174.8,264222.28,206396.58,161,517,,,,
494,0,704461.3,256763.38,206630.8,130,498,,,,
495,6,704267.9,257049.88,206838.78,144,499,,,,
496,0,704183.06,263422.9,204129.6,205,509,,,,
497,0,704611.7,256655.08,206647.12,126,494,,,,
498,0,704359.8,256968.81,206629.03,113,512,,,,
499,0,704354.3,257091.84,206837.2,81,512,,,,
500,0,704318.75,257811.8,206298.86,105,542,,,,
501,0,703892.0,258307.8,206289.06,137,542,,,,
502,0,704202.4,265812.4,205557.83,463,516,,,,
503,0,704439.7,257383.2,206554.22,146,491,,,,
504,0,704128.25,262839.94,205599.38,107,507,,,,
505,0,704657.9,263065.75,205203.61,113,508,,,,
506,0,704662.25,268885.22,204397.22,142,476,,,,
507,0,704255.9,262827.3,205515.33,106,523,,,,
508,0,704547.1,262915.12,205222.92,86,523,,,,
509,0,704308.06,263210.0,204181.77,189,510,0.475136118918522,0.5200970509114997,0.5200970509114997,0.475136118918522
510,0,704351.0,263108.0,204287.14,148,527,0.40663389603607,0.5888028636624495,0.5888028636624495,0.40663389603607
511,0,704389.4,257270.73,206620.9,137,503,,,,
512,5,704350.4,257127.06,206680.06,100,511,1.0,,,
513,0,704464.94,265487.9,205703.02,329,531,,,,
514,0,704035.8,265201.3,206578.3,194,530,,,,
515,0,704724.0,256551.62,206744.11,175,497,,,,
516,0,704284.0,265688.16,205604.22,455,518,,,,
517,0,704241.3,264309.2,206361.03,142,535,,,,
518,0,704390.44,265592.94,205642.06,426,513,,,,
519,0,704518.7,262753.5,204475.14,144,482,,,,
520,0,703828.25,261028.06,205133.05,108,525,1.0,,,
521,5,704498.3,261988.16,204635.06,450,525,0.1033835550863881,0.7463742202682414,0.7463742202682414,0.1033835550863881
522,0,704282.2,273480.7,222344.72,460,537,0.010256681389213,0.908553437005996,0.908553437005996,0.010256681389213
523,5,704403.1,262784.34,205372.77,163,533,1.0,,,
524,0,704709.75,269033.1,204397.58,138,506,,,,
525,5,704515.06,261764.83,204742.25,511,529,0.1414964753206935,0.7112927144251794,0.7112927144251794,0.1414964753206935
526,0,703692.25,260963.02,205237.28,63,520,,,,
527,0,704430.5,262907.88,204247.53,178,540,0.404032287122113,0.59200803621413,0.59200803621413,0.404032287122113
528,6,704595.75,263169.28,205275.94,0,505,,,,
529,0,704557.1,261597.62,204793.64,429,547,,,,
530,0,704217.0,264921.38,206598.58,235,532,,,,
531,0,704491.6,265365.5,205860.78,310,532,,,,
532,5,704447.25,265098.84,206225.38,406,541,0.8861111111111111,0.086216636940285,0.086216636940285,1.0
533,0,704428.1,262647.38,205376.64,122,544,,,,
534,6,704822.25,256507.78,206825.69,109,515,,,,
535,0,704348.4,264332.88,206289.08,104,558,,,,
536,6,704498.44,266104.72,202842.36,65,538,,,,
537,0,704344.8,273401.62,222423.95,346,554,-0.0523411400301709,0.9777611596820506,0.9777611596820506,-0.0523411400301709
538,0,704583.9,266039.06,202768.05,102,555,,,,
539,6,704829.8,269036.62,204415.3,72,524,,,,
540,0,704432.6,262838.47,204408.92,158,519,,,,
541,0,704563.75,265085.7,206157.44,340,557,,,,
542,5,704194.75,258143.12,206280.1,217,545,1.0,,,
543,6,705125.0,258079.72,206581.39,105,546,,,,
544,0,704513.44,262473.56,205426.52,111,559,,,,
545,0,704389.9,258141.25,206258.47,243,552,,,,
546,0,705231.8,258193.02,206571.69,200,552,,,,
547,0,704739.7,261518.38,204774.31,366,563,,,,
548,0,704806.6,259098.2,206164.94,204,562,,,,
549,0,704952.6,260024.56,206584.7,69,561,,,,
550,0,704788.56,258943.28,206238.84,243,548,,,,
551,0,704736.7,258469.56,206343.33,325,553,,,,
552,5,704700.7,258265.53,206346.2,366,551,1.0,,,
553,0,704780.25,258612.0,206289.17,286,556,,,,
554,0,704505.6,273285.16,222456.4,288,568,,,,
555,0,704618.0,266024.7,202670.53,103,565,,,,
556,0,704762.25,258764.36,206255.47,246,550,,,,
557,0,704596.9,264923.28,206116.3,251,581,,,,
558,0,704481.2,264316.3,206259.05,69,580,,,,
559,0,704603.75,262254.9,205427.78,126,569,,,,
560,0,705038.25,260122.05,206631.88,83,549,,,,
561,0,704852.94,259887.8,206474.8,83,564,,,,
562,0,704759.6,259349.95,206185.02,261,564,,,,
563,0,704880.94,261438.64,204839.4,313,567,0.1286829898777188,0.7223035980320125,0.7223035980320125,0.1286829898777188
564,5,704755.1,259575.95,206207.92,249,570,1.0,,,
565,0,704656.8,265917.16,202561.98,71,571,,,,
566,6,705099.7,260245.77,206740.75,58,560,,,,
567,0,704984.75,261289.53,204822.5,254,578,,,,
568,0,704636.75,273244.2,222455.86,241,586,,,,
569,0,704707.06,262105.14,205427.92,106,590,1.0,,,
570,0,704863.1,259617.92,206116.72,189,572,,,,
571,0,704800.5,265802.62,202350.17,170,584,,,,
572,0,704926.2,259668.28,205993.27,152,576,,,,
573,0,705229.06,264286.94,202900.3,117,574,,,,
574,0,705165.7,264391.0,202745.42,87,575,,,,
575,0,705121.3,264543.88,202624.38,83,582,,,,
576,0,705049.2,259697.9,205861.19,121,585,,,,
577,6,705205.0,264228.8,202857.5,0,573,,,,
578,0,705171.2,261182.84,204839.11,263,595,,,,
579,0,705342.7,264611.72,206444.0,83,599,,,,
580,0,704612.25,264314.25,206193.56,74,600,,,,
581,0,704697.7,264830.75,206117.66,205,600,,,,
582,0,705149.25,264744.03,202580.88,49,587,,,,
583,0,705184.7,265003.53,202458.1,106,588,,,,
584,0,704937.2,265699.2,202272.31,183,589,,,,
585,0,705105.7,259794.47,205748.0,104,591,,,,
586,0,704788.75,273260.4,222527.75,235,603,,,,
587,0,705155.6,264858.75,202440.97,86,583,,,,
588,0,705217.3,265162.16,202516.33,103,593,,,,
589,0,705049.9,265677.53,202281.1,100,593,1.0,,,
590,0,704827.0,261936.44,205398.84,140,602,,,,
591,0,705159.06,259888.56,205622.56,84,596,,,,
592,6,705179.4,276485.75,221759.88,109,631,,,,
593,5,705193.3,265449.9,202431.58,160,615,1.0,,,
594,0,705670.2,274179.2,219501.02,141,601,,,,
595,0,705321.75,261070.75,204816.05,254,613,,,,
596,0,705198.9,259957.08,205541.47,80,604,,,,
597,0,705442.9,260179.66,204937.97,55,605,,,,
598,0,705447.7,260865.02,204426.45,62,609,,,,
599,0,705398.4,264625.84,206284.33,80,622,,,,
600,5,704825.3,264592.53,206089.47,237,622,0.7783783783783784,0.1535323890479835,0.1535323890479835,1.0
601,0,705500.25,274204.6,219549.06,102,662,,,,
602,0,705038.2,261853.6,205315.06,152,624,1.0,,,
603,0,705035.1,273293.5,222556.69,231,642,,,,
604,0,705280.2,260091.31,205420.03,121,628,,,,
605,0,705451.4,260272.62,205099.53,69,628,,,,
606,0,705353.6,260592.22,204567.98,84,618,,,,
607,6,705320.5,264519.44,206470.0,0,579,,,,
608,0,705520.5,260994.86,204383.33,55,598,,,,
609,0,705405.6,260761.6,204486.88,62,606,,,,
610,6,705333.1,263533.25,206645.66,60,676,,,,
611,0,705548.3,274339.62,219968.2,532,623,,,,
612,5,705819.56,274332.2,219909.89,225,623,1.0,,,
613,0,705419.8,260957.56,204970.89,291,627,,,,
614,0,705394.6,260370.9,205357.66,123,627,,,,
615,0,705239.2,265493.22,202529.22,114,626,,,,
616,6,705470.1,261393.14,205945.86,27,634,,,,
617,0,705382.1,261556.12,205337.25,117,633,,,,
618,0,705411.56,260451.38,204574.56,109,619,,,,
619,0,705394.6,260319.62,204676.06,118,621,,,,
620,6,705552.1,261142.84,204353.4,77,608,,,,
621,0,705433.44,260225.9,204790.45,103,597,,,,
622,5,705184.06,264485.7,206154.38,263,643,0.6743152327648265,0.2388129397137434,0.2388129397137434,1.0
623,5,705554.4,274369.6,220081.12,426,644,1.0,,,
624,0,705255.44,261691.86,205285.72,166,617,,,,
625,6,705764.9,274153.44,219402.45,44,594,,,,
626,0,705302.8,265497.25,202579.81,42,647,,,,
627,5,705509.75,260812.97,205153.6,344,651,0.1345712379700103,0.719721497109503,0.719721497109503,0.1345712379700103
628,5,705344.44,260231.25,205300.03,166,614,1.0,,,
629,0,705758.1,273942.7,219956.53,141,632,,,,
630,5,705784.5,273862.28,219759.84,434,632,,,,
631,0,705234.25,276375.47,221846.36,166,655,,,,
632,5,705556.56,274085.97,220140.34,188,667,,,,
633,0,705492.06,261453.16,205387.14,83,648,,,,
634,0,705312.7,261175.7,205806.62,167,648,,,,
635,0,705641.2,274108.06,219893.02,631,636,,,,
636,0,705649.4,274247.5,219901.55,590,611,,,,
637,0,705540.25,274300.25,220156.33,74,612,,,,
638,0,705580.25,274419.2,219759.98,145,612,,,,
639,6,705889.0,273898.97,219855.28,99,629,,,,
640,0,705558.25,273907.78,219509.89,167,630,,,,
641,0,705373.75,274035.12,219857.52,213,630,,,,
642,0,705209.2,273235.72,222535.4,203,657,,,,
643,0,705365.2,264386.8,206118.97,216,646,,,,
644,0,705419.3,274419.5,220241.67,323,649,,,,
645,6,705286.9,274395.38,219664.53,63,668,,,,
646,0,705457.06,264281.25,206078.19,191,670,,,,
647,0,705420.4,265575.03,202671.42,83,660,,,,
648,5,705424.06,261213.75,205633.22,223,659,1.0,,,
649,0,705492.0,274363.38,220481.89,305,666,1.0,,,
650,0,705905.44,260881.45,205936.16,181,689,,,,
651,0,705649.2,260783.11,205270.73,300,689,,,,
652,0,706241.1,260941.31,206291.23,84,689,,,,
653,6,704953.25,274100.78,219961.31,51,635,,,,
654,0,705660.6,276547.44,221155.58,118,664,,,,
655,0,705294.7,276243.2,221951.77,175,665,,,,
656,6,705447.06,276645.25,220856.22,0,658,,,,
657,0,705391.1,273120.56,222387.98,221,669,,,,
658,0,705551.75,276641.5,220894.3,56,654,,,,
659,0,705545.2,261139.36,205648.92,188,663,,,,
660,0,705501.25,265476.38,202701.31,103,671,1.0,,,
661,6,705609.2,273871.62,219471.56,0,640,,,,
662,0,705311.8,274232.4,219625.55,101,641,,,,
663,0,705640.5,261155.47,205708.03,122,672,1.0,,,
664,0,705723.4,276510.44,221352.1,173,678,1.0,,,
665,0,705536.94,276369.38,222085.38,337,678,1.0,,,
666,0,705562.75,274377.6,220677.47,300,679,,,,
667,0,705520.94,274203.66,220183.45,148,637,,,,
668,0,705364.06,274450.5,219696.66,89,638,,,,
669,0,705558.2,273019.66,222363.16,205,682,,,,
670,0,705559.3,264138.53,206062.02,183,677,,,,
671,0,705635.3,265396.3,202773.25,104,683,,,,
672,0,705734.94,261106.39,205839.83,122,691,,,,
673,0,705942.1,254536.73,206896.56,147,684,,,,
674,6,705810.44,262241.25,206082.08,60,681,,,,
675,6,705619.0,262333.94,207417.8,211,750,,,,
676,0,705350.7,263651.03,206531.42,74,687,,,,
677,0,705610.2,263835.38,206000.72,246,688,0.5766098025942744,0.3023980063409655,0.3023980063409655,1.0
678,5,705655.5,276210.62,222008.81,511,693,0.5669872981077807,0.3247595264191645,0.3247595264191645,1.0
679,0,705647.4,274403.44,220827.9,259,686,,,,
680,6,705919.9,254477.7,207021.17,117,673,,,,
681,0,705855.75,262395.0,206090.06,45,685,,,,
682,0,705694.3,273023.16,222386.14,196,698,,,,
683,0,705752.1,265296.7,202713.45,77,695,,,,
684,0,705942.25,254665.88,206841.8,125,696,,,,
685,0,705910.8,262497.28,206074.92,76,701,,,,
686,0,705817.06,274512.5,220948.56,255,697,,,,
687,0,705418.9,263743.88,206417.88,103,712,,,,
688,0,705839.6,263826.44,206104.48,269,712,,,,
689,5,706047.4,260857.61,205772.25,449,758,0.1844406454822208,0.6720341875395077,0.6720341875395077,0.1844406454822208
690,5,707239.25,261404.27,206512.4,342,758,0.5005687861969272,0.3770047111494516,0.3770047111494516,0.5005687861969272
691,0,705788.0,261021.14,205964.75,129,650,,,,
692,0,706291.25,261079.66,206380.38,89,652,,,,
693,0,705795.25,276162.97,222045.94,543,703,0.5050252531694166,0.3918550079075451,0.3918550079075451,0.5050252531694166
694,6,705834.7,276423.5,222144.33,100,702,,,,
695,0,705840.9,265208.06,202731.9,50,704,,,,
696,0,705910.0,254785.36,206775.78,82,705,,,,
697,0,705940.6,274581.56,221035.9,283,700,,,,
698,0,705833.5,273010.28,222403.22,154,714,,,,
699,6,705897.0,261084.47,206732.86,67,716,,,,
700,0,706018.2,274638.3,221112.88,248,728,,,,
701,0,705978.75,262667.53,206307.0,189,786,,,,
702,0,705921.25,276430.94,222003.6,157,719,,,,
703,0,705935.9,276144.84,222089.48,561,719,,,,
704,0,705984.4,265179.0,202751.47,74,723,,,,
705,0,706012.75,254867.72,206698.05,44,708,,,,
706,0,706378.25,257073.77,207026.8,86,721,,,,
707,0,706263.4,256665.92,207306.48,125,721,,,,
708,0,706091.56,254985.19,206605.84,75,724,,,,
709,0,706303.7,256529.17,207287.3,136,707,,,,
710,0,706458.44,257155.92,206963.2,65,706,,,,
711,0,706264.5,261149.58,206506.6,108,692,,,,
712,5,705931.0,263735.34,206188.3,331,713,0.4804951848618192,0.3829253628383489,0.3829253628383489,1.0
713,0,706031.4,263677.56,206306.95,329,729,,,,
714,0,705979.5,273009.7,222368.12,151,733,,,,
715,0,706455.4,256440.78,207168.64,101,709,,,,
716,0,705976.2,261144.38,206708.77,106,717,,,,
717,0,706122.25,261138.3,206676.06,135,711,1.0,,,
718,0,706626.6,258800.84,205292.97,66,722,,,,
719,5,706067.56,276137.22,221975.9,500,734,0.4226497308103742,0.481125224324688,0.481125224324688,0.4226497308103742
720,0,706481.1,256339.05,207108.81,115,715,,,,
721,5,706237.94,256899.38,207247.11,176,735,1.0,,,
722,0,706347.7,258726.83,205243.36,149,726,,,,
723,0,706084.6,265157.66,202795.88,90,737,1.0,,,
724,0,706203.7,255112.28,206524.02,105,732,,,,
725,6,706221.9,255419.17,205658.39,51,759,,,,
726,0,706296.8,258768.47,205178.47,158,731,,,,
727,0,706729.25,258758.48,205439.52,79,718,,,,
728,0,706092.8,274645.4,221209.22,193,752,,,,
729,0,706244.75,263553.6,206366.4,358,791,,,,
730,0,706485.8,257225.75,206793.44,72,710,1.0,,,
731,0,706311.56,258890.89,205166.44,82,751,,,,
732,0,706231.75,255252.52,206536.73,89,742,,,,
733,0,706107.94,272975.6,222439.23,122,782,,,,
734,0,706177.56,276012.25,221926.53,473,770,0.3611234350000601,0.5545803515624479,0.5545803515624479,0.3611234350000601
735,0,706230.3,256977.72,207314.97,126,747,,,,
736,0,706470.2,256202.1,207040.05,139,720,,,,
737,0,706182.0,265070.34,202855.92,77,771,,,,
738,0,706494.8,257278.53,206613.38,113,730,,,,
739,0,706530.7,258662.55,207021.02,189,769,1.0,,,
740,0,706707.75,258603.8,207448.0,113,769,,,,
741,0,706479.8,255920.86,206759.28,178,744,,,,
742,0,706327.1,255415.48,206545.1,108,743,,,,
743,0,706424.7,255559.11,206621.1,129,745,,,,
744,0,706483.56,256060.33,206900.36,214,736,,,,
745,0,706475.75,255698.25,206670.16,157,741,,,,
746,0,706572.25,257302.83,206515.64,126,738,,,,
747,0,706307.44,257104.31,207309.5,82,753,,,,
748,0,706688.94,257289.52,206385.42,117,746,,,,
749,5,706678.5,263039.66,206412.67,451,766,0.3112579699144129,0.5017747661478112,0.5017747661478112,1.0
750,0,705754.2,262295.28,207321.12,209,765,,,,
751,0,706339.4,259018.06,205047.67,55,823,,,,
752,0,706134.5,274682.62,221359.1,119,783,,,,
753,0,706436.06,257370.83,207142.12,185,762,,,,
754,0,706653.2,258315.11,207136.45,163,761,,,,
755,0,706569.25,258033.28,207194.86,184,761,,,,
756,0,707019.2,261501.62,206523.02,231,690,,,,
757,0,707631.9,261360.56,206744.95,167,690,,,,
758,5,706532.6,261061.6,205945.06,698,773,0.2572953936815835,0.5978625276996872,0.5978625276996872,0.2572953936815835
759,0,706255.9,255462.16,205598.44,50,793,,,,
760,0,706731.2,258516.39,207634.22,126,740,,,,
761,5,706560.5,258345.48,207114.95,227,739,1.0,,,
762,0,706492.2,257493.53,207109.25,171,772,,,,
763,0,706587.0,257925.39,207055.05,189,755,,,,
764,5,706943.7,258225.14,207211.69,210,754,1.0,,,
765,0,705922.6,262335.9,207242.2,187,778,1.0,,,
766,0,706681.0,262900.78,206490.45,404,778,,,,
767,0,706555.2,257763.69,207080.9,144,763,,,,
768,6,706779.8,257279.34,206304.81,74,748,,,,
769,5,706549.1,258742.8,207010.62,261,775,1.0,,,
770,0,706298.44,275980.34,221849.86,393,802,0.2983232507652354,0.625661768067665,0.625661768067665,0.2983232507652354
771,0,706317.3,264969.34,202932.86,80,781,,,,
772,0,706526.8,257621.92,207106.06,136,767,,,,
773,0,706621.44,261042.31,205896.64,631,806,,,,
774,6,706819.9,258690.97,205499.34,0,727,,,,
775,0,706458.56,258829.64,206765.36,162,789,,,,
776,6,706419.44,258270.23,205029.8,0,797,,,,
777,5,706851.56,257612.25,204383.58,224,796,1.0,,,
778,5,706500.56,262633.03,206656.22,433,792,0.4536097785899915,0.4083673335074884,0.4083673335074884,0.4536097785899915
779,0,707225.0,258002.62,207005.03,94,764,,,,
780,0,706935.75,258170.28,207214.7,124,764,,,,
781,0,706456.1,264851.25,202967.16,74,850,,,,
782,0,706252.9,272978.62,222467.72,124,811,,,,
783,0,706358.8,274684.75,221471.14,108,801,,,,
784,0,706372.4,263282.9,206465.66,397,788,,,,
785,0,707117.6,263266.7,205954.3,130,788,,,,
786,0,706014.5,262765.8,206354.77,151,787,,,,
787,0,706142.25,262875.03,206306.92,104,749,,,,
788,5,706693.4,263195.9,206392.31,474,749,0.3877091976359947,0.455306813953815,0.455306813953815,1.0
789,0,706574.2,259042.58,206680.28,110,800,,,,
790,6,707097.5,263213.62,205840.16,74,785,,,,
791,0,706245.44,263390.2,206379.9,380,784,,,,
792,0,706562.56,262510.56,206621.89,384,804,,,,
793,0,706330.44,255578.95,205549.0,52,821,,,,
794,6,706883.4,258436.61,207725.75,83,760,,,,
795,6,706605.94,266887.0,205710.5,110,808,,,,
796,0,706867.2,257674.5,204486.33,227,805,,,,
797,0,706412.4,258119.1,204969.84,93,805,,,,
798,0,706780.56,257362.98,204089.1,176,815,,,,
799,0,706902.44,257142.4,203994.33,156,798,,,,
800,0,706629.7,259104.92,206592.44,107,813,1.0,,,
801,0,706526.6,274719.56,221541.69,121,839,,,,
802,0,706433.2,275919.28,221886.31,282,822,,,,
803,0,707013.1,257064.84,203876.55,126,799,,,,
804,0,706646.4,262403.75,206522.89,336,817,,,,
805,5,706642.94,257894.28,204667.72,284,825,1.0,,,
806,0,706810.5,261089.1,205871.27,612,896,,,,
807,0,707247.3,261149.83,205587.14,678,896,,,,
808,0,706664.7,266928.62,205600.95,117,812,,,,
809,0,707100.6,258854.61,206015.28,95,814,,,,
810,6,706485.6,274214.34,224253.58,196,835,,,,
811,0,706426.6,272901.53,222513.94,132,870,,,,
812,0,706722.0,266785.94,205589.67,106,861,,,,
813,0,706690.44,259108.45,206491.33,137,841,,,,
814,0,706972.9,258811.66,206113.4,76,842,,,,
815,0,706742.75,257443.58,204160.33,178,818,,,,
816,0,707185.3,257311.98,204549.53,73,819,,,,
817,0,706698.7,262260.9,206509.36,309,849,,,,
818,0,706730.6,257582.62,204234.69,140,777,,,,
819,0,707172.6,257379.9,204549.1,83,777,,,,
820,0,706921.25,263565.38,203586.44,136,827,,,,
821,0,706547.0,255734.64,205418.62,153,840,,,,
822,0,706581.2,275869.9,221951.25,268,838,,,,
823,0,706390.2,259115.72,204974.73,59,832,,,,
824,0,707161.8,258670.5,204817.95,204,831,,,,
825,0,706724.44,257985.05,204568.16,215,834,,,,
826,6,707113.9,257002.62,203820.6,46,803,,,,
827,0,706927.6,263382.66,203765.11,174,848,,,,
828,0,706859.0,261988.0,206522.92,245,854,,,,
829,0,706973.6,264075.22,203563.1,148,830,,,,
830,0,706928.75,263788.84,203571.5,118,820,,,,
831,0,707157.25,258795.19,204772.17,181,853,,,,
832,0,706526.44,259231.38,204839.73,95,853,,,,
833,0,706979.8,264260.7,203560.31,113,829,,,,
834,0,706786.5,258014.62,204568.88,134,843,,,,
835,0,706692.9,274256.9,224223.48,236,852,,,,
836,0,707358.25,257948.39,207032.31,72,779,,,,
837,6,706897.94,258158.58,207197.05,0,780,,,,
838,0,706776.4,275638.8,222160.94,322,863,,,,
839,0,706667.7,274763.6,221567.06,166,864,,,,
840,0,706700.75,255881.75,205384.4,156,868,,,,
841,0,706749.06,259088.5,206388.11,198,857,,,,
842,0,706818.56,258738.23,206317.98,145,857,,,,
843,0,706894.4,258072.78,204673.11,127,899,1.0,,,
844,0,707151.94,258845.42,205921.44,99,809,,,,
845,0,706983.3,264438.44,203453.9,92,833,,,,
846,0,707043.2,264581.84,203374.55,147,845,,,,
847,0,707025.8,264690.3,203271.88,177,846,,,,
848,0,706871.4,263257.56,203853.0,249,867,,,,
849,0,706781.56,262102.47,206511.5,274,828,,,,
850,0,706584.44,264805.94,203021.39,48,856,,,,
851,0,707452.1,264929.38,203174.33,70,855,,,,
852,0,706825.9,274303.06,224055.23,226,866,,,,
853,5,706891.1,259109.5,204751.02,278,878,1.0,,,
854,0,706996.4,261928.86,206526.6,222,905,,,,
855,0,707310.06,264819.78,203154.39,99,858,,,,
856,0,706665.6,264773.12,203099.84,70,858,,,,
857,5,706840.06,259077.27,206320.5,298,872,1.0,,,
858,5,707002.1,264780.47,203224.86,191,847,1.0,,,
859,0,706948.0,256140.27,205337.72,161,876,,,,
860,0,707202.9,274316.53,223084.4,146,865,1.0,,,
861,0,706813.2,266759.2,205584.3,87,903,,,,
862,0,707269.3,275007.56,222323.48,177,888,,,,
863,0,706886.6,275455.53,222282.47,403,889,0.3238765962171868,0.6143019351498938,0.6143019351498938,0.3238765962171868
864,0,706774.1,274833.72,221615.1,163,889,,,,
865,0,707114.75,274333.12,222879.78,141,890,,,,
866,0,706937.44,274333.9,223895.8,231,881,,,,
867,0,706903.8,263227.97,204027.12,277,877,,,,
868,0,706872.94,256022.31,205364.84,182,859,,,,
869,0,707440.8,273581.94,222235.73,124,887,,,,
870,0,706666.06,272995.62,222605.81,153,886,,,,
871,0,707310.4,258623.2,205892.66,121,844,,,,
872,0,706966.5,259456.14,206091.95,169,893,,,,
873,0,707189.4,274337.66,223229.38,190,860,1.0,,,
874,0,707129.56,256572.42,205121.94,106,880,,,,
875,0,707047.8,256413.7,205230.11,113,874,,,,
876,0,707084.25,256300.19,205322.11,166,875,,,,
877,0,706984.2,263169.25,204193.2,293,910,,,,
878,0,706928.2,259204.67,204756.53,234,922,,,,
879,0,707117.44,256836.5,204891.58,133,892,,,,
880,0,707120.25,256684.53,205037.38,96,879,,,,
881,0,707009.25,274343.75,223718.72,188,897,,,,
882,6,707455.8,258618.03,205854.03,82,871,,,,
883,5,707194.44,258586.5,204862.06,252,824,1.0,,,
884,0,706967.56,258348.6,204718.66,112,883,,,,
885,0,707442.75,258586.69,205027.6,142,883,1.0,,,
886,0,706832.25,272965.06,222661.75,204,940,-0.1111111111111111,1.0419379340277777,1.0419379340277777,-0.1111111111111111
887,0,707395.6,273500.9,222196.28,65,940,,,,
888,0,707296.9,275072.22,222207.06,130,920,,,,
889,5,706944.3,275356.44,222196.2,542,920,0.453125,0.5037434895833333,0.5037434895833333,0.453125
890,0,707054.3,274525.84,222675.95,200,920,1.0,,,
891,0,707178.06,257199.44,204616.55,97,816,,,,
892,0,707147.2,256929.03,204864.44,114,894,,,,
893,0,707033.75,259532.62,205957.98,138,914,,,,
894,0,707142.5,257069.3,204734.7,125,891,,,,
895,0,707267.75,261030.66,205566.31,612,807,,,,
896,5,707186.06,261282.0,205556.11,727,977,0.2919448986262628,0.5680676707487797,0.5680676707487797,0.2919448986262628
897,0,707081.0,274389.34,223594.22,164,900,,,,
898,0,707519.3,258537.98,205139.89,148,885,,,,
899,0,706936.56,258172.2,204682.92,105,884,,,,
900,0,707149.7,274420.22,223435.5,133,873,,,,
901,6,707084.1,257511.88,206176.53,0,921,,,,
902,6,707446.44,257862.55,207099.22,71,836,,,,
903,0,706839.7,266666.22,205595.02,105,923,,,,
904,0,707865.56,261408.03,206829.0,151,757,,,,
905,0,706913.1,261756.84,206471.95,195,756,,,,
906,0,707338.4,260919.31,205567.95,522,895,,,,
907,0,707308.0,262497.22,204317.27,195,984,,,,
908,0,707424.56,260759.3,205606.8,445,906,,,,
909,0,707344.3,262593.12,204352.78,259,907,,,,
910,0,707081.06,263110.9,204264.12,267,918,,,,
911,6,707286.7,274927.47,222401.81,130,862,,,,
912,0,707293.25,262844.9,204390.52,224,909,,,,
913,0,707582.75,264986.78,203098.28,104,851,,,,
914,0,707102.75,259586.92,205804.6,166,931,,,,
915,6,707231.5,268049.72,205228.6,57,916,,,,
916,0,707203.06,267909.25,205179.16,119,924,,,,
917,0,707488.25,260667.97,205577.12,309,908,,,,
918,0,707139.6,262984.5,204333.67,252,912,,,,
919,0,707545.6,262875.84,205179.38,101,932,,,,
920,5,707067.5,275076.03,222376.78,544,943,0.4979338842975206,0.4624548037190082,0.4624548037190082,0.4979338842975206
921,0,707141.0,257567.3,206094.36,85,928,,,,
922,0,707014.9,259349.03,204755.58,199,956,,,,
923,0,707054.9,266594.5,205601.9,113,936,,,,
924,0,707325.4,267741.8,205161.6,105,935,,,,
925,6,707512.2,273649.03,222227.42,83,869,,,,
926,6,707645.5,262896.1,205131.19,77,919,,,,
927,0,707561.5,260544.48,205513.0,195,917,,,,
928,0,707222.8,257704.69,205994.89,104,947,,,,
929,0,707573.4,258341.2,205080.84,131,898,,,,
930,0,707668.25,259456.98,206116.95,87,939,,,,
931,0,707178.6,259622.0,205718.7,173,938,,,,
932,0,707421.5,262857.16,205222.5,105,946,,,,
933,0,707651.8,263573.6,205081.97,78,945,,,,
934,0,707761.5,265069.8,203084.45,96,913,,,,
935,0,707325.94,267601.2,205192.94,108,949,,,,
936,0,707237.1,266519.28,205597.6,113,973,1.0,,,
937,0,707601.9,260454.23,205424.17,183,927,,,,
938,0,707323.2,259645.83,205664.64,177,950,,,,
939,0,707603.9,259538.58,205950.84,107,950,,,,
940,5,707086.6,273049.1,222485.6,336,966,-0.0234845681088819,0.9667353695082268,0.9667353695082268,-0.0234845681088819
941,0,708447.94,273523.66,222780.33,113,967,,,,
942,0,707628.5,258159.97,205059.38,138,929,,,,
943,0,707165.3,275157.16,222430.06,566,952,0.4701984383957022,0.49008943934342,0.49008943934342,0.4701984383957022
944,6,708219.06,275347.34,221638.8,0,953,,,,
945,0,707590.25,263461.47,205211.02,121,982,,,,
946,0,707345.0,262894.3,205337.28,95,982,,,,
947,0,707359.5,257973.02,205871.52,202,971,,,,
948,5,707582.2,260155.16,205033.4,342,937,0.7370524498280804,0.2436458989467347,0.2436458989467347,1.0
949,0,707383.94,267509.56,205290.7,93,983,,,,
950,5,707445.0,259662.94,205655.11,199,954,1.0,,,
951,0,707616.5,258020.58,205053.16,151,942,,,,
952,0,707355.1,275085.03,222363.58,616,976,,,,
953,0,708146.2,275368.84,221702.36,118,976,,,,
954,0,707491.25,259816.0,205436.62,149,968,,,,
955,0,707580.75,260029.81,205174.33,210,963,,,,
956,0,707140.4,259554.39,204799.52,179,961,,,,
957,0,707774.3,260521.55,204707.17,104,962,,,,
958,0,707888.3,265091.4,203050.0,83,934,,,,
959,0,707696.5,263705.25,204995.25,98,933,,,,
960,5,707873.56,257616.38,205019.95,197,965,1.0,,,
961,0,707375.0,259825.61,204833.73,207,948,,,,
962,0,707674.94,260425.69,204789.44,113,948,,,,
963,0,707624.5,260050.8,205071.53,294,948,0.805398297835792,0.1755553984150635,0.1755553984150635,1.0
964,0,707749.2,259383.97,206278.02,68,930,,,,
965,0,707806.94,257703.0,205020.27,149,969,,,,
966,0,707164.9,272900.53,222578.0,386,981,-0.042437986036824,0.9643060373763492,0.9643060373763492,-0.042437986036824
967,0,708225.1,273412.62,222833.69,166,981,1.0,,,
968,0,707570.4,259932.69,205257.62,162,955,1.0,,,
969,0,707599.75,257919.86,205060.88,182,951,1.0,,,
970,0,708032.4,261446.53,206859.11,185,904,,,,
971,0,707436.0,257922.86,205818.86,192,991,,,,
972,0,707686.1,263828.84,204911.47,57,959,,,,
973,0,707376.0,266489.6,205623.89,121,1001,,,,
974,0,707906.4,259251.73,206329.73,105,964,,,,
975,0,707805.25,260673.39,204583.92,116,957,,,,
976,5,707526.25,275167.66,222422.6,671,996,0.4539629955246529,0.5078484552947699,0.5078484552947699,0.4539629955246529
977,0,707684.75,261766.42,204993.33,459,985,,,,
978,0,707248.0,262311.5,204512.28,96,985,,,,
979,0,707809.8,264005.34,204800.48,48,980,,,,
980,0,707758.06,263918.12,204837.73,74,972,,,,
981,5,707513.25,272959.47,222702.7,521,987,0.1184735461207707,0.8114245965406001,0.8114245965406001,0.1184735461207707
982,5,707450.4,263237.03,205350.97,195,1010,1.0,,,
983,0,707460.7,267428.16,205344.1,86,1009,,,,
984,0,707279.9,262377.7,204382.36,129,978,,,,
985,5,707720.06,261923.12,204968.4,508,1021,0.2984453364003383,0.5603234265767012,0.5603234265767012,0.2984453364003383
986,0,707949.06,259156.92,206386.6,126,974,,,,
987,0,707618.06,272897.28,222781.4,462,1007,,,,
988,0,707885.8,264175.94,204711.84,80,979,,,,
989,0,707988.4,265176.28,203012.88,108,958,,,,
990,0,707855.9,260773.3,204551.53,103,975,,,,
991,0,707542.6,257865.19,205769.78,167,1011,,,,
992,0,707891.9,260891.6,204481.98,93,990,,,,
993,0,707837.6,257550.61,204752.11,88,960,1.0,,,
994,0,708017.0,257543.02,205373.62,114,960,,,,
995,0,708014.06,264264.8,204597.48,77,988,,,,
996,0,707574.56,275140.44,222644.27,669,1014,0.4302645539861222,0.5249844522014211,0.5249844522014211,0.4302645539861222
997,0,707846.1,257531.89,204509.38,90,1003,,,,
998,6,707775.1,257471.28,204480.1,0,997,,,,
999,0,707955.2,260940.98,204428.22,95,992,,,,
1000,0,708227.2,261416.28,206910.97,240,970,,,,
1001,0,707476.94,266468.0,205646.39,116,1016,,,,
1002,0,708036.44,257484.28,205509.45,116,994,,,,
1003,0,707853.8,257530.88,204663.12,113,993,,,,
1004,0,708198.44,264289.6,204498.48,125,995,1.0,,,
1005,6,708002.9,265255.25,202979.94,0,989,,,,
1006,0,707999.8,261057.08,204393.64,104,999,,,,
1007,0,707707.0,272813.97,222827.1,429,1017,,,,
1008,0,708117.6,258955.12,206409.28,155,986,,,,
1009,0,707565.06,267278.2,205382.75,82,1029,,,,
1010,0,707539.06,263235.03,205423.16,195,1048,,,,
1011,0,707647.4,257739.72,205753.17,94,1022,,,,
1012,6,708231.0,258869.62,206391.48,114,1008,,,,
1013,0,708057.25,261186.19,204353.88,173,1006,,,,
1014,0,707681.94,275165.47,222757.52,602,1025,0.4078560726250556,0.5452648779696346,0.5452648779696346,0.4078560726250556
1015,5,708115.9,261327.62,204309.23,222,1013,1.0,,,
1016,0,707659.4,266509.47,205638.66,117,1041,,,,
1017,0,707757.2,272710.47,222871.47,378,1026,0.0898301856746232,0.8343346747664468,0.8343346747664468,0.0898301856746232
1018,0,708380.0,264341.8,204459.19,102,1004,1.0,,,
1019,0,707932.1,257551.92,205615.31,95,1002,,,,
1020,0,708329.5,261413.69,207023.92,267,1000,,,,
1021,0,708033.06,261915.25,205153.0,428,1031,,,,
1022,0,707797.7,257653.17,205707.11,112,1019,,,,
1023,0,707804.44,261488.5,204263.75,106,1015,,,,
1024,0,708429.5,261415.86,204285.08,134,1015,,,,
1025,0,707835.3,275234.9,222763.3,539,1030,,,,
1026,0,707898.9,272599.4,222917.5,337,1033,0.0621305034184002,0.8612255078050292,0.8612255078050292,0.0621305034184002
1027,0,708619.0,261572.8,204240.16,115,1024,,,,
1028,6,707679.3,261620.06,204234.12,78,1023,,,,
1029,0,707709.1,267200.2,205426.97,67,1037,,,,
1030,0,707976.4,275249.34,222749.67,467,1034,0.4106310415106941,0.5442190560380716,0.5442190560380716,0.4106310415106941
1031,0,708187.3,261964.19,205253.92,375,1051,,,,
1032,0,708483.44,264436.88,204555.33,111,1018,,,,
1033,0,708012.25,272537.5,223061.8,409,1038,0.0352853976394897,0.889353283754249,0.889353283754249,0.0352853976394897
1034,0,708077.5,275143.6,222797.5,394,1063,,,,
1035,6,708597.1,273488.88,222767.23,51,941,,,,
1036,0,708515.5,261249.14,207084.19,187,1020,,,,
1037,0,707910.1,266987.72,205437.67,144,1060,,,,
1038,0,708101.25,272441.72,223097.89,441,1046,,,,
1039,0,708629.75,266772.66,205320.88,93,1043,,,,
1040,0,708232.2,266770.2,205453.83,111,1043,,,,
1041,0,707865.9,266493.25,205630.62,81,1042,,,,
1042,0,708000.75,266426.97,205530.78,87,1053,,,,
1043,5,708449.94,266751.12,205375.89,116,1053,1.0,,,
1044,6,708037.1,272401.12,223153.47,204,1057,,,,
1045,0,708282.5,272385.84,223051.23,193,1061,,,,
1046,0,708201.8,272332.84,223176.19,444,1062,0.0092183896306999,0.9175111010201104,0.9175111010201104,0.0092183896306999
1047,0,708606.06,260993.28,207244.69,130,1036,,,,
1048,0,707709.0,263258.8,205448.14,163,1054,,,,
1049,0,708766.7,263152.22,206281.3,94,1055,,,,
1050,6,708112.7,265125.28,204457.0,101,1068,,,,
1051,0,708376.2,262006.33,205371.86,340,1058,,,,
1052,0,708587.2,264554.66,204538.48,105,1032,,,,
1053,5,708269.56,266505.6,205452.52,237,1080,1.0,,,
1054,0,707912.6,263225.1,205461.61,139,1064,,,,
1055,0,708655.9,263090.66,206121.17,120,1064,,,,
1056,0,708771.56,261688.86,204184.19,128,1027,,,,
1057,0,708100.7,272396.75,223026.5,225,1045,,,,
1058,0,708446.7,262081.62,205505.8,371,1071,,,,
1059,0,708693.1,266847.38,205312.16,77,1039,,,,
1060,0,708134.06,266840.12,205486.72,102,1040,,,,
1061,0,708441.8,272334.7,223129.02,97,1089,,,,
1062,0,708247.56,272219.03,223158.64,413,1089,,,,
1063,0,708145.0,275088.4,222935.31,306,1084,,,,
1064,5,708349.2,263036.03,205758.14,327,1066,0.5170453955993208,0.333917831948907,0.333917831948907,0.5170453955993208
1065,0,708637.0,264674.44,204442.08,61,1052,,,,
1066,0,708405.8,262961.34,205699.83,245,1069,,,,
1067,0,708747.75,260826.11,207352.61,139,1047,,,,
1068,0,708235.8,265135.7,204557.72,67,1087,,,,
1069,0,708476.4,262846.75,205681.73,200,1093,,,,
1070,0,708695.6,264770.88,204334.94,83,1065,,,,
1071,0,708588.75,262155.28,205512.8,469,1095,,,,
1072,0,708558.5,262421.7,205694.84,190,1095,,,,
1073,0,708839.5,261523.44,206005.56,138,1095,,,,
1074,0,708843.1,262006.0,206097.64,134,1095,1.0,,,
1075,0,708937.9,260737.9,207371.7,164,1067,,,,
1076,6,708384.6,262223.94,203958.9,97,1123,,,,
1077,0,708850.94,261758.64,204101.14,138,1056,,,,
1078,0,708717.7,266952.3,205238.7,80,1059,,,,
1079,0,708774.6,264858.38,204277.03,84,1070,,,,
1080,0,708279.06,266243.7,205404.52,313,1104,,,,
1081,0,709532.25,266054.2,205102.06,62,1103,,,,
1082,0,708785.44,263239.6,206383.77,145,1049,,,,
1083,6,708866.6,267518.06,204852.45,59,1096,,,,
1084,0,708223.44,275080.78,222931.14,182,1126,,,,
1085,0,708723.94,267055.8,205182.69,81,1078,,,,
1086,6,708812.4,264979.8,204257.94,37,1079,,,,
1087,0,708359.94,265173.06,204623.56,89,1107,,,,
1088,0,708753.25,267176.5,205100.31,93,1085,1.0,,,
1089,5,708322.0,272158.06,223183.56,360,1122,0.0083179071147146,0.92244402470441,0.92244402470441,0.0083179071147146
1090,0,708732.1,267286.53,205044.0,92,1088,,,,
1091,0,708785.3,264074.0,206488.22,163,1113,,,,
1092,5,708925.7,262076.78,206196.03,173,1074,1.0,,,
1093,0,708510.5,262673.06,205636.3,164,1072,,,,
1094,0,709019.0,261374.58,206071.39,110,1073,,,,
1095,5,708730.56,262187.47,205581.95,466,1137,0.3100211314813563,0.5434628296567403,0.5434628296567403,0.3100211314813563
1096,0,708741.25,267479.8,204815.64,121,1099,,,,
1097,0,709120.9,260584.69,207414.78,162,1075,,,,
1098,0,708841.1,262329.06,206692.94,76,1130,,,,
1099,0,708667.4,267392.0,204870.86,115,1090,,,,
1100,0,708784.7,263338.25,206458.58,168,1082,,,,
1101,5,708882.06,261827.78,203982.1,160,1077,1.0,,,
1102,0,708896.25,264268.72,206427.0,138,1091,,,,
1103,0,709439.2,265998.44,205138.77,64,1110,,,,
1104,0,708387.44,266007.3,205417.55,311,1110,1.0,,,
1105,0,708785.3,265494.88,204872.75,135,1111,,,,
1106,0,708729.8,263701.97,206475.88,176,1109,,,,
1107,0,708525.0,265198.66,204638.92,118,1132,,,,
1108,0,708927.75,264376.25,206333.83,140,1102,,,,
1109,0,708811.6,263532.06,206517.56,205,1100,,,,
1110,5,708650.75,265873.38,205417.9,395,1129,0.7484423525312737,0.2122517650517378,0.2122517650517378,1.0
1111,0,708925.75,265563.34,204934.95,141,1129,1.0,,,
1112,6,708495.5,264806.3,205402.58,81,1128,,,,
1113,0,708772.75,263905.94,206485.23,169,1106,,,,
1114,0,708846.25,262251.16,206793.75,74,1098,,,,
1115,0,709102.56,261341.64,206152.44,108,1094,,,,
1116,0,708916.75,262159.88,206914.94,126,1114,,,,
1117,0,709075.1,262055.06,206182.53,90,1092,,,,
1118,0,708751.6,262326.34,206307.48,113,1092,,,,
1119,0,708986.3,262131.8,207003.56,162,1116,,,,
1120,0,708607.44,262091.44,203997.3,85,1101,,,,
1121,0,709025.2,261742.25,203864.58,137,1101,,,,
1122,0,708452.94,272090.5,223200.08,309,1141,-0.0181575799784552,0.9510965174416378,0.9510965174416378,-0.0181575799784552
1123,0,708479.7,262138.34,203996.98,73,1120,,,,
1124,0,709099.4,261821.3,203688.92,140,1121,,,,
1125,0,709041.44,264469.56,206224.7,138,1108,,,,
1126,0,708455.7,274960.9,222982.31,192,1155,,,,
1127,0,709184.4,262008.92,207032.19,92,1119,,,,
1128,0,708570.0,264837.22,205455.17,106,1139,,,,
1129,5,708778.1,265653.97,205422.3,462,1139,0.5757575757575757,0.3093434343434343,0.3093434343434343,1.0
1130,0,708838.25,262368.9,206462.05,110,1118,,,,
1131,0,709276.1,262137.12,206164.38,71,1117,,,,
1132,0,708705.6,265358.62,204751.11,140,1105,,,,
1133,0,709172.0,264586.5,206144.34,134,1125,,,,
1134,0,709293.8,260318.64,207414.22,151,1097,,,,
1135,0,709377.0,261909.84,207009.12,69,1127,,,,
1136,0,709257.56,261263.66,206195.08,107,1115,,,,
1137,0,709020.0,262476.12,205263.39,348,1153,,,,
1138,0,709182.5,261935.88,203494.3,99,1124,,,,
1139,5,708790.5,265453.06,205535.81,459,1146,0.5580582617584078,0.3432209564353106,0.3432209564353106,0.5580582617584078
1140,0,709276.3,264710.53,206090.31,127,1133,,,,
1141,0,708722.7,272041.94,223386.08,360,1150,,,,
1142,0,709368.7,262193.06,206093.53,99,1131,,,,
1143,0,709259.0,261943.73,203398.25,100,1138,,,,
1144,0,709368.1,261157.7,206236.86,96,1136,,,,
1145,0,709378.2,260127.6,207475.23,157,1134,,,,
1146,0,708922.3,265450.16,205541.44,393,1160,,,,
1147,6,708921.9,260724.75,203215.66,99,1154,,,,
1148,0,709421.2,264756.8,205946.38,146,1140,,,,
1149,0,709047.94,271891.75,223591.52,480,1161,-0.0438214538605479,0.9788140034685278,0.9788140034685278,-0.0438214538605479
1150,0,708877.8,271984.7,223479.3,425,1149,,,,
1151,0,709308.4,261956.56,203171.8,139,1143,,,,
1152,0,709502.8,261836.66,207045.19,110,1135,,,,
1153,0,709202.0,262541.44,205328.44,298,1173,,,,
1154,0,708987.4,260582.3,203335.81,167,1164,,,,
1155,0,708689.25,274902.2,222961.56,220,1192,,,,
1156,0,709476.9,261095.97,206308.31,109,1144,,,,
1157,0,709369.3,262003.67,202957.6,122,1151,,,,
1158,0,709493.1,262267.94,206056.8,111,1142,,,,
1159,0,709424.5,264836.4,205838.33,146,1148,,,,
1160,0,709039.44,265302.28,205574.08,347,1191,,,,
1161,0,709182.06,271800.12,223655.05,524,1163,-0.06875,1.0056565523147585,1.0056565523147585,-0.06875
1162,0,709410.44,260022.4,207606.28,186,1145,,,,
1163,0,709175.56,271681.25,223646.11,523,1166,-0.093008081702357,1.031691037410961,1.031691037410961,-0.093008081702357
1164,0,709143.3,260428.75,203403.98,141,1186,,,,
1165,0,709445.5,262087.4,202725.6,87,1157,,,,
1166,0,709293.7,271534.5,223641.28,517,1167,-0.1166513785587801,1.0569823203161144,1.0569823203161144,-0.1166513785587801
1167,0,709297.25,271363.3,223630.78,544,1176,,,,
1168,0,709466.25,270660.4,223367.69,189,1175,,,,
1169,0,709608.7,260993.86,206366.88,109,1156,,,,
1170,0,709696.06,262336.62,206025.48,121,1158,,,,
1171,6,709443.6,262120.48,202576.03,45,1165,,,,
1172,0,709697.94,261762.12,207057.64,114,1152,,,,
1173,0,709377.44,262638.53,205435.98,247,1198,,,,
1174,0,709426.9,259838.14,207734.3,141,1162,,,,
1175,0,709390.1,270781.8,223348.88,107,1193,,,,
1176,0,709321.75,271189.78,223631.64,486,1193,,,,
1177,0,709506.06,270516.38,223457.47,189,1168,,,,
1178,0,709414.6,259672.08,207771.6,139,1174,,,,
1179,0,709462.44,259423.84,207798.81,80,1183,,,,
1180,0,709600.06,261424.61,205567.5,103,1187,,,,
1181,0,709478.9,264919.22,205724.12,214,1159,,,,
1182,0,709286.1,265036.28,205613.95,211,1181,,,,
1183,0,709448.6,259562.61,207784.5,112,1178,,,,
1184,6,709615.44,266104.0,205044.94,67,1081,,,,
1185,0,709571.56,259257.81,207815.73,74,1179,,,,
1186,0,709211.56,260291.6,203527.75,132,1199,,,,
1187,0,709507.44,261306.75,205683.12,84,1220,,,,
1188,0,709685.9,259170.53,207860.81,95,1185,,,,
1189,6,709606.25,270445.7,223528.98,107,1177,,,,
1190,0,709815.0,260808.72,206398.17,105,1169,,,,
1191,0,709140.56,265197.8,205590.33,264,1182,,,,
1192,0,708909.7,274789.28,222972.4,294,1200,,,,
1193,5,709343.0,270971.16,223525.75,447,1194,-0.0952380952380951,0.9941794607374402,0.9941794607374402,-0.0952380952380951
1194,0,709380.75,270825.22,223550.77,390,1202,,,,
1195,0,709858.3,262425.12,206070.5,101,1170,,,,
1196,6,709784.4,261701.45,207121.94,48,1172,,,,
1197,6,709692.1,261429.61,205539.11,0,1180,,,,
1198,0,709520.6,262726.1,205520.52,217,1208,,,,
1199,0,709307.5,260156.77,203592.62,91,1204,,,,
1200,0,709244.6,274780.94,222816.83,394,1205,,,,
1201,0,709839.7,259002.97,207860.66,112,1188,,,,
1202,0,709486.56,270674.25,223480.88,398,1206,,,,
1203,0,709856.3,260692.55,206313.86,125,1190,,,,
1204,0,709449.25,260093.08,203667.92,140,1210,,,,
1205,0,709482.5,274690.16,222736.66,460,1212,0.4132638709226098,0.5439373700960235,0.5439373700960235,0.4132638709226098
1206,0,709488.8,270524.16,223434.1,415,1211,-0.1034482758620689,0.9943782969605116,0.9943782969605116,-0.1034482758620689
1207,6,709981.75,258944.56,207892.53,59,1201,,,,
1208,0,709694.6,262725.28,205619.55,222,1214,,,,
1209,0,710005.94,262437.25,206133.4,50,1195,,,,
1210,0,709531.75,260010.14,203778.86,175,1215,,,,
1211,0,709601.9,270409.78,223391.61,418,1219,-0.1226827987756233,1.010536109962555,1.010536109962555,-0.1226827987756233
1212,0,709554.0,274515.28,222773.25,564,1229,,,,
1213,0,709855.75,260648.1,206223.08,167,1203,,,,
1214,0,709849.6,262770.72,205642.47,222,1242,,,,
1215,0,709610.8,259936.81,203924.98,132,1225,,,,
1216,5,709879.06,260585.86,206070.12,290,1217,1.0,,,
1217,0,709894.6,260601.7,206165.58,221,1213,,,,
1218,0,710075.75,262371.06,206220.55,74,1209,,,,
1219,0,709678.3,270276.2,223378.67,448,1228,-0.1415587739007824,1.0291678087852614,1.0291678087852614,-0.1415587739007824
1220,0,709419.9,261161.64,205878.73,132,1222,,,,
1221,0,710035.75,260240.44,205906.95,115,1223,,,,
1222,0,709460.6,261054.08,205941.88,108,1216,,,,
1223,0,710061.75,260305.16,206028.39,136,1216,,,,
1224,0,709972.44,259771.86,205453.36,122,1230,,,,
1225,0,709738.06,259896.73,204036.9,107,1233,,,,
1226,0,710007.9,259628.66,205371.95,113,1224,,,,
1227,0,710053.9,259524.47,205278.53,133,1226,,,,
1228,0,709771.2,270193.44,223327.39,440,1239,-0.1600970628841795,1.048768233604154,1.048768233604154,-0.1600970628841795
1229,0,709629.3,274366.53,222850.36,589,1238,0.3952568431852364,0.56297864987673,0.56297864987673,0.3952568431852364
1230,0,709945.7,259902.3,205523.2,101,1234,,,,
1231,0,710166.0,262291.44,206280.28,115,1218,,,,
1232,0,710155.2,259413.48,205151.48,182,1227,,,,
1233,0,709854.25,259853.6,204163.28,74,1240,,,,
1234,0,709926.9,260047.44,205642.19,117,1236,,,,
1235,0,710157.94,259343.86,205081.39,192,1232,,,,
1236,0,709998.8,260153.33,205795.06,111,1221,,,,
1237,0,710172.6,262190.97,206411.78,107,1231,,,,
1238,0,709795.94,274357.88,222891.02,578,1241,0.3990525094992434,0.5616950485531123,0.5616950485531123,0.3990525094992434
1239,0,709872.4,270070.56,223385.66,419,1252,-0.178316490619611,1.0686200558969627,1.0686200558969627,-0.178316490619611
1240,0,709940.75,259718.52,204245.58,105,1244,,,,
1241,0,709992.75,274323.44,222862.95,564,1251,0.3829568998035876,0.5788856328659868,0.5788856328659868,0.3829568998035876
1242,0,710126.3,262769.97,205659.3,223,1256,,,,
1243,0,710103.4,259510.06,204435.56,186,1246,,,,
1244,0,710035.75,259591.31,204341.14,138,1243,,,,
1245,0,710140.1,259460.22,204778.97,126,1235,,,,
1246,0,710154.56,259514.45,204615.62,143,1245,,,,
1247,0,710283.0,262165.56,206529.19,97,1237,,,,
1248,0,710281.06,262163.66,206687.42,119,1247,,,,
1249,6,709971.8,261951.67,207088.17,90,1253,,,,
1250,0,710107.94,274184.44,222970.38,447,1255,0.3523742558080232,0.6115161946341433,0.6115161946341433,0.3523742558080232
1251,0,710076.0,274267.8,222928.52,502,1250,0.3674148457032011,0.5954803870584997,0.5954803870584997,0.3674148457032011
1252,0,709985.0,269917.88,223436.97,464,1264,,,,
1253,0,710088.3,262055.72,207014.17,87,1254,,,,
1254,0,710182.75,262140.52,206853.72,113,1248,,,,
1255,0,710196.6,274139.7,223022.89,379,1257,,,,
1256,0,710362.56,262819.16,205676.17,221,1258,,,,
1257,0,710185.0,274183.97,223236.47,297,1262,,,,
1258,0,710581.5,262821.44,205731.72,223,1261,,,,
1259,0,710814.4,269380.06,223282.81,422,1260,,,,
1260,0,710793.06,269176.56,223387.4,397,1269,0.1693692471168312,0.76844370340198,0.76844370340198,0.1693692471168312
1261,0,710784.56,262809.6,205717.17,242,1271,,,,
1262,0,710324.6,274122.4,223254.2,226,1270,,,,
1263,0,710843.56,269565.6,223171.27,499,1259,,,,
1264,0,710084.06,269831.62,223429.95,414,1267,,,,
1265,0,711109.7,269963.84,222792.08,465,1268,0.3001913408172184,0.6508097856512255,0.6508097856512255,0.3001913408172184
1266,5,710805.56,269684.16,223144.53,552,1263,0.1726585906630282,0.7644912843561964,0.7644912843561964,0.1726585906630282
1267,0,710255.5,269790.5,223446.8,321,1266,-0.1962341187649461,1.0883874673958212,1.0883874673958212,-0.1962341187649461
1268,0,711098.8,269842.6,222856.88,490,1266,0.3064914261439629,0.6462589165071053,0.6462589165071053,0.3064914261439629
1269,0,710739.06,268873.7,223619.56,522,1273,0.1643364419587557,0.7740121451101993,0.7740121451101993,0.1643364419587557
1270,0,710438.2,273913.22,223355.94,207,1274,,,,
1271,0,711008.6,262790.6,205730.22,259,1278,,,,
1272,0,711452.2,270358.38,223163.83,183,1276,,,,
1273,0,710784.25,268700.44,223838.94,560,1279,,,,
1274,0,710785.5,273734.56,223355.75,289,1287,0.3377902604684565,0.6270345866193824,0.6270345866193824,0.3377902604684565
1275,0,711056.25,270075.03,222776.5,364,1265,0.2934328754822544,0.6558089894554833,0.6558089894554833,0.2934328754822544
1276,0,711267.94,270226.94,222987.0,255,1275,0.2981593702380557,0.650328714184469,0.650328714184469,0.2981593702380557
1277,0,711676.0,262367.25,205641.14,229,1295,,,,
1278,0,711186.5,262735.12,205668.17,287,1295,,,,
1279,0,710950.3,268545.16,223849.72,599,1283,,,,
1280,6,711216.44,268351.12,223550.27,113,1284,,,,
1281,5,711285.2,273329.2,222979.12,540,1285,0.3793522413926165,0.5891740368065586,0.5891740368065586,0.3793522413926165
1282,0,711569.6,270480.78,223202.86,246,1272,,,,
1283,0,711073.7,268421.34,223835.47,587,1293,,,,
1284,0,711299.9,268409.47,223653.58,126,1293,,,,
1285,0,711292.56,273215.44,223066.7,507,1299,,,,
1286,0,711996.6,273095.22,222275.5,106,1289,,,,
1287,0,711004.94,273615.62,223291.06,268,1288,,,,
1288,0,711087.5,273526.06,223241.92,359,1281,,,,
1289,0,711781.75,273185.6,222353.42,164,1281,1.0,,,
1290,0,711296.9,263122.06,205520.73,197,1294,,,,
1291,0,711434.75,272640.0,223470.3,389,1298,,,,
1292,0,711411.4,272802.2,223412.4,391,1291,,,,
1293,5,711223.5,268360.88,223836.42,527,1303,0.1595313173388963,0.7802496126135626,0.7802496126135626,0.1595313173388963
1294,0,711365.1,263351.16,205542.45,196,1304,,,,
1295,5,711366.1,262724.62,205624.53,353,1290,0.3815288345221672,0.5349686836273292,0.5349686836273292,0.3815288345221672
1296,0,711842.2,262231.12,205624.89,235,1277,,,,
1297,0,711310.7,272281.03,223665.45,456,1300,,,,
1298,0,711346.4,272445.03,223619.17,418,1297,,,,
1299,0,711260.75,273122.25,223143.88,457,1301,,,,
1300,0,711385.5,272042.5,223832.66,508,1305,,,,
1301,0,711283.7,272984.44,223286.55,400,1292,,,,
1302,0,711635.1,270576.78,223136.19,314,1282,0.3027833112216037,0.6454328495905594,0.6454328495905594,0.3027833112216037
1303,0,711271.75,268189.56,223813.36,518,1307,,,,
1304,0,711479.6,263505.16,205595.9,168,1308,,,,
1305,0,711377.9,271832.1,223950.23,530,1324,,,,
1306,0,711688.6,270678.12,223038.47,396,1302,,,,
1307,0,711346.6,267978.25,223732.92,481,1330,0.1565188847845553,0.7839044031423356,0.7839044031423356,0.1565188847845553
1308,0,711626.7,263687.44,205611.44,160,1318,,,,
1309,0,711750.9,270767.38,223014.86,530,1306,0.312418493050741,0.6369854110061791,0.6369854110061791,0.312418493050741
1310,0,712001.75,262082.5,205677.73,231,1296,,,,
1311,5,711717.06,271172.2,222887.86,705,1319,0.3448615801173395,0.6170706403281085,0.6170706403281085,0.3448615801173395
1312,0,711685.06,270913.75,223017.28,610,1309,,,,
1313,0,711081.2,271354.28,222836.27,350,1311,,,,
1314,5,711842.6,271268.03,223009.44,636,1311,0.3547879198125313,0.6095105291346347,0.6095105291346347,0.3547879198125313
1315,6,711079.9,271414.4,222534.89,154,1313,,,,
1316,0,711536.3,271532.8,223885.72,442,1314,0.355397742880763,0.6129568929377375,0.6129568929377375,0.355397742880763
1317,0,712246.1,271152.6,222167.9,326,1314,1.0,,,
1318,0,711743.5,263841.94,205598.69,162,1321,,,,
1319,0,711702.94,271058.97,222951.98,645,1312,0.3222409883426131,0.6306641256738087,0.6306641256738087,0.3222409883426131
1320,0,712140.0,273072.56,222198.84,136,1286,,,,
1321,0,711839.2,263973.22,205565.92,155,1325,,,,
1322,0,712210.44,261897.12,205720.56,289,1310,,,,
1323,0,712381.44,271166.6,221912.23,88,1317,,,,
1324,0,711430.06,271679.84,223874.33,452,1316,0.3672192110501179,0.6009390683636375,0.6009390683636375,0.3672192110501179
1325,0,711925.1,264126.34,205656.4,179,1328,,,,
1326,0,712293.44,273046.75,222213.52,156,1320,,,,
1327,0,712365.5,261770.7,205761.44,292,1322,,,,
1328,0,712079.4,264262.38,205636.02,202,1335,,,,
1329,0,712378.2,273056.88,222197.5,133,1326,,,,
1330,0,711454.75,267934.62,223727.98,420,1334,0.151754726796175,0.7891733499781334,0.7891733499781334,0.151754726796175
1331,0,712411.94,261706.03,205675.89,323,1327,,,,
1332,0,712492.0,271232.84,221837.86,83,1323,,,,
1333,6,712202.4,266781.22,222866.27,77,1339,,,,
1334,0,711611.75,267863.0,223744.98,339,1340,,,,
1335,0,712258.0,264363.28,205604.8,171,1347,,,,
1336,0,712434.25,273117.06,222091.92,178,1329,,,,
1337,5,712330.4,266996.47,223166.08,528,1343,0.1383209269770419,0.7914660694208104,0.7914660694208104,0.1383209269770419
1338,6,712399.9,267247.94,223640.06,0,1342,,,,
1339,0,712204.7,266772.75,222889.92,200,1341,,,,
1340,0,712155.94,267639.0,223348.81,398,1341,0.1470201949491006,0.7944019230544803,0.7944019230544803,0.1470201949491006
1341,5,712254.44,267158.94,223100.83,499,1337,0.1428679090743272,0.7882764601011597,0.7882764601011597,0.1428679090743272
1342,0,712398.06,267264.06,223684.45,48,1337,,,,
1343,0,712346.9,266846.06,223284.66,582,1349,0.1259260792073644,0.7993154118652824,0.7993154118652824,0.1259260792073644
1344,0,712481.6,261466.67,205689.66,321,1331,,,,
1345,0,712514.3,273184.84,221977.89,272,1336,,,,
1346,6,712464.3,271348.6,221820.14,102,1332,,,,
1347,0,712390.75,264409.78,205602.88,128,1351,,,,
1348,0,712532.56,261288.16,205688.52,295,1344,0.1268608022380652,0.8023807633657827,0.8023807633657827,0.1268608022380652
1349,0,712321.6,266646.25,223508.06,685,1355,,,,
1350,0,712613.94,273172.72,221933.95,394,1345,,,,
1351,0,712437.3,264453.62,205489.06,144,1357,,,,
1352,0,712613.7,261104.61,205685.81,338,1348,,,,
1353,0,712434.0,266546.34,223588.58,593,1361,,,,
1354,0,712591.3,273171.1,221746.45,430,1350,,,,
1355,0,712364.25,266538.9,223579.36,623,1353,0.1214624023399549,0.802154600335939,0.802154600335939,0.1214624023399549
1356,0,712680.2,260904.33,205625.94,332,1352,,,,
1357,0,712577.2,264493.66,205452.23,206,1366,,,,
1358,0,713103.75,273294.75,221933.89,572,1360,,,,
1359,0,712749.1,260727.19,205587.81,330,1356,,,,
1360,0,712834.5,273197.16,221873.33,595,1354,,,,
1361,0,712525.9,266434.34,223646.94,548,1362,0.124168041708513,0.7995687640568295,0.7995687640568295,0.124168041708513
1362,0,712510.0,266491.62,223799.98,557,1364,0.1198707452454566,0.8039203875789539,0.8039203875789539,0.1198707452454566
1363,0,712916.2,260496.03,205598.55,283,1359,,,,
1364,0,712625.7,266525.78,223839.06,516,1368,0.1224523148780214,0.8022455481301164,0.8022455481301164,0.1224523148780214
1365,0,712989.56,260238.53,205696.67,221,1363,,,,
1366,0,712780.25,264561.94,205466.31,161,1398,,,,
1367,0,712833.75,266069.16,228425.28,164,1382,,,,
1368,0,712640.1,266565.38,223965.6,436,1376,,,,
1369,0,712928.6,266083.2,228110.39,199,1371,,,,
1370,0,713242.0,273390.7,221827.78,553,1358,,,,
1371,0,712896.3,266084.53,228274.25,180,1367,,,,
1372,0,712853.9,265887.8,226385.88,202,1380,,,,
1373,0,712883.1,265813.5,225923.94,193,1374,,,,
1374,0,712902.0,265906.3,226183.64,234,1372,,,,
1375,0,712925.1,265801.5,225373.86,213,1378,,,,
1376,0,712726.06,266515.25,224095.77,475,1377,,,,
1377,0,712825.0,266436.25,224167.48,447,1397,,,,
1378,0,712924.9,265771.66,225575.61,216,1381,,,,
1379,0,712942.94,266068.25,227928.02,207,1369,,,,
1380,0,712855.2,265962.62,226588.72,154,1389,,,,
1381,0,712861.5,265785.8,225713.27,212,1373,,,,
1382,0,712839.4,266052.6,228569.4,173,1395,,,,
1383,0,712879.0,266344.1,224472.4,329,1392,,,,
1384,0,713076.94,260109.47,205767.69,220,1365,,,,
1385,6,712884.44,273480.22,221955.62,0,1400,,,,
1386,0,712938.6,265837.3,225178.67,211,1375,,,,
1387,0,712964.3,265916.62,225047.78,194,1386,,,,
1388,0,712950.25,266034.78,227735.88,222,1379,,,,
1389,0,712846.2,265992.47,226735.95,161,1393,,,,
1390,0,712947.94,266064.0,224841.61,210,1387,,,,
1391,0,713030.8,266057.9,227625.83,249,1388,,,,
1392,0,712968.06,266249.28,224559.72,272,1396,,,,
1393,0,712901.75,266005.8,227008.5,208,1401,,,,
1394,0,712948.25,266008.34,227366.83,264,1391,,,,
1395,0,712811.56,266073.47,228783.28,181,1403,,,,
1396,0,712911.75,266138.2,224694.78,218,1390,,,,
1397,0,712875.44,266372.88,224308.55,379,1383,,,,
1398,0,712983.9,264621.44,205444.34,152,1413,,,,
1399,0,713046.0,259886.92,205844.3,190,1384,,,,
1400,0,712875.06,273360.22,222045.28,242,1427,,,,
1401,0,712935.9,266002.03,227177.03,225,1394,,,,
1402,0,713174.56,259509.23,205987.53,211,1404,,,,
1403,0,712902.25,266095.25,228933.84,189,1409,,,,
1404,0,713093.1,259707.31,205910.39,187,1399,,,,
1405,0,713266.8,259356.64,206035.86,248,1402,,,,
1406,0,713207.0,265971.6,229915.31,222,1417,,,,
1407,0,713330.56,273456.0,221758.28,549,1370,1.0,,,
1408,0,713275.8,266073.78,229794.56,187,1406,,,,
1409,0,712959.8,266127.8,229074.72,160,1411,,,,
1410,0,713399.2,259199.03,206084.55,326,1405,,,,
1411,0,713062.75,266137.3,229231.2,167,1414,,,,
1412,0,713237.44,266118.1,229634.81,202,1408,,,,
1413,0,713214.5,264683.0,205430.2,181,1424,,,,
1414,0,713141.8,266176.47,229326.17,180,1420,,,,
1415,0,713492.2,273534.0,221752.48,515,1407,,,,
1416,0,713099.8,265828.75,230225.98,206,1418,,,,
1417,0,713139.94,265922.03,230060.67,221,1416,,,,
1418,0,713253.0,265826.97,230413.77,217,1422,,,,
1419,0,713491.6,259078.64,206156.38,326,1410,,,,
1420,0,713184.9,266162.16,229468.55,168,1412,,,,
1421,0,713518.06,273507.8,221689.64,452,1415,,,,
1422,0,713249.25,265745.53,230524.38,205,1428,,,,
1423,0,713559.2,258982.55,206233.73,309,1419,,,,
1424,0,713491.6,264717.12,205381.25,171,1431,,,,
1425,0,713746.5,258825.1,206343.27,321,1423,,,,
1426,0,713017.94,273176.34,221820.9,216,1421,,,,
1427,0,712924.3,273264.0,221861.98,295,1426,,,,
1428,0,713261.56,265666.12,230629.0,189,1430,,,,
1429,0,713869.8,258609.67,206370.14,280,1425,,,,
1430,0,713352.1,265613.62,230717.12,144,1433,,,,
1431,0,713709.06,264795.44,205323.33,190,1436,,,,
1432,0,713859.1,258424.05,206353.06,300,1429,,,,
1433,0,713523.56,265570.53,230796.69,178,1439,,,,
1434,0,713992.4,258023.02,206433.94,347,1435,,,,
1435,0,713936.6,258202.31,206360.03,323,1432,0.1305105622271962,0.7981957977775522,0.7981957977775522,0.1305105622271962
1436,0,713911.0,264839.3,205255.38,192,1441,,,,
1437,0,714094.6,257837.34,206554.22,290,1434,,,,
1438,0,714432.8,257610.02,206569.34,234,1437,,,,
1439,0,713683.1,265500.56,230841.06,175,1442,,,,
1440,0,714567.9,257530.44,206607.34,193,1438,,,,
1441,0,714163.3,264894.28,205278.52,225,1443,,,,
1442,0,713791.4,265442.1,230920.67,139,1445,,,,
1443,0,714360.2,264953.2,205239.06,261,1481,,,,
1444,0,714407.2,266137.5,218229.34,148,1447,,,,
1445,0,714005.25,265343.1,230949.36,153,1469,,,,
1446,0,714768.9,257462.89,206660.2,204,1440,,,,
1447,0,714448.1,266096.5,218481.23,108,1448,,,,
1448,0,714452.3,266059.1,218642.8,104,1452,,,,
1449,0,714461.1,266104.78,218045.45,203,1444,,,,
1450,0,714503.4,266111.25,216819.9,182,1457,,,,
1451,0,714504.06,266107.53,217864.53,207,1449,,,,
1452,0,714505.25,266071.75,218821.52,125,1458,,,,
1453,6,714310.7,265552.94,217135.05,91,1456,,,,
1454,5,714508.75,266030.38,217172.66,260,1467,0.3721148870362533,0.5439156595778463,0.5439156595778463,0.3721148870362533
1455,0,714517.0,266193.97,217596.23,222,1451,,,,
1456,0,714350.9,265661.66,217116.66,93,1454,,,,
1457,0,714517.44,266074.2,216999.44,227,1454,0.3744034883978306,0.5414662480836879,0.5414662480836879,0.3744034883978306
1458,0,714535.9,266115.38,219005.27,128,1464,,,,
1459,0,714540.4,266160.88,216572.03,193,1450,,,,
1460,0,714541.2,266194.94,214265.5,193,1461,,,,
1461,0,714546.2,266200.25,214490.23,186,1463,,,,
1462,0,715022.9,257433.06,206662.88,222,1446,,,,
1463,0,714570.7,266108.7,214638.5,216,1465,,,,
1464,0,714580.7,266119.0,219179.42,156,1473,,,,
1465,0,714591.2,266057.06,214832.81,210,1471,,,,
1466,0,714591.4,266197.25,216355.03,134,1459,,,,
1467,0,714592.4,266174.66,217438.34,207,1455,0.3698398473054998,0.5453490994771872,0.5453490994771872,0.3698398473054998
1468,0,714603.56,266178.53,214033.47,151,1460,,,,
1469,0,714191.8,265214.78,231032.5,187,1505,,,,
1470,0,714650.6,257778.66,225178.22,200,1479,,,,
1471,0,714638.1,266100.3,214938.22,216,1485,,,,
1472,0,714772.5,257679.1,225326.0,168,1470,,,,
1473,0,714644.25,266096.8,219346.75,156,1475,,,,
1474,0,714667.1,257759.69,224423.28,244,1478,,,,
1475,0,714648.25,266134.06,219516.75,106,1493,,,,
1476,0,714900.9,257605.08,225489.7,156,1472,,,,
1477,0,714655.0,266140.47,213916.25,158,1468,,,,
1478,0,714681.9,257776.33,224240.67,239,1487,,,,
1479,0,714639.25,257784.16,224984.08,224,1482,,,,
1480,0,714674.6,266221.88,216171.22,127,1466,,,,
1481,0,714678.8,264997.84,205357.4,219,1514,,,,
1482,0,714628.44,257764.72,224705.62,251,1474,,,,
1483,0,714683.6,266064.6,220306.73,123,1484,,,,
1484,0,714685.56,266073.06,220503.53,129,1491,,,,
1485,0,714687.8,266097.94,215112.27,199,1490,,,,
1486,0,714690.56,266243.03,215986.55,91,1480,,,,
1487,0,714646.75,257777.81,224009.89,254,1488,,,,
1488,0,714661.4,257771.47,223783.95,254,1495,,,,
1489,0,714709.94,265978.75,220108.75,126,1483,,,,
1490,0,714713.06,266123.28,215339.55,210,1494,,,,
1491,0,714717.4,266092.3,220610.5,149,1499,,,,
1492,0,714720.75,266194.66,215697.77,81,1498,,,,
1493,0,714721.1,266080.03,219709.4,161,1496,,,,
1494,0,714732.6,266190.12,215520.8,170,1492,,,,
1495,0,714705.06,257782.56,223548.34,279,1497,,,,
1496,0,714745.75,266039.06,219903.64,149,1489,,,,
1497,0,714706.75,257798.8,223331.06,310,1508,0.1288025800651214,0.7989190326409208,0.7989190326409208,0.1288025800651214
1498,0,714752.1,266215.97,215781.27,97,1486,,,,
1499,0,714763.75,266109.84,220818.62,139,1503,,,,
1500,0,714764.2,266117.75,213752.28,121,1477,,,,
1501,0,715201.0,257397.88,206707.11,209,1462,,,,
1502,0,715042.56,257556.75,225630.17,157,1476,,,,
1503,0,714788.3,266147.88,220999.88,153,1506,,,,
1504,0,714792.75,266010.0,213629.03,116,1500,,,,
1505,0,714428.94,265123.06,231080.75,198,1517,,,,
1506,0,714810.06,266310.25,221126.34,183,1512,,,,
1507,0,714815.2,265899.84,213590.31,135,1504,,,,
1508,0,714734.94,257763.22,223116.9,299,1511,,,,
1509,0,714823.75,265728.62,213512.03,153,1507,,,,
1510,0,714826.1,265514.44,213517.88,141,1509,,,,
1511,0,714748.25,257742.4,222913.78,274,1516,,,,
1512,0,714897.3,266410.9,221255.6,188,1524,,,,
1513,0,715148.3,257597.61,225784.08,179,1502,,,,
1514,0,714907.25,265037.84,205420.75,214,1525,,,,
1515,0,714924.1,265328.62,213490.72,155,1510,,,,
1516,0,714818.75,257670.45,222746.4,248,1518,,,,
1517,0,714605.6,265004.75,231065.38,184,1528,,,,
1518,0,714861.75,257684.25,222546.2,234,1520,,,,
1519,0,714981.7,264999.66,213179.55,280,1522,0.3767986013820849,0.5390205262181724,0.5390205262181724,0.3767986013820849
1520,0,714937.44,257663.16,222304.62,208,1526,,,,
1521,0,715381.1,257340.12,206750.1,211,1501,,,,
1522,0,715029.2,265195.12,213328.11,179,1515,,,,
1523,0,715266.56,257632.88,225925.53,210,1513,,,,
1524,0,715056.1,266534.53,221411.19,182,1530,,,,
1525,0,715079.6,265080.28,205489.39,201,1536,,,,
1526,0,714965.75,257666.86,222112.39,209,1532,,,,
1527,0,715106.06,265007.28,213026.9,278,1519,,,,
1528,0,714797.75,264910.1,231088.97,161,1541,,,,
1529,0,715397.4,257661.95,226082.97,254,1523,,,,
1530,0,715167.0,266576.72,221592.9,144,1535,,,,
1531,0,715182.25,264995.12,212848.3,225,1527,0.3792035051858556,0.5367621257532015,0.5367621257532015,0.3792035051858556
1532,0,715006.9,257634.45,221869.44,196,1539,,,,
1533,0,715624.94,257352.25,206725.5,194,1521,,,,
1534,0,715210.44,264626.66,211980.12,187,1543,,,,
1535,0,715218.9,266572.3,221765.34,147,1545,,,,
1536,0,715226.9,265130.47,205658.47,168,1547,,,,
1537,0,715246.2,264907.72,212727.67,185,1531,,,,
1538,0,715249.56,264834.7,212517.42,94,1537,,,,
1539,0,715089.56,257599.08,221656.77,226,1550,,,,
1540,0,715258.9,264604.25,211776.95,146,1534,,,,
1541,0,714947.94,264747.6,231104.75,221,1560,,,,
1542,0,715511.6,257697.52,226299.89,281,1529,,,,
1543,0,715274.8,264719.38,212196.48,156,1544,,,,
1544,0,715281.3,264788.16,212343.34,121,1538,,,,
1545,0,715287.8,266581.06,221974.28,112,1548,0.3674730684717402,0.5474131156744064,0.5474131156744064,0.3674730684717402
1546,0,715298.7,264552.38,211639.05,147,1540,,,,
1547,0,715321.9,265192.16,205762.31,170,1555,,,,
1548,0,715335.1,266558.16,222121.23,95,1558,,,,
1549,0,715335.7,264520.62,211462.02,127,1546,,,,
1550,0,715186.0,257580.0,221441.38,227,1552,,,,
1551,0,715847.5,257357.19,206764.94,229,1533,,,,
1552,0,715250.25,257582.88,221249.56,217,1554,,,,
1553,0,715638.44,257770.0,226474.98,310,1542,,,,
1554,0,715343.5,257581.27,221060.42,195,1556,,,,
1555,0,715413.1,265200.78,205838.44,163,1582,,,,
1556,0,715393.0,257566.11,220889.53,160,1559,,,,
1557,0,715437.7,267480.56,226316.55,159,1561,,,,
1558,0,715438.0,266534.44,222337.08,146,1566,,,,
1559,0,715398.25,257588.08,220679.58,166,1569,,,,
1560,0,715140.5,264627.5,231118.75,218,1590,,,,
1561,0,715462.4,267649.44,226451.9,156,1563,,,,
1562,0,715469.6,267222.34,226036.67,160,1565,,,,
1563,0,715475.8,267760.4,226563.22,155,1570,,,,
1564,0,715476.1,264371.3,211310.27,158,1549,,,,
1565,0,715477.25,267319.53,226181.95,187,1557,,,,
1566,0,715486.94,266516.78,222512.12,175,1573,,,,
1567,0,715502.4,267090.97,225862.69,175,1562,,,,
1568,0,715742.3,257880.83,226545.47,308,1553,0.1269005844654133,0.7998122120025654,0.7998122120025654,0.1269005844654133
1569,0,715413.75,257642.34,220490.23,165,1576,,,,
1570,0,715526.25,267961.0,226682.88,179,1577,,,,
1571,0,715531.06,266632.3,225078.45,119,1575,,,,
1572,0,715533.7,266597.66,224862.89,136,1571,,,,
1573,0,715534.9,266546.06,222690.95,154,1586,,,,
1574,0,715555.6,264280.3,211165.48,164,1564,,,,
1575,0,715558.2,266701.8,225240.72,118,1580,,,,
1576,0,715447.4,257635.84,220298.44,190,1595,,,,
1577,0,715575.6,268045.34,226797.06,170,1596,,,,
1578,0,715576.56,266484.75,224567.38,162,1581,,,,
1579,0,715576.9,266776.16,225471.75,146,1583,,,,
1580,0,715578.1,266751.62,225312.05,124,1579,,,,
1581,0,715578.6,266534.5,224687.81,129,1572,,,,
1582,0,715583.44,265189.2,205960.77,182,1602,,,,
1583,0,715587.5,266841.7,225604.86,150,1584,,,,
1584,0,715587.94,267016.9,225714.11,130,1567,,,,
1585,0,715608.94,266429.72,224368.28,164,1578,,,,
1586,0,715616.8,266524.38,222913.38,184,1594,,,,
1587,0,715623.4,266449.66,224131.44,146,1585,,,,
1588,0,716012.1,257372.67,206798.55,248,1551,,,,
1589,0,715630.06,264146.72,210374.9,112,1608,,,,
1590,0,715265.7,264474.62,231141.9,202,1607,,,,
1591,0,715636.5,266499.28,223913.06,157,1587,,,,
1592,0,715906.25,257974.47,226667.67,305,1568,0.1247894121498991,0.8009048630922158,0.8009048630922158,0.1247894121498991
1593,0,715644.6,264236.0,210128.1,202,1589,,,,
1594,0,715657.94,266505.84,223154.8,160,1597,,,,
1595,0,715517.44,257647.38,220059.3,213,1600,,,,
1596,0,715662.6,268138.28,226915.22,144,1605,,,,
1597,0,715668.8,266509.94,223432.42,162,1599,,,,
1598,0,715673.2,264202.62,210984.98,149,1574,,,,
1599,0,715675.6,266484.28,223698.47,167,1591,,,,
1600,0,715570.3,257673.97,219843.97,202,1609,,,,
1601,0,715717.0,264255.1,209976.72,207,1593,,,,
1602,0,715724.4,265240.7,206085.92,191,1611,,,,
1603,0,715732.56,264087.44,210665.39,101,1604,,,,
1604,0,715735.25,264138.62,210795.28,109,1598,,,,
1605,0,715735.8,268255.56,227045.3,115,1610,,,,
1606,0,716049.5,258003.22,226930.84,269,1592,,,,
1607,0,715447.9,264327.03,231128.45,194,1623,,,,
1608,0,715752.25,264098.97,210526.89,118,1603,,,,
1609,0,715658.2,257686.23,219626.27,202,1612,,,,
1610,0,715808.5,268369.25,227110.88,122,1615,,,,
1611,0,715815.7,265221.12,206249.36,180,1618,,,,
1612,0,715711.06,257701.06,219420.27,182,1616,,,,
1613,0,716247.56,257393.08,206859.23,247,1588,,,,
1614,0,715858.44,264343.06,209733.62,166,1601,,,,
1615,0,715866.9,268478.78,227180.19,117,1624,,,,
1616,0,715808.1,257629.42,219188.53,180,1621,,,,
1617,0,716235.06,257964.52,227231.73,172,1606,,,,
1618,0,715912.6,265245.47,206334.25,170,1619,,,,
1619,0,715915.5,265277.6,206463.86,159,1622,,,,
1620,0,715929.0,264452.0,209527.9,186,1614,,,,
1621,0,715844.94,257614.23,218997.6,159,1628,,,,
1622,0,715942.9,265279.4,206572.88,183,1627,,,,
1623,0,715632.7,264209.38,231135.34,232,1625,,,,
1624,0,715956.0,268623.5,227301.95,126,1641,,,,
1625,0,715750.06,264094.38,231192.6,177,1650,,,,
1626,0,715974.9,264548.62,209377.03,180,1620,,,,
1627,0,715975.75,265324.1,206695.31,166,1634,,,,
1628,0,715880.6,257603.86,218670.56,227,1643,,,,
1629,0,715983.0,264680.34,209205.94,193,1626,,,,
1630,0,715993.94,265191.62,207544.78,165,1642,,,,
1631,0,715999.0,265213.28,207345.34,164,1630,,,,
1632,0,716003.75,265304.56,207180.25,197,1631,,,,
1633,0,716471.3,257422.53,206891.53,251,1613,,,,
1634,0,716022.7,265390.75,206873.14,168,1637,,,,
1635,0,716348.75,257987.27,227402.84,178,1617,,,,
1636,0,715978.5,257597.88,218291.95,246,1639,,,,
1637,0,716051.75,265375.5,207027.27,208,1632,,,,
1638,0,716052.94,264706.84,209024.11,194,1629,,,,
1639,0,716076.6,257586.89,217994.02,271,1648,,,,
1640,0,716065.3,265129.06,207814.17,189,1647,,,,
1641,0,716069.06,268727.75,227431.78,115,1644,,,,
1642,0,716070.7,265168.3,207685.3,173,1640,,,,
1643,0,715932.1,257586.44,218421.9,266,1636,,,,
1644,0,716086.8,268829.75,227557.62,153,1649,,,,
1645,0,716094.0,264857.62,208666.69,144,1646,,,,
1646,0,716105.06,264761.56,208847.4,166,1638,,,,
1647,0,716107.1,265077.38,207928.22,179,1653,,,,
1648,0,716050.94,257538.45,217756.67,207,1654,,,,
1649,0,716142.4,268889.47,227650.05,156,1655,,,,
1650,0,715955.5,263921.22,231063.84,222,1659,,,,
1651,0,716149.56,264977.34,208363.89,140,1652,,,,
1652,0,716152.06,264886.1,208534.06,140,1645,,,,
1653,0,716171.75,265024.16,208147.19,163,1651,,,,
1654,0,716060.8,257510.05,217502.56,156,1657,,,,
1655,0,716217.6,268941.47,227741.9,142,1660,,,,
1656,0,716386.2,258022.97,227508.16,167,1635,,,,
1657,0,716107.9,257493.5,217358.31,141,1661,,,,
1658,0,716759.1,257498.86,206892.11,218,1633,,,,
1659,0,715966.9,263846.22,231170.14,212,1667,,,,
1660,0,716264.56,269073.72,227823.7,151,1662,,,,
1661,0,716190.44,257463.55,217190.08,147,1664,,,,
1662,0,716347.7,269162.6,227935.89,158,1666,,,,
1663,0,716474.75,258078.66,227604.36,158,1656,,,,
1664,0,716243.44,257405.86,217022.66,144,1670,,,,
1665,0,716538.75,258130.28,227800.6,170,1663,,,,
1666,0,716426.94,269268.38,228040.73,149,1671,,,,
1667,0,716143.7,263650.78,231195.7,221,1677,,,,
1668,0,717028.9,257587.27,206913.53,244,1658,,,,
1669,0,716624.06,258222.72,227893.06,173,1665,,,,
1670,0,716271.56,257323.97,216776.7,170,1672,,,,
1671,0,716527.56,269400.28,228175.16,131,1675,,,,
1672,0,716383.7,257274.77,216571.8,190,1674,,,,
1673,0,716746.75,258317.05,228005.23,159,1669,,,,
1674,0,716490.9,257217.16,216314.31,216,1679,,,,
1675,0,716607.8,269534.0,228316.23,190,1678,,,,
1676,0,716866.25,258417.34,228060.77,165,1673,,,,
1677,0,716255.4,263488.3,231157.25,176,1684,,,,
1678,0,716638.06,269581.84,228435.78,197,1680,,,,
1679,0,716533.94,257225.12,216152.95,183,1683,,,,
1680,0,716662.44,269700.16,228578.62,247,1682,,,,
1681,0,716651.94,257104.83,215715.83,151,1686,,,,
1682,0,716693.94,269835.2,228643.19,271,1688,0.3651156654879851,0.5497421381070982,0.5497421381070982,0.3651156654879851
1683,0,716592.44,257157.47,215849.89,165,1681,,,,
1684,0,716461.06,263310.06,231067.31,167,1692,,,,
1685,0,716987.25,258464.75,228124.05,167,1676,,,,
1686,0,716723.7,257136.28,215672.77,174,1690,,,,
1687,0,717187.7,257654.75,206999.89,258,1668,,,,
1688,0,716783.6,269880.62,228747.39,275,1689,,,,
1689,0,716854.56,269983.75,228846.84,282,1693,,,,
1690,0,716691.2,257129.16,215427.25,220,1696,,,,
1691,0,717063.5,258542.5,228212.39,170,1685,,,,
1692,0,716631.56,263232.12,231055.19,156,1695,,,,
1693,0,716949.4,270055.47,228978.16,242,1701,,,,
1694,0,717198.2,258681.56,228274.25,155,1691,,,,
1695,0,716744.06,263118.72,230983.73,176,1699,,,,
1696,0,716755.94,257120.05,215216.23,304,1698,,,,
1697,0,717444.6,257716.06,206989.83,289,1687,,,,
1698,0,716864.5,257084.14,214973.67,343,1702,,,,
1699,0,716893.25,262979.3,230913.33,198,1703,,,,
1700,0,717328.44,258772.62,228326.42,192,1694,,,,
1701,0,717075.8,270147.88,229019.05,212,1704,,,,
1702,0,717020.75,257128.62,214776.31,344,1705,,,,
1703,0,717004.9,262848.6,230884.89,195,1707,,,,
1704,0,717153.75,270305.62,229155.1,189,1714,,,,
1705,0,717050.9,257159.75,214554.84,323,1710,,,,
1706,0,717673.4,257784.4,206976.08,320,1697,,,,
1707,0,717052.3,262685.72,230819.67,194,1709,,,,
1708,0,717492.5,258912.66,228414.02,182,1700,,,,
1709,0,717121.4,262500.66,230748.62,198,1713,,,,
1710,0,717116.9,257109.94,214418.23,281,1711,,,,
1711,0,717159.8,257066.72,214240.27,231,1718,,,,
1712,0,717201.1,262169.03,230499.28,172,1717,,,,
1713,0,717189.06,262333.75,230657.94,204,1712,,,,
1714,0,717312.4,270391.72,229179.4,164,1724,,,,
1715,0,717614.25,259033.89,228481.78,205,1708,,,,
1716,0,717302.9,261824.06,230291.36,215,1720,,,,
1717,0,717310.94,261916.03,230421.7,236,1716,,,,
1718,0,717220.94,257122.52,214086.17,210,1730,,,,
1719,0,717419.1,260961.47,229767.98,151,1721,,,,
1720,0,717342.4,261675.22,230165.67,193,1726,,,,
1721,0,717409.5,260828.9,229683.69,166,1728,,,,
1722,0,717462.75,261106.23,229834.44,167,1719,,,,
1723,0,717458.44,261230.86,229952.53,170,1722,,,,
1724,0,717426.8,270458.03,229223.67,144,1731,,,,
1725,0,717907.5,257854.95,207091.27,368,1706,,,,
1726,0,717333.25,261497.7,230118.84,198,1727,,,,
1727,0,717395.5,261398.16,230014.52,171,1723,,,,
1728,0,717385.7,260630.66,229600.22,160,1733,,,,
1729,0,717683.8,259103.8,228582.02,208,1715,,,,
1730,0,717290.56,257110.2,213948.92,165,1734,,,,
1731,0,717541.0,270602.5,229352.48,130,1732,,,,
1732,0,717586.7,270807.62,229401.39,138,1736,,,,
1733,0,717396.3,260464.92,229461.88,171,1743,,,,
1734,0,717361.56,257124.38,213753.81,157,1739,,,,
1735,0,717715.1,259194.7,228649.84,217,1729,,,,
1736,0,717665.2,270896.9,229445.9,138,1741,,,,
1737,0,718107.44,257929.98,207164.6,394,1725,,,,
1738,0,717775.9,259326.62,228727.89,254,1735,,,,
1739,0,717531.44,257188.94,213550.03,169,1744,,,,
1740,0,717841.8,259509.38,228729.08,281,1738,,,,
1741,0,717717.25,271021.6,229486.2,155,1745,,,,
1742,0,717930.06,259519.25,228850.39,287,1740,,,,
1743,0,717481.3,260304.73,229373.64,173,1748,,,,
1744,0,717595.4,257218.92,213388.47,186,1750,,,,
1745,0,717808.7,271143.8,229538.84,182,1746,,,,
1746,0,717840.2,271306.03,229575.86,154,1751,,,,
1747,0,717930.1,259592.22,228945.69,274,1742,,,,
1748,0,717592.6,260169.75,229313.69,191,1754,,,,
1749,0,718329.4,258014.94,207189.81,401,1737,,,,
1750,0,717691.56,257218.64,213171.3,223,1756,,,,
1751,0,717929.25,271439.03,229587.75,144,1755,,,,
1752,0,717981.9,259732.08,229054.17,287,1747,,,,
1753,0,717904.3,259892.39,229144.33,281,1752,,,,
1754,0,717789.5,259974.94,229242.78,267,1753,,,,
1755,0,717985.7,271593.72,229660.02,168,1757,,,,
1756,0,717802.9,257231.0,212946.28,230,1760,,,,
1757,0,718062.9,271723.34,229696.52,204,1759,,,,
1758,0,718485.2,258025.16,207231.5,363,1749,,,,
1759,0,718185.9,271848.12,229718.94,217,1761,,,,
1760,0,717922.6,257237.03,212713.02,170,1762,,,,
1761,0,718287.0,272081.84,229646.42,183,1764,,,,
1762,0,718037.5,257277.02,212510.94,180,1765,,,,
1763,0,718756.75,258082.44,207203.86,317,1758,,,,
1764,0,718393.25,272224.22,229633.27,188,1767,,,,
1765,0,718197.0,257300.39,212229.38,205,1768,,,,
1766,0,719054.7,258110.27,207229.31,263,1763,,,,
1767,0,718536.8,272438.94,229686.34,188,1769,,,,
1768,0,718294.9,257265.36,211997.36,145,1771,,,,
1769,0,718673.9,272604.75,229730.72,186,1772,,,,
1770,0,719245.2,258131.28,207280.81,265,1766,,,,
1771,0,718467.1,257322.53,211710.7,195,1773,,,,
1772,0,718826.0,272761.03,229788.0,186,1774,,,,
1773,0,718597.44,257329.25,211450.75,209,1775,,,,
1774,0,718992.06,272974.16,229819.86,173,1778,,,,
1775,0,718771.06,257406.0,211199.95,239,1777,,,,
1776,0,719438.25,258154.36,207381.08,259,1770,,,,
1777,0,718883.7,257411.22,211010.11,221,1780,,,,
1778,0,719200.0,273130.53,229897.34,169,1781,,,,
1779,0,719574.9,258160.83,207428.23,238,1776,,,,
1780,0,719000.94,257442.7,210806.45,183,1782,,,,
1781,0,719352.8,273211.6,229973.12,169,1785,,,,
1782,0,719129.4,257487.86,210603.98,179,1784,,,,
1783,0,719712.1,258136.03,207539.0,231,1779,,,,
1784,0,719258.2,257505.19,210383.19,207,1787,,,,
1785,0,719548.9,273351.0,230024.78,144,1791,,,,
1786,0,719836.56,258102.67,207669.27,239,1783,,,,
1787,0,719357.94,257597.86,210162.98,200,1788,,,,
1788,0,719508.6,257646.92,209898.14,183,1790,,,,
1789,0,719931.6,258111.44,207790.77,260,1786,,,,
1790,0,719616.44,257722.16,209665.5,171,1792,,,,
1791,0,719725.6,273427.75,230048.3,130,1796,,,,
1792,0,719691.25,257791.17,209476.86,195,1793,,,,
1793,0,719723.75,257886.36,209319.77,166,1794,,,,
1794,0,719749.06,257950.4,209109.78,195,1797,,,,
1795,0,719968.94,258118.61,207951.72,257,1789,,,,
1796,0,719861.25,273551.16,230050.84,141,1802,,,,
1797,0,719770.1,257980.92,208894.86,204,1801,,,,
1798,0,719899.25,258069.47,208483.94,229,1800,,,,
1799,0,719926.56,258091.45,208169.0,270,1795,,,,
1800,0,719977.8,258107.11,208292.83,275,1799,,,,
1801,0,719815.06,258040.48,208696.7,218,1798,,,,
1802,0,720010.9,273641.53,230029.27,160,1803,,,,
1803,0,720189.44,273752.72,230014.03,156,1804,,,,
1804,0,720305.7,273869.7,229959.22,131,1805,,,,
1805,0,720416.44,273941.56,229824.52,155,1806,,,,
1806,0,720538.0,274112.25,229782.12,170,1807,,,,
1807,0,720619.8,274264.0,229818.16,177,1808,,,,
1808,0,720753.56,274391.72,229837.45,184,1809,,,,
1809,0,720867.2,274478.38,229907.39,179,1810,,,,
1810,0,720981.75,274575.56,230019.58,183,1811,,,,
1811,0,721067.25,274699.38,230128.66,172,1812,,,,
1812,0,721121.3,274818.34,230275.83,145,1813,,,,
1813,0,721220.56,274921.47,230440.31,173,1814,,,,
1814,0,721301.6,275013.9,230538.97,139,1815,,,,
1815,0,721410.1,275112.5,230742.14,167,1816,,,,
1816,0,721435.2,275225.94,230918.06,202,1817,,,,
1817,0,721504.0,275313.53,231047.98,224,1818,,,,
1818,0,721604.75,275342.16,231144.52,265,1819,,,,
1819,0,721667.56,275491.72,231283.97,269,1820,,,,
1820,0,721797.4,275576.6,231350.97,260,1821,,,,
1821,0,721881.3,275571.9,231439.25,217,1822,,,,
1822,0,721957.25,275629.38,231514.69,219,1823,,,,
1823,0,722127.6,275739.44,231586.61,213,1824,,,,
1824,0,722257.8,275865.38,231668.0,187,1825,,,,
1825,0,722441.9,275982.78,231819.3,170,1826,,,,
1826,0,722586.3,276105.1,231910.02,168,1827,,,,
1827,0,722645.8,276174.4,232044.98,181,1828,,,,
1828,0,722726.6,276235.06,232163.02,171,1829,,,,
1829,0,722829.8,276374.88,232247.61,184,1830,,,,
1830,0,722925.06,276455.12,232328.44,169,1831,,,,
1831,0,723028.94,276513.16,232453.75,164,1832,,,,
1832,0,723159.25,276602.97,232593.66,171,1833,,,,
1833,0,723328.94,276667.8,232759.02,168,1834,,,,
1834,0,723452.7,276707.2,232837.78,154,1835,,,,
1835,0,723583.9,276783.6,232993.0,151,1836,,,,
1836,0,723703.0,276863.9,233109.84,123,1837,,,,
1837,0,723827.6,276931.2,233210.06,116,1838,,,,
1838,0,723957.5,277015.6,233242.12,144,1839,,,,
1839,0,724107.25,277086.56,233349.81,146,1840,,,,
1840,0,724295.75,277176.62,233464.86,183,1841,,,,
1841,0,724389.75,277217.0,233596.92,151,1842,,,,
1842,0,724414.5,277256.53,233623.64,187,1843,,,,
1843,0,724599.25,277394.3,233650.86,172,1844,,,,
1844,0,724612.2,277484.3,233695.62,144,1845,,,,
1845,0,724717.44,277531.9,233816.94,173,1846,,,,
1846,0,724879.7,277603.34,233901.4,131,1849,,,,
1847,0,724915.4,275774.47,242514.39,1077,1,,,,
1848,0,724918.2,275962.06,242468.73,900,1847,,,,
1849,0,724979.9,277685.1,234044.23,162,1851,,,,
1850,0,725067.9,277884.44,234282.52,154,1853,,,,
1851,0,725074.9,277794.03,234164.6,184,1850,,,,
1852,0,725138.4,276051.16,242535.77,805,1848,,,,
1853,0,725140.94,277908.66,234506.47,151,1854,,,,
1854,0,725194.8,277989.2,234585.81,144,1856,,,,
1855,0,725238.7,276145.7,242527.86,651,1852,,,,
1856,0,725246.56,277973.3,234754.05,168,1857,,,,
1857,0,725365.7,278065.84,234925.62,171,1858,,,,
1858,0,725443.6,278088.44,235087.3,170,1860,,,,
1859,0,725448.4,276188.06,242518.39,552,1855,,,,
1860,0,725535.94,278094.78,235302.6,187,1862,,,,
1861,0,725604.5,276241.9,242463.08,458,1859,,,,
1862,0,725605.75,278086.16,235423.19,171,1863,,,,
1863,0,725685.4,278148.9,235551.95,185,1865,,,,
1864,0,725756.44,276309.97,242410.7,365,1861,,,,
1865,0,725817.75,278184.12,235695.1,214,1866,,,,
1866,0,725826.4,278206.25,235805.88,199,1868,,,,
1867,0,725926.1,276375.03,242316.19,219,1864,,,,
1868,0,725954.94,278302.25,235937.11,173,1869,,,,
1869,0,726015.25,278341.66,236076.3,201,1872,,,,
1870,0,726042.1,276462.2,242163.19,198,1867,,,,
1871,0,726169.3,276593.28,241975.33,198,1870,,,,
1872,0,726188.9,278359.7,236249.7,179,1874,,,,
1873,0,726207.75,276715.8,241846.06,166,1871,,,,
1874,0,726298.25,278407.72,236396.12,178,1879,,,,
1875,0,726310.4,276865.22,241743.7,218,1873,,,,
1876,0,726343.56,277017.2,241680.05,295,1875,,,,
1877,0,726350.0,277166.84,241640.84,358,1876,,,,
1878,0,726398.7,277324.7,241585.23,337,1877,,,,
1879,0,726457.9,278497.28,236565.69,152,1880,0.3627675392232525,0.5521976936155077,0.5521976936155077,0.3627675392232525
1880,0,726544.1,278556.44,236710.7,176,1882,,,,
1881,0,726633.1,277412.75,241547.67,270,1878,,,,
1882,0,726690.2,278619.28,236844.3,118,1884,,,,
1883,0,726711.75,277530.5,241552.83,243,1881,,,,
1884,0,726733.56,278583.84,236932.81,138,1885,,,,
1885,0,726745.75,278602.47,237169.72,154,1887,,,,
1886,0,726759.2,278482.78,237489.69,144,1889,,,,
1887,0,726761.94,278597.22,237289.61,146,1886,,,,
1888,0,726771.2,277525.2,241399.5,244,1883,,,,
1889,0,726832.1,278554.2,237570.62,205,1891,,,,
1890,0,726836.75,277598.47,241371.23,267,1888,,,,
1891,0,726940.25,278522.78,237774.95,189,1894,,,,
1892,0,726963.44,277714.78,241362.55,240,1890,,,,
1893,0,727017.7,277827.6,241269.28,209,1892,,,,
1894,0,727076.8,278612.88,237977.77,160,1896,,,,
1895,0,727106.8,277954.66,241215.89,224,1893,,,,
1896,0,727129.8,278664.7,238131.81,157,1897,,,,
1897,0,727191.5,278603.4,238277.47,157,1898,,,,
1898,0,727243.94,278670.9,238482.97,152,1900,,,,
1899,0,727281.56,278076.16,241118.62,229,1895,,,,
1900,0,727293.94,278736.03,238635.31,116,1906,,,,
1901,0,727316.6,278315.22,240677.38,196,1905,,,,
1902,0,727326.7,278342.5,240533.16,253,1901,,,,
1903,0,727335.8,278152.28,240971.47,207,1899,,,,
1904,0,727349.94,278715.6,239212.22,147,1910,,,,
1905,0,727356.75,278229.28,240827.12,173,1903,,,,
1906,0,727357.2,278747.53,238735.66,129,1907,,,,
1907,0,727368.25,278769.94,238887.0,149,1909,,,,
1908,0,727392.06,278399.66,240389.4,251,1902,,,,
1909,0,727392.94,278710.44,239056.27,167,1904,,,,
1910,0,727417.4,278666.34,239365.44,174,1912,,,,
1911,0,727440.7,278438.03,240207.3,278,1908,,,,
1912,0,727450.0,278633.75,239509.53,213,1913,,,,
1913,0,727462.75,278645.8,239716.75,251,1914,,,,
1914,0,727469.4,278613.88,239932.45,247,1915,,,,
1915,0,727503.25,278551.75,240037.05,247,1911,,,,
